#VRML V2.0 utf8
# 3D model generated by easyeda2kicad.py (https://github.com/uPesy/easyeda2kicad.py)

Shape{
    appearance Appearance {
        material  Material 	{
            diffuseColor 0.7529411764705882 0.7529411764705882 0.7529411764705882
            specularColor 0.3764705882352941 0.3764705882352941 0.3764705882352941
            ambientIntensity 0.7529
            transparency 0.0
            shininess 0.5
        }
    }
    geometry IndexedFaceSet {
        ccw TRUE
        solid FALSE
        coord DEF co Coordinate {
            point [
                -0.0066 -0.5079 0.1348, -0.0066 -0.5079 0.1243, 0.0191 -0.5079 0.1243, -0.0066 -0.5079 0.1772, -0.0066 -0.5079 0.1694, 0.0191 -0.5079 0.1694, 0.0293 -0.5079 0.2041, 0.0313 -0.5079 0.2043, 0.0207 -0.5079 0.2043, 0.0362 -0.5079 0.1773, 0.0344 -0.5079 0.1772, 0.0433 -0.5079 0.1772, 0.0483 -0.5079 0.201, 0.0483 -0.5079 0.1925, 0.0555 -0.5079 0.1925, 0.0499 -0.5079 0.135, 0.0488 -0.5079 0.1348, 0.0555 -0.5079 0.1348, 0.0441 -0.5079 0.1349, 0.0433 -0.5079 0.1352, 0.0433 -0.5079 0.1348, 0.0817 -0.5079 0.1471, 0.0817 -0.5079 0.1381, 0.0867 -0.5079 0.1381, -0.1385 -0.5079 0.1674, -0.1381 -0.5079 0.1694, -0.1874 -0.5079 0.1694, -0.0297 -0.5079 0.1833, -0.0246 -0.5079 0.1789, -0.0066 -0.5079 0.2043, -0.0509 -0.5079 0.2043, -0.0466 -0.5079 0.2014, -0.0456 -0.5079 0.2005, -0.0396 -0.5079 0.1931, -0.0363 -0.5079 0.1864, -0.0354 -0.5079 0.1861, -0.0646 -0.5079 0.2104, -0.055 -0.5079 0.2071, -0.0066 -0.5079 0.2598, -0.0905 -0.5079 0.2067, -0.0818 -0.5079 0.2101, -0.1874 -0.5079 0.2598, -0.0724 -0.5079 0.2113, -0.1297 -0.5079 0.1868, -0.1283 -0.5079 0.1881, -0.1874 -0.5079 0.2043, -0.0944 -0.5079 0.2043, -0.0951 -0.5079 0.2039, -0.1219 -0.5079 0.1925, -0.1149 -0.5079 0.1951, -0.1079 -0.5079 0.1959, -0.0996 -0.5079 0.2, -0.1057 -0.5079 0.1958, -0.1035 -0.5079 0.1955, -0.1874 -0.5079 0.1772, -0.1371 -0.5079 0.1745, -0.1359 -0.5079 0.1772, -0.134 -0.5079 0.1813, -0.1154 -0.5079 0.1353, -0.1184 -0.5079 0.1363, -0.1874 -0.5079 0.1348, -0.1252 -0.5079 0.1397, -0.1306 -0.5079 0.1445, -0.1352 -0.5079 0.1511, -0.1378 -0.5079 0.1582, -0.1386 -0.5079 0.1651, -0.107 -0.5079 0.125, -0.1107 -0.5079 0.1278, -0.1874 -0.5079 0.1243, -0.1135 -0.5079 0.1313, -0.1152 -0.5079 0.1348, -0.1874 -0.5079 0.1024, -0.1026 -0.5079 0.1232, -0.1053 -0.5079 0.1243, -0.0896 -0.5079 0.1243, -0.0928 -0.5079 0.123, -0.0066 -0.5079 0.1024, -0.0974 -0.5079 0.1224, -0.0982 -0.5079 0.1225, -0.0796 -0.5079 0.1348, -0.0797 -0.5079 0.1348, -0.0819 -0.5079 0.1305, -0.0848 -0.5079 0.1273, -0.0886 -0.5079 0.1246, -0.0184 -0.5079 0.1677, -0.0175 -0.5079 0.1615, -0.0554 -0.5079 0.146, -0.0541 -0.5079 0.1465, -0.0519 -0.5079 0.1574, -0.0246 -0.5079 0.1435, -0.0297 -0.5079 0.1391, -0.0832 -0.5079 0.1541, -0.0578 -0.5079 0.1674, -0.0865 -0.5079 0.1572, -0.0905 -0.5079 0.1593, -0.0566 -0.5079 0.1452, -0.0208 -0.5079 0.1487, -0.0294 -0.5079 0.163, -0.0303 -0.5079 0.1666, -0.0317 -0.5079 0.1694, -0.1262 -0.5079 0.1694, -0.0184 -0.5079 0.1548, -0.0526 -0.5079 0.1467, -0.0525 -0.5079 0.1467, -0.0519 -0.5079 0.1466, -0.1251 -0.5079 0.158, -0.1228 -0.5079 0.1541, -0.1132 -0.5079 0.1522, -0.1194 -0.5079 0.1506, -0.1153 -0.5079 0.1481, -0.1061 -0.5079 0.1584, -0.11 -0.5079 0.1557, -0.1266 -0.5079 0.1655, -0.1264 -0.5079 0.1626, -0.1019 -0.5079 0.16, -0.0974 -0.5079 0.1606, -0.0951 -0.5079 0.1604, -0.0585 -0.5079 0.1409, -0.0585 -0.5079 0.1416, -0.0784 -0.5079 0.1433, -0.0581 -0.5079 0.143, -0.0574 -0.5079 0.1443, -0.0331 -0.5079 0.1513, -0.0311 -0.5079 0.1543, -0.0298 -0.5079 0.1577, -0.0293 -0.5079 0.1613, -0.0541 -0.5079 0.1351, -0.0553 -0.5079 0.1356, -0.0566 -0.5079 0.1365, -0.057 -0.5079 0.137, -0.0578 -0.5079 0.1382, -0.0583 -0.5079 0.1394, -0.0785 -0.5079 0.1395, -0.0784 -0.5079 0.1414, -0.0355 -0.5079 0.1363, -0.0418 -0.5079 0.135, -0.053 -0.5079 0.135, -0.0515 -0.5079 0.1465, -0.043 -0.5079 0.1465, -0.0396 -0.5079 0.1472, -0.0362 -0.5079 0.1487, -0.0334 -0.5079 0.151, -0.0456 -0.5079 0.1761, -0.1245 -0.5079 0.1743, -0.1261 -0.5079 0.1701, -0.0441 -0.5079 0.1761, -0.032 -0.5079 0.1699, -0.0342 -0.5079 0.1724, -0.0372 -0.5079 0.1744, -0.0405 -0.5079 0.1757, -0.054 -0.5079 0.1926, -0.0545 -0.5079 0.1931, -0.0976 -0.5079 0.1817, -0.0497 -0.5079 0.1875, -0.1225 -0.5079 0.1772, -0.099 -0.5079 0.1824, -0.0458 -0.5079 0.1772, -0.0468 -0.5079 0.1814, -0.1032 -0.5079 0.184, -0.1077 -0.5079 0.1845, -0.1096 -0.5079 0.1844, -0.0598 -0.5079 0.1968, -0.0658 -0.5079 0.1991, -0.0947 -0.5079 0.1876, -0.0905 -0.5079 0.1927, -0.0853 -0.5079 0.1965, -0.0722 -0.5079 0.1999, -0.0791 -0.5079 0.199, -0.1143 -0.5079 0.1833, -0.1185 -0.5079 0.1811, -0.1218 -0.5079 0.1781, -0.0233 -0.5079 0.1772, -0.0207 -0.5079 0.1735, -0.019 -0.5079 0.1694, 0.0926 -0.5079 0.1381, 0.0926 -0.5079 0.1351, 0.0951 -0.5079 0.1348, 0.0867 -0.5079 0.1348, 0.0951 -0.5079 0.1694, 0.092 -0.5079 0.1618, 0.092 -0.5079 0.1587, 0.0912 -0.5079 0.1501, 0.0912 -0.5079 0.1471, 0.0867 -0.5079 0.1471, 0.0867 -0.5079 0.1587, 0.0867 -0.5079 0.1501, 0.0817 -0.5079 0.1587, 0.0817 -0.5079 0.1501, 0.0867 -0.5079 0.1351, 0.0782 -0.5079 0.1351, 0.0764 -0.5079 0.1348, 0.0782 -0.5079 0.1618, 0.0231 -0.5079 0.144, 0.0237 -0.5079 0.1495, 0.0224 -0.5079 0.1429, 0.022 -0.5079 0.1417, 0.0311 -0.5079 0.1517, 0.03 -0.5079 0.1518, 0.0282 -0.5079 0.1464, 0.0417 -0.5079 0.1392, 0.0372 -0.5079 0.1473, 0.0417 -0.5079 0.1357, 0.0372 -0.5079 0.1351, 0.0321 -0.5079 0.136, 0.031 -0.5079 0.1353, 0.0339 -0.5079 0.1351, 0.0298 -0.5079 0.1348, 0.0241 -0.5079 0.1449, 0.0254 -0.5079 0.1457, 0.0261 -0.5079 0.151, 0.0281 -0.5079 0.1517, 0.0207 -0.5079 0.1243, 0.026 -0.5079 0.1348, 0.0207 -0.5079 0.1348, 0.0259 -0.5079 0.1348, 0.0246 -0.5079 0.1353, 0.0269 -0.5079 0.1541, 0.0207 -0.5079 0.1694, 0.0244 -0.5079 0.1532, 0.0237 -0.5079 0.1528, 0.0235 -0.5079 0.1361, 0.0232 -0.5079 0.1364, 0.0225 -0.5079 0.1374, 0.0432 -0.5079 0.1383, 0.0433 -0.5079 0.1383, 0.0433 -0.5079 0.1454, 0.0339 -0.5079 0.138, 0.0338 -0.5079 0.138, 0.0332 -0.5079 0.1371, 0.0221 -0.5079 0.1385, 0.0219 -0.5079 0.1402, 0.0419 -0.5079 0.1477, 0.0369 -0.5079 0.1501, 0.0417 -0.5079 0.149, 0.0339 -0.5079 0.1472, 0.0337 -0.5079 0.1486, 0.0334 -0.5079 0.1498, 0.033 -0.5079 0.1505, 0.0303 -0.5079 0.1546, 0.0326 -0.5079 0.1543, 0.034 -0.5079 0.1538, 0.0432 -0.5079 0.1454, 0.0427 -0.5079 0.146, 0.0423 -0.5079 0.1467, 0.0325 -0.5079 0.1511, 0.0319 -0.5079 0.1515, 0.0419 -0.5079 0.1502, 0.0423 -0.5079 0.1512, 0.0363 -0.5079 0.1516, 0.0429 -0.5079 0.1522, 0.0356 -0.5079 0.1526, 0.035 -0.5079 0.1532, 0.0447 -0.5079 0.1348, 0.0433 -0.5079 0.1243, 0.0469 -0.5079 0.1346, 0.0537 -0.5079 0.1537, 0.0537 -0.5079 0.1505, 0.0433 -0.5079 0.1525, 0.0433 -0.5079 0.1694, 0.0439 -0.5079 0.153, 0.0447 -0.5079 0.1536, 0.0544 -0.5079 0.1389, 0.054 -0.5079 0.1378, 0.0534 -0.5079 0.137, 0.0465 -0.5079 0.1542, 0.0492 -0.5079 0.1546, 0.0555 -0.5079 0.1694, 0.0515 -0.5079 0.1544, 0.0535 -0.5079 0.1434, 0.0541 -0.5079 0.1425, 0.0545 -0.5079 0.1415, 0.0546 -0.5079 0.1402, 0.0525 -0.5079 0.1361, 0.0517 -0.5079 0.1356, 0.0488 -0.5079 0.1518, 0.0479 -0.5079 0.1518, 0.0452 -0.5079 0.1493, 0.047 -0.5079 0.1515, 0.0462 -0.5079 0.1511, 0.0452 -0.5079 0.1488, 0.0454 -0.5079 0.1483, 0.0456 -0.5079 0.1479, 0.0459 -0.5079 0.1475, 0.0471 -0.5079 0.1468, 0.0512 -0.5079 0.1516, 0.0492 -0.5079 0.1459, 0.0531 -0.5079 0.1508, 0.0505 -0.5079 0.1453, 0.0527 -0.5079 0.1441, 0.0457 -0.5079 0.1507, 0.0454 -0.5079 0.1503, 0.0453 -0.5079 0.1498, 0.0453 -0.5079 0.1375, 0.0468 -0.5079 0.1434, 0.0448 -0.5079 0.1444, 0.0472 -0.5079 0.1373, 0.0474 -0.5079 0.1373, 0.049 -0.5079 0.1425, 0.0491 -0.5079 0.1375, 0.0512 -0.5079 0.1399, 0.0511 -0.5079 0.1403, 0.05 -0.5079 0.1379, 0.0503 -0.5079 0.138, 0.0506 -0.5079 0.1384, 0.0509 -0.5079 0.1388, 0.0511 -0.5079 0.1393, 0.051 -0.5079 0.1409, 0.0507 -0.5079 0.1413, 0.0503 -0.5079 0.1417, 0.1049 -0.5079 0.1847, 0.0951 -0.5079 0.1847, 0.1076 -0.5079 0.1774, 0.0951 -0.5079 0.1772, 0.1114 -0.5079 0.1774, 0.2362 -0.5079 0.1772, 0.2362 -0.5079 0.2043, 0.1013 -0.5079 0.2041, 0.0951 -0.5079 0.2043, 0.0938 -0.5079 0.1847, 0.0912 -0.5079 0.1774, 0.0867 -0.5079 0.1772, 0.0874 -0.5079 0.1774, 0.0867 -0.5079 0.2043, 0.0951 -0.5079 0.1976, 0.0976 -0.5079 0.2041, 0.0764 -0.5079 0.1772, 0.0761 -0.5079 0.178, 0.0716 -0.5079 0.1774, 0.0718 -0.5079 0.2041, 0.0764 -0.5079 0.2043, 0.0617 -0.5079 0.2043, 0.0617 -0.5079 0.1772, 0.0642 -0.5079 0.1774, 0.0642 -0.5079 0.2041, 0.0852 -0.5079 0.1863, 0.0839 -0.5079 0.1835, 0.0829 -0.5079 0.1996, 0.0845 -0.5079 0.1973, 0.0819 -0.5079 0.1811, 0.0791 -0.5079 0.1792, 0.0764 -0.5079 0.1781, 0.0819 -0.5079 0.2006, 0.0759 -0.5079 0.2036, 0.0764 -0.5079 0.2034, 0.0791 -0.5079 0.2025, 0.0855 -0.5079 0.1948, 0.0859 -0.5079 0.1911, 0.0859 -0.5079 0.1894, 0.0555 -0.5079 0.2043, 0.0586 -0.5079 0.2041, 0.0555 -0.5079 0.2041, 0.0586 -0.5079 0.201, 0.0592 -0.5079 0.1804, 0.0592 -0.5079 0.1774, 0.0555 -0.5079 0.1772, 0.0483 -0.5079 0.1804, 0.0555 -0.5079 0.1804, 0.0483 -0.5079 0.1894, 0.0555 -0.5079 0.1894, 0.0578 -0.5079 0.1894, 0.0578 -0.5079 0.1925, 0.0555 -0.5079 0.201, 0.0448 -0.5079 0.2041, 0.0433 -0.5079 0.2043, 0.0448 -0.5079 0.1774, 0.0395 -0.5079 0.2035, 0.0367 -0.5079 0.2043, 0.036 -0.5079 0.2043, 0.0555 -0.5079 0.1774, 0.0395 -0.5079 0.1998, 0.039 -0.5079 0.1783, 0.0326 -0.5079 0.18, 0.0338 -0.5079 0.1801, 0.0392 -0.5079 0.2, 0.0369 -0.5079 0.1806, 0.0395 -0.5079 0.1818, 0.0395 -0.5079 0.1785, 0.0237 -0.5079 0.1864, 0.0232 -0.5079 0.189, 0.0365 -0.5079 0.201, 0.0246 -0.5079 0.1844, 0.0257 -0.5079 0.1828, 0.0263 -0.5079 0.1823, 0.028 -0.5079 0.1811, 0.0299 -0.5079 0.1803, 0.0259 -0.5079 0.1985, 0.0245 -0.5079 0.1964, 0.0277 -0.5079 0.2, 0.0298 -0.5079 0.2009, 0.0332 -0.5079 0.2014, 0.0321 -0.5079 0.2014, 0.0231 -0.5079 0.1904, 0.0236 -0.5079 0.1941, 0.0332 -0.5079 0.2045, 0.0207 -0.5079 0.2598, 0.0433 -0.5079 0.2598, 0.0332 -0.5079 0.2045, 0.0214 -0.5079 0.1981, 0.0233 -0.5079 0.2006, 0.024 -0.5079 0.2012, 0.0265 -0.5079 0.203, 0.0191 -0.5079 0.2043, 0.0201 -0.5079 0.1951, 0.0207 -0.5079 0.1964, 0.0207 -0.5079 0.1842, 0.02 -0.5079 0.1859, 0.0191 -0.5079 0.1772, 0.0195 -0.5079 0.1902, 0.0195 -0.5079 0.1916, 0.0251 -0.5079 0.1788, 0.0229 -0.5079 0.1806, 0.0207 -0.5079 0.1772, 0.0211 -0.5079 0.1831, 0.0321 -0.5079 0.177, 0.0305 -0.5079 0.177, 0.0298 -0.5079 0.1772, 0.0276 -0.5079 0.1776, 0.0297 -0.5079 0.1348, 0.0279 -0.5079 0.1346, 0.0712 -0.5079 0.1541, 0.0746 -0.5079 0.1541, 0.0764 -0.5079 0.1694, 0.0867 -0.5079 0.1618, 0.0867 -0.5079 0.1694, 0.067 -0.5079 0.1348, 0.0651 -0.5079 0.1398, 0.0655 -0.5079 0.1382, 0.0656 -0.5079 0.1382, 0.0617 -0.5079 0.1694, 0.0617 -0.5079 0.1495, 0.066 -0.5079 0.1398, 0.0657 -0.5079 0.1389, 0.0617 -0.5079 0.1348, 0.0617 -0.5079 0.1405, 0.0563 -0.5079 0.1541, 0.0601 -0.5079 0.1541, 0.0638 -0.5079 0.1351, 0.0637 -0.5079 0.1348, 0.0624 -0.5079 0.1316, 0.0555 -0.5079 0.1243, 0.057 -0.5079 0.1264, 0.057 -0.5079 0.1293, 0.0611 -0.5079 0.1297, 0.0617 -0.5079 0.1304, 0.0617 -0.5079 0.1304, 0.0577 -0.5079 0.1291, 0.0589 -0.5079 0.1289, 0.0617 -0.5079 0.1267, 0.0605 -0.5079 0.1262, 0.0617 -0.5079 0.1243, 0.0592 -0.5079 0.1261, 0.0584 -0.5079 0.1261, 0.0598 -0.5079 0.1291, 0.0605 -0.5079 0.1294, 0.066 -0.5079 0.1322, 0.0645 -0.5079 0.1292, 0.0764 -0.5079 0.1243, 0.0633 -0.5079 0.1278, 0.063 -0.5079 0.1276, 0.0619 -0.5079 0.1267, -0.2362 -0.5079 0.1024, -0.2362 -0.5079 0.1243, -0.2362 -0.5079 0.1348, -0.2362 -0.5079 0.1694, -0.2362 -0.5079 0.1772, -0.2362 -0.5079 0.2043, -0.2362 -0.5079 0.2598, 0.0078 -0.5079 0.2041, 0.0078 -0.5079 0.1804, 0.0184 -0.5079 0.1804, 0.0184 -0.5079 0.1774, 0.0043 -0.5079 0.1774, 0.0043 -0.5079 0.2041, 0.0181 -0.5079 0.1587, 0.0191 -0.5079 0.1348, 0.0187 -0.5079 0.1381, 0.0187 -0.5079 0.1351, 0.0043 -0.5079 0.1351, 0.0078 -0.5079 0.1471, 0.0078 -0.5079 0.1381, 0.0173 -0.5079 0.1471, 0.0173 -0.5079 0.1501, 0.0078 -0.5079 0.1501, 0.0078 -0.5079 0.1587, 0.0043 -0.5079 0.1618, 0.0181 -0.5079 0.1618, 0.0191 -0.5079 0.2598, 0.0555 -0.5079 0.2598, 0.0617 -0.5079 0.2598, 0.0764 -0.5079 0.2598, 0.0867 -0.5079 0.2598, 0.0951 -0.5079 0.2598, 0.2362 -0.5079 0.2598, 0.0976 -0.5079 0.1351, 0.0976 -0.5079 0.1618, 0.105 -0.5079 0.1351, 0.1411 -0.5079 0.1351, 0.1449 -0.5079 0.1351, 0.2362 -0.5079 0.1348, 0.1347 -0.5079 0.1618, 0.2362 -0.5079 0.1694, 0.1383 -0.5079 0.1424, 0.1272 -0.5079 0.1424, 0.1247 -0.5079 0.1351, 0.1208 -0.5079 0.1351, 0.131 -0.5079 0.1618, 0.1173 -0.5079 0.1412, 0.1153 -0.5079 0.1388, 0.1126 -0.5079 0.1368, 0.1095 -0.5079 0.1356, 0.1153 -0.5079 0.1582, 0.1163 -0.5079 0.1573, 0.1179 -0.5079 0.155, 0.1189 -0.5079 0.1524, 0.1053 -0.5079 0.1618, 0.1093 -0.5079 0.1613, 0.1125 -0.5079 0.1601, 0.1194 -0.5079 0.1487, 0.1193 -0.5079 0.1471, 0.1186 -0.5079 0.1439, 0.0867 -0.5079 0.1243, 0.0951 -0.5079 0.1243, 0.2362 -0.5079 0.1243, 0.0191 -0.5079 0.1024, 0.0207 -0.5079 0.1024, 0.0433 -0.5079 0.1024, 0.0555 -0.5079 0.1024, 0.0617 -0.5079 0.1024, 0.0764 -0.5079 0.1024, 0.0867 -0.5079 0.1024, 0.0951 -0.5079 0.1024, 0.2362 -0.5079 0.1024
            ]
        }
        coordIndex [
            0,1,2,-1,3,4,5,-1,6,7,8,-1,9,10,11,-1,12,13,14,-1,15,16,17,-1,18,19,20,-1,21,22,23,-1,24,25,26,-1,27,28,29,-1,29,28,3,-1,30,31,29,-1,29,31,32,-1,29,32,33,-1,33,34,29,-1,29,34,35,-1,29,35,27,-1,36,37,38,-1,39,40,41,-1,41,40,38,-1,38,40,42,-1,38,42,36,-1,43,44,45,-1,39,41,46,-1,46,41,45,-1,46,45,47,-1,44,48,45,-1,45,48,49,-1,45,49,47,-1,47,49,50,-1,47,50,51,-1,51,50,52,-1,51,52,53,-1,26,25,54,-1,25,55,54,-1,54,55,56,-1,54,56,45,-1,45,56,57,-1,45,57,43,-1,58,59,60,-1,60,59,61,-1,60,61,62,-1,62,63,60,-1,60,63,64,-1,60,64,26,-1,26,64,65,-1,26,65,24,-1,66,67,68,-1,68,67,69,-1,68,69,60,-1,60,69,70,-1,60,70,58,-1,71,72,68,-1,68,72,73,-1,68,73,66,-1,74,75,76,-1,76,75,77,-1,76,77,71,-1,71,77,78,-1,71,78,72,-1,0,79,1,-1,1,79,80,-1,1,80,81,-1,81,82,1,-1,1,82,83,-1,1,83,74,-1,84,85,4,-1,86,87,88,-1,89,90,0,-1,91,92,93,-1,93,92,94,-1,86,88,95,-1,89,0,96,-1,97,98,92,-1,92,98,99,-1,92,99,100,-1,4,85,0,-1,0,85,101,-1,0,101,96,-1,87,102,88,-1,88,102,103,-1,88,103,104,-1,105,106,107,-1,107,106,108,-1,107,108,109,-1,110,100,111,-1,111,100,112,-1,111,112,107,-1,107,112,113,-1,107,113,105,-1,110,114,100,-1,100,114,115,-1,100,115,92,-1,92,115,116,-1,92,116,94,-1,117,118,119,-1,119,118,120,-1,119,120,88,-1,88,120,121,-1,88,121,95,-1,122,123,88,-1,88,123,124,-1,88,124,92,-1,92,124,125,-1,92,125,97,-1,126,127,79,-1,79,127,128,-1,79,128,129,-1,129,130,79,-1,79,130,131,-1,79,131,132,-1,132,131,117,-1,132,117,133,-1,133,117,119,-1,90,134,0,-1,0,134,135,-1,0,135,79,-1,79,135,136,-1,79,136,126,-1,104,137,88,-1,88,137,138,-1,88,138,139,-1,139,140,88,-1,88,140,141,-1,88,141,122,-1,142,143,144,-1,144,100,142,-1,142,100,99,-1,142,99,145,-1,145,99,146,-1,146,147,145,-1,145,147,148,-1,145,148,149,-1,150,151,152,-1,150,152,153,-1,154,152,155,-1,143,142,154,-1,154,142,156,-1,154,156,152,-1,152,156,157,-1,152,157,153,-1,155,158,154,-1,154,158,159,-1,154,159,160,-1,151,161,152,-1,152,161,162,-1,152,162,163,-1,163,162,164,-1,164,162,165,-1,165,162,166,-1,165,166,167,-1,168,169,160,-1,160,169,170,-1,160,170,154,-1,28,171,3,-1,3,171,172,-1,3,172,4,-1,4,172,173,-1,4,173,84,-1,174,175,176,-1,176,175,177,-1,178,179,180,-1,181,182,174,-1,174,182,23,-1,23,182,183,-1,23,183,21,-1,180,184,185,-1,185,184,186,-1,185,186,187,-1,175,188,177,-1,177,188,189,-1,177,189,190,-1,190,189,191,-1,192,193,194,-1,194,193,195,-1,196,197,198,-1,199,200,201,-1,201,200,202,-1,201,202,19,-1,203,204,205,-1,205,204,206,-1,205,206,202,-1,192,207,193,-1,193,207,208,-1,193,208,209,-1,209,208,198,-1,209,198,210,-1,210,198,197,-1,211,212,213,-1,213,212,214,-1,213,214,215,-1,216,217,218,-1,218,217,219,-1,215,220,213,-1,213,220,221,-1,213,221,222,-1,223,224,225,-1,226,227,205,-1,205,227,228,-1,205,228,203,-1,222,229,213,-1,213,229,230,-1,213,230,217,-1,217,230,195,-1,217,195,219,-1,219,195,193,-1,200,231,232,-1,232,231,233,-1,234,235,198,-1,198,235,236,-1,198,236,237,-1,216,238,217,-1,217,238,239,-1,217,239,240,-1,223,225,199,-1,225,241,199,-1,199,241,242,-1,199,242,200,-1,200,242,243,-1,200,243,231,-1,237,244,198,-1,198,244,245,-1,198,245,196,-1,233,246,232,-1,232,246,247,-1,232,247,248,-1,248,247,249,-1,248,249,250,-1,250,249,251,-1,18,20,252,-1,252,20,253,-1,252,253,254,-1,255,256,17,-1,249,257,258,-1,258,257,259,-1,258,259,260,-1,261,262,17,-1,17,262,263,-1,260,264,258,-1,258,264,265,-1,258,265,266,-1,266,265,267,-1,266,267,255,-1,268,269,256,-1,256,269,270,-1,256,270,17,-1,17,270,271,-1,17,271,261,-1,263,272,17,-1,17,272,273,-1,17,273,15,-1,274,275,276,-1,276,275,277,-1,276,277,278,-1,276,279,274,-1,274,279,280,-1,274,280,281,-1,281,282,274,-1,274,282,283,-1,274,283,284,-1,284,283,285,-1,284,285,286,-1,286,285,287,-1,286,287,256,-1,256,287,288,-1,256,288,268,-1,289,290,278,-1,278,290,291,-1,278,291,276,-1,292,293,224,-1,224,293,294,-1,224,294,225,-1,292,295,293,-1,293,295,296,-1,293,296,297,-1,297,296,298,-1,297,299,300,-1,298,301,297,-1,297,301,302,-1,297,302,303,-1,303,304,297,-1,297,304,305,-1,297,305,299,-1,300,306,297,-1,297,306,307,-1,297,307,308,-1,309,310,311,-1,311,310,312,-1,311,312,313,-1,314,315,316,-1,316,315,317,-1,310,318,312,-1,312,318,319,-1,312,319,320,-1,320,319,321,-1,320,321,322,-1,322,321,323,-1,322,323,317,-1,317,323,324,-1,317,324,316,-1,325,326,327,-1,328,329,330,-1,325,327,331,-1,331,327,332,-1,331,332,330,-1,330,332,333,-1,330,333,328,-1,334,335,320,-1,336,337,322,-1,335,338,320,-1,320,338,339,-1,320,339,325,-1,325,339,340,-1,325,340,326,-1,336,322,341,-1,328,342,329,-1,329,342,343,-1,329,343,322,-1,322,343,344,-1,322,344,341,-1,337,345,322,-1,322,345,346,-1,322,346,320,-1,320,346,347,-1,320,347,334,-1,330,348,349,-1,349,348,350,-1,349,351,330,-1,330,351,352,-1,330,352,331,-1,331,352,353,-1,331,353,354,-1,355,356,357,-1,357,356,358,-1,358,356,359,-1,359,356,352,-1,359,352,360,-1,360,352,351,-1,360,351,14,-1,14,351,361,-1,14,361,12,-1,350,348,362,-1,362,348,363,-1,362,363,364,-1,365,363,366,-1,366,363,367,-1,353,368,354,-1,354,368,364,-1,354,364,11,-1,11,364,363,-1,11,363,369,-1,369,363,365,-1,9,11,370,-1,371,372,373,-1,373,372,374,-1,373,374,369,-1,369,374,375,-1,369,375,11,-1,11,375,376,-1,11,376,370,-1,377,373,378,-1,378,373,379,-1,377,380,373,-1,373,380,381,-1,373,381,382,-1,382,383,373,-1,373,383,384,-1,373,384,371,-1,385,386,387,-1,387,386,388,-1,379,389,378,-1,378,389,390,-1,378,390,391,-1,391,390,388,-1,391,388,392,-1,392,388,386,-1,7,393,394,-1,394,393,395,-1,395,393,396,-1,395,396,367,-1,8,397,398,-1,398,399,8,-1,8,399,400,-1,8,400,6,-1,401,402,8,-1,8,402,403,-1,8,403,397,-1,404,405,406,-1,406,405,407,-1,406,407,401,-1,401,407,408,-1,401,408,402,-1,409,410,411,-1,411,410,412,-1,413,414,217,-1,217,414,415,-1,217,415,411,-1,411,415,416,-1,411,416,409,-1,10,413,258,-1,258,413,217,-1,258,217,249,-1,249,217,240,-1,249,240,251,-1,19,202,20,-1,20,202,206,-1,20,206,253,-1,253,206,417,-1,253,417,211,-1,211,417,418,-1,211,418,212,-1,419,420,421,-1,179,178,422,-1,422,178,423,-1,422,423,191,-1,191,423,421,-1,191,421,190,-1,190,421,420,-1,190,420,424,-1,425,426,427,-1,421,428,419,-1,419,428,429,-1,419,429,430,-1,430,429,425,-1,430,425,431,-1,431,425,427,-1,432,433,17,-1,17,433,434,-1,255,17,266,-1,266,17,434,-1,266,434,428,-1,428,434,435,-1,428,435,429,-1,436,433,437,-1,437,433,432,-1,437,432,438,-1,439,440,441,-1,442,443,432,-1,432,443,444,-1,432,444,438,-1,254,253,16,-1,16,253,439,-1,16,439,17,-1,17,439,441,-1,17,441,432,-1,432,441,445,-1,432,445,446,-1,447,448,449,-1,449,448,450,-1,449,450,439,-1,439,450,451,-1,439,451,440,-1,446,452,432,-1,432,452,453,-1,432,453,442,-1,454,455,456,-1,454,456,424,-1,455,457,456,-1,456,457,458,-1,456,458,449,-1,449,458,459,-1,449,459,447,-1,460,71,461,-1,461,71,68,-1,461,68,462,-1,462,68,60,-1,462,60,463,-1,463,60,26,-1,463,26,464,-1,464,26,54,-1,464,54,465,-1,465,54,45,-1,465,45,466,-1,466,45,41,-1,467,401,29,-1,467,468,401,-1,401,468,469,-1,401,469,406,-1,406,469,470,-1,406,470,471,-1,5,406,3,-1,3,406,471,-1,3,471,29,-1,29,471,472,-1,29,472,467,-1,473,474,5,-1,473,475,474,-1,474,475,476,-1,474,476,477,-1,478,479,480,-1,480,479,475,-1,480,475,481,-1,481,475,473,-1,481,473,482,-1,482,473,483,-1,2,474,0,-1,0,474,477,-1,0,477,4,-1,4,477,484,-1,4,484,5,-1,5,484,485,-1,5,485,473,-1,7,394,8,-1,8,394,486,-1,8,486,401,-1,401,486,38,-1,401,38,29,-1,29,38,37,-1,29,37,30,-1,2,211,474,-1,474,211,213,-1,474,213,5,-1,5,213,217,-1,5,217,406,-1,406,217,411,-1,406,411,404,-1,404,411,412,-1,10,258,11,-1,11,258,266,-1,11,266,354,-1,354,266,428,-1,354,428,331,-1,331,428,421,-1,331,421,325,-1,325,421,423,-1,325,423,320,-1,320,423,178,-1,320,178,312,-1,367,363,395,-1,395,363,348,-1,395,348,487,-1,487,348,330,-1,487,330,488,-1,488,330,329,-1,488,329,489,-1,489,329,322,-1,489,322,490,-1,490,322,317,-1,490,317,491,-1,491,317,315,-1,491,315,492,-1,493,494,178,-1,185,181,180,-1,180,181,174,-1,180,174,178,-1,178,174,176,-1,178,176,493,-1,493,176,495,-1,496,176,497,-1,497,176,498,-1,497,498,499,-1,499,498,500,-1,501,502,496,-1,496,502,503,-1,496,503,176,-1,176,503,504,-1,176,504,495,-1,316,313,314,-1,314,313,312,-1,314,312,500,-1,500,312,178,-1,500,178,499,-1,499,178,505,-1,504,506,507,-1,507,508,504,-1,504,508,509,-1,504,509,495,-1,510,511,505,-1,505,511,512,-1,505,512,513,-1,494,514,178,-1,178,514,515,-1,178,515,505,-1,505,515,516,-1,505,516,510,-1,513,517,505,-1,505,517,518,-1,505,518,504,-1,504,518,519,-1,504,519,506,-1,424,456,190,-1,190,456,520,-1,190,520,177,-1,177,520,521,-1,177,521,176,-1,176,521,522,-1,176,522,498,-1,74,76,1,-1,1,76,523,-1,1,523,2,-1,2,523,524,-1,2,524,211,-1,211,524,525,-1,211,525,253,-1,253,525,526,-1,253,526,439,-1,439,526,527,-1,439,527,449,-1,449,527,528,-1,449,528,456,-1,456,528,529,-1,456,529,520,-1,520,529,530,-1,520,530,521,-1,521,530,531,-1,521,531,522,-1,
        ]
    }
}
Shape{
    appearance Appearance {
        material  Material 	{
            diffuseColor 1.0 1.0 0.0
            specularColor 0.5019607843137255 0.5019607843137255 0.0
            ambientIntensity 0.886
            transparency 0.0
            shininess 0.5
        }
    }
    geometry IndexedFaceSet {
        ccw TRUE
        solid FALSE
        coord DEF co Coordinate {
            point [
                -0.0984 -0.2795 0.0, -0.0984 -0.4961 0.0, -0.315 -0.2795 0.0, -0.315 -0.4961 0.0, -0.315 -0.4961 0.0039, -0.0984 -0.4961 0.0039, -0.0984 -0.2795 0.0039, -0.315 -0.2795 0.0039, 0.315 -0.2795 0.0, 0.315 -0.4961 0.0, 0.0984 -0.2795 0.0, 0.0984 -0.4961 0.0, 0.0984 -0.4961 0.0039, 0.2067 -0.4961 0.0039, 0.315 -0.4961 0.0039, 0.315 -0.2795 0.0039, 0.2067 -0.2795 0.0039, 0.0984 -0.2795 0.0039, -0.0984 0.1063 0.0, -0.0984 -0.1102 0.0, -0.315 0.1063 0.0, -0.315 -0.1102 0.0, -0.315 -0.1102 0.0039, -0.0984 -0.1102 0.0039, -0.0984 0.1063 0.0039, -0.315 0.1063 0.0039, 0.315 0.1063 0.0, 0.315 -0.1102 0.0, 0.0984 0.1063 0.0, 0.0984 -0.1102 0.0, 0.0984 -0.1102 0.0039, 0.2067 -0.1102 0.0039, 0.315 -0.1102 0.0039, 0.315 0.1063 0.0039, 0.2067 0.1063 0.0039, 0.0984 0.1063 0.0039
            ]
        }
        coordIndex [
            0,1,2,-1,2,1,3,-1,3,1,4,-1,4,1,5,-1,1,0,5,-1,5,0,6,-1,0,2,6,-1,6,2,7,-1,2,3,7,-1,7,3,4,-1,8,9,10,-1,10,9,11,-1,12,11,13,-1,13,11,9,-1,13,9,14,-1,9,8,14,-1,14,8,15,-1,15,8,16,-1,16,8,10,-1,16,10,17,-1,10,11,17,-1,17,11,12,-1,18,19,20,-1,20,19,21,-1,21,19,22,-1,22,19,23,-1,19,18,23,-1,23,18,24,-1,18,20,24,-1,24,20,25,-1,20,21,25,-1,25,21,22,-1,26,27,28,-1,28,27,29,-1,30,29,31,-1,31,29,27,-1,31,27,32,-1,27,26,32,-1,32,26,33,-1,33,26,34,-1,34,26,28,-1,34,28,35,-1,28,29,35,-1,35,29,30,-1,
        ]
    }
}
Shape{
    appearance Appearance {
        material  Material 	{
            diffuseColor 0.0 0.5019607843137255 0.0
            specularColor 0.0 0.25098039215686274 0.0
            ambientIntensity 0.2947
            transparency 0.0
            shininess 0.5
        }
    }
    geometry IndexedFaceSet {
        ccw TRUE
        solid FALSE
        coord DEF co Coordinate {
            point [
                0.315 -0.2795 0.0039, 0.3642 -0.1949 0.0039, 0.315 -0.4961 0.0039, 0.3642 -0.5187 0.0039, 0.2067 -0.4961 0.0039, 0.2067 -0.5187 0.0039, 0.0984 -0.4961 0.0039, 0.0 -0.5187 0.0039, 0.0984 -0.2795 0.0039, 0.0 -0.1949 0.0039, 0.2067 -0.2795 0.0039, 0.2067 -0.1949 0.0039, 0.315 0.1063 0.0039, 0.3642 0.1909 0.0039, 0.315 -0.1102 0.0039, 0.2067 -0.1102 0.0039, 0.0984 -0.1102 0.0039, 0.0984 0.1063 0.0039, 0.0 0.1909 0.0039, 0.2067 0.1063 0.0039, 0.2067 0.1909 0.0039, 0.315 0.2756 0.0039, 0.315 0.4134 0.0039, 0.3642 0.5413 0.0039, 0.2362 0.4921 0.0039, 0.2067 0.5413 0.0039, 0.2067 0.4921 0.0039, 0.0 0.5413 0.0039, 0.0984 0.4921 0.0039, 0.0984 0.2756 0.0039, 0.2067 0.2756 0.0039, 0.0 -0.5413 0.0039, 0.2067 -0.5413 0.0039, 0.3642 -0.5413 0.0039, -0.3396 -0.5187 0.0039, -0.315 -0.4961 0.0039, -0.0984 -0.4961 0.0039, -0.315 -0.2795 0.0039, -0.3396 -0.1949 0.0039, -0.0984 -0.2795 0.0039, -0.3396 -0.5413 0.0039, -0.0984 0.1063 0.0039, -0.0984 -0.1102 0.0039, -0.315 -0.1102 0.0039, -0.315 0.1063 0.0039, -0.3396 0.1909 0.0039, -0.3642 0.5413 0.0039, -0.3642 0.1909 0.0039, -0.3642 -0.1949 0.0039, -0.3642 -0.5187 0.0039, -0.3642 -0.5413 0.0039, -0.3396 0.5413 0.0039, -0.315 0.2756 0.0039, -0.0984 0.2756 0.0039, -0.0984 0.4921 0.0039, -0.315 0.4921 0.0039, 0.3642 -0.5413 0.1024, 0.3642 0.5413 0.1024, -0.3642 0.5413 0.1024, -0.3642 -0.5413 0.1024, -0.2581 -0.5054 0.1024, -0.2789 -0.4981 0.1024, -0.2976 -0.4864 0.1024, -0.3132 -0.4708 0.1024, -0.3249 -0.4522 0.1024, 0.3322 -0.4314 0.1024, 0.3249 -0.4522 0.1024, 0.2581 0.5054 0.1024, 0.2789 0.4981 0.1024, 0.2976 0.4864 0.1024, 0.3132 0.4708 0.1024, 0.3249 0.4522 0.1024, 0.3132 -0.4708 0.1024, 0.2976 -0.4864 0.1024, 0.2789 -0.4981 0.1024, -0.3322 0.4314 0.1024, -0.3249 0.4522 0.1024, 0.2581 -0.5054 0.1024, 0.2362 -0.5079 0.1024, -0.2362 -0.5079 0.1024, 0.3322 0.4314 0.1024, 0.3346 0.4094 0.1024, 0.3346 -0.4094 0.1024, -0.3322 -0.4314 0.1024, -0.3346 -0.4094 0.1024, -0.3346 0.4094 0.1024, -0.3132 0.4708 0.1024, -0.2976 0.4864 0.1024, -0.2789 0.4981 0.1024, -0.2581 0.5054 0.1024, -0.2362 0.5079 0.1024, 0.2362 0.5079 0.1024
            ]
        }
        coordIndex [
            0,1,2,-1,2,1,3,-1,2,3,4,-1,4,3,5,-1,4,5,6,-1,6,5,7,-1,6,7,8,-1,8,7,9,-1,8,9,10,-1,10,9,11,-1,10,11,0,-1,0,11,1,-1,12,13,14,-1,14,13,1,-1,14,1,15,-1,15,1,11,-1,15,11,16,-1,16,11,9,-1,16,9,17,-1,17,9,18,-1,17,18,19,-1,19,18,20,-1,19,20,12,-1,12,20,13,-1,21,22,23,-1,23,22,24,-1,23,24,25,-1,25,24,26,-1,25,26,27,-1,27,26,28,-1,27,28,18,-1,18,28,29,-1,18,29,20,-1,20,29,30,-1,20,30,13,-1,13,30,21,-1,13,21,23,-1,31,7,32,-1,32,7,5,-1,32,5,33,-1,33,5,3,-1,34,35,36,-1,35,34,37,-1,37,34,38,-1,37,38,39,-1,39,38,9,-1,39,9,36,-1,36,9,7,-1,36,7,34,-1,34,7,31,-1,34,31,40,-1,41,18,42,-1,42,18,9,-1,42,9,43,-1,43,9,38,-1,43,38,44,-1,44,38,45,-1,44,45,41,-1,41,45,18,-1,46,45,47,-1,47,45,38,-1,47,38,48,-1,48,38,34,-1,48,34,49,-1,49,34,40,-1,49,40,50,-1,46,51,45,-1,45,51,52,-1,45,52,18,-1,18,52,53,-1,18,53,27,-1,27,53,54,-1,27,54,51,-1,51,54,55,-1,51,55,52,-1,56,33,3,-1,3,1,56,-1,56,1,13,-1,56,13,57,-1,57,13,23,-1,23,25,57,-1,57,25,27,-1,57,27,58,-1,58,27,51,-1,58,51,46,-1,49,50,59,-1,58,46,47,-1,58,47,59,-1,59,47,48,-1,59,48,49,-1,50,40,59,-1,59,40,31,-1,59,31,56,-1,56,31,32,-1,56,32,33,-1,60,61,59,-1,61,62,59,-1,59,62,63,-1,59,63,64,-1,56,65,66,-1,67,68,57,-1,68,69,57,-1,57,69,70,-1,57,70,71,-1,66,72,56,-1,56,72,73,-1,56,73,74,-1,58,75,76,-1,74,77,56,-1,56,77,78,-1,56,78,59,-1,59,78,79,-1,59,79,60,-1,71,80,57,-1,57,80,81,-1,57,81,56,-1,56,81,82,-1,56,82,65,-1,64,83,59,-1,59,83,84,-1,59,84,58,-1,58,84,85,-1,58,85,75,-1,76,86,58,-1,58,86,87,-1,58,87,88,-1,88,89,58,-1,58,89,90,-1,58,90,57,-1,57,90,91,-1,57,91,67,-1,
        ]
    }
}
Shape{
    appearance Appearance {
        material  Material 	{
            diffuseColor 0.7529411764705882 0.7529411764705882 0.7529411764705882
            specularColor 0.3764705882352941 0.3764705882352941 0.3764705882352941
            ambientIntensity 0.7529
            transparency 0.0
            shininess 0.5
        }
    }
    geometry IndexedFaceSet {
        ccw TRUE
        solid FALSE
        coord DEF co Coordinate {
            point [
                0.3346 0.4094 0.2598, 0.3346 -0.4094 0.2598, 0.3346 0.4094 0.1024, 0.3346 -0.4094 0.1024, -0.2362 0.5079 0.2598, 0.2362 0.5079 0.2598, -0.2362 0.5079 0.1024, 0.2362 0.5079 0.1024, -0.3346 0.4094 0.1024, -0.3346 -0.4094 0.1024, -0.3346 0.4094 0.2598, -0.3346 -0.4094 0.2598, 0.2362 -0.4094 0.3583, 0.0597 0.1998 0.3583, 0.0487 0.1855 0.3583, -0.0178 0.1677 0.3583, -0.0344 0.1746 0.3583, -0.2362 -0.4094 0.3583, -0.0487 0.1855 0.3583, 0.0344 0.1746 0.3583, 0.0178 0.1677 0.3583, 0.0 0.1654 0.3583, -0.0665 0.2521 0.3583, -0.0597 0.2687 0.3583, -0.2362 0.4094 0.3583, -0.0487 0.283 0.3583, -0.0344 0.2939 0.3583, -0.0178 0.3008 0.3583, 0.0 0.3031 0.3583, 0.2362 0.4094 0.3583, 0.0178 0.3008 0.3583, 0.0344 0.2939 0.3583, 0.0487 0.283 0.3583, 0.0597 0.2687 0.3583, 0.0665 0.2521 0.3583, 0.0689 0.2343 0.3583, 0.0665 0.2164 0.3583, -0.0597 0.1998 0.3583, -0.0665 0.2164 0.3583, -0.0689 0.2343 0.3583, -0.2533 0.5064 0.2598, -0.2581 0.5054 0.1024, -0.2789 0.4981 0.1024, -0.2699 0.5019 0.2598, -0.258 0.5051 0.2598, -0.2976 0.4864 0.1024, -0.2854 0.4947 0.2598, -0.2788 0.4978 0.2598, -0.313 0.4707 0.2598, -0.3116 0.4727 0.2598, -0.3132 0.4708 0.1024, -0.2995 0.4848 0.2598, -0.2975 0.4863 0.2598, -0.3215 0.4587 0.2598, -0.3249 0.4522 0.1024, -0.3246 0.452 0.2598, -0.3287 0.4431 0.2598, -0.3322 0.4314 0.1024, -0.3319 0.4313 0.2598, -0.3332 0.4265 0.2598, -0.2362 0.4265 0.3568, 0.2362 0.4265 0.3568, -0.2362 0.4313 0.3555, 0.2362 0.4313 0.3555, -0.2362 0.4431 0.3523, 0.2362 0.4431 0.3523, -0.2362 0.452 0.3482, 0.2362 0.452 0.3482, -0.2362 0.4587 0.3451, 0.2362 0.4587 0.3451, -0.2362 0.4707 0.3366, 0.2362 0.4707 0.3366, -0.2362 0.4727 0.3352, 0.2362 0.4727 0.3352, -0.2362 0.4848 0.3231, 0.2362 0.4848 0.3231, -0.2362 0.4863 0.3211, 0.2362 0.4863 0.3211, -0.2362 0.4947 0.3091, 0.2362 0.4947 0.3091, -0.2362 0.4978 0.3024, 0.2362 0.4978 0.3024, -0.2362 0.5019 0.2935, 0.2362 0.5019 0.2935, -0.2362 0.5051 0.2817, 0.2362 0.5051 0.2817, -0.2362 0.5064 0.2769, 0.2362 0.5064 0.2769, 0.3332 0.4265 0.2598, 0.3322 0.4314 0.1024, 0.3249 0.4522 0.1024, 0.3287 0.4431 0.2598, 0.3319 0.4313 0.2598, 0.3132 0.4708 0.1024, 0.3215 0.4587 0.2598, 0.3246 0.452 0.2598, 0.2975 0.4863 0.2598, 0.2995 0.4848 0.2598, 0.2976 0.4864 0.1024, 0.3116 0.4727 0.2598, 0.313 0.4707 0.2598, 0.2854 0.4947 0.2598, 0.2789 0.4981 0.1024, 0.2788 0.4978 0.2598, 0.2699 0.5019 0.2598, 0.2581 0.5054 0.1024, 0.258 0.5051 0.2598, 0.2533 0.5064 0.2598, -0.2694 0.5005 0.2769, -0.2847 0.4934 0.2769, -0.2985 0.4837 0.2769, -0.3202 0.4579 0.2769, -0.3273 0.4426 0.2769, -0.3317 0.4263 0.2769, -0.2788 0.4094 0.3482, -0.2699 0.4094 0.3523, -0.2694 0.4153 0.3523, -0.2531 0.4124 0.3568, -0.2523 0.4153 0.3568, -0.2533 0.4094 0.3568, -0.258 0.4094 0.3555, -0.2392 0.4263 0.3568, -0.2421 0.4426 0.3523, -0.2448 0.4579 0.3451, -0.2854 0.4094 0.3451, -0.2847 0.418 0.3451, -0.2975 0.4094 0.3366, -0.2985 0.4204 0.3352, -0.2472 0.4718 0.3352, -0.2493 0.4837 0.3231, -0.3202 0.4243 0.3091, -0.313 0.4094 0.3211, -0.3105 0.4225 0.3231, -0.3116 0.4094 0.3231, -0.2995 0.4094 0.3352, -0.251 0.4934 0.3091, -0.3273 0.4255 0.2935, -0.3246 0.4094 0.3024, -0.3215 0.4094 0.3091, -0.2523 0.5005 0.2935, -0.3319 0.4094 0.2817, -0.3287 0.4094 0.2935, -0.3332 0.4094 0.2769, -0.3231 0.4411 0.2935, -0.3163 0.4386 0.3091, -0.3071 0.4352 0.3231, -0.2957 0.4311 0.3352, -0.2825 0.4263 0.3451, -0.2679 0.421 0.3523, -0.3163 0.4557 0.2935, -0.31 0.4521 0.3091, -0.3015 0.4471 0.3231, -0.291 0.4411 0.3352, -0.2788 0.4341 0.3451, -0.2654 0.4263 0.3523, -0.251 0.418 0.3568, -0.3105 0.4718 0.2769, -0.3071 0.4689 0.2935, -0.3015 0.4642 0.3091, -0.294 0.4579 0.3231, -0.2847 0.4501 0.3352, -0.2739 0.4411 0.3451, -0.262 0.4311 0.3523, -0.2493 0.4204 0.3568, -0.2957 0.4803 0.2935, -0.291 0.4747 0.3091, -0.2847 0.4672 0.3231, -0.2769 0.4579 0.3352, -0.2679 0.4471 0.3451, -0.2579 0.4352 0.3523, -0.2472 0.4225 0.3568, -0.2825 0.4895 0.2935, -0.2788 0.4833 0.3091, -0.2739 0.4747 0.3231, -0.2679 0.4642 0.3352, -0.2608 0.4521 0.3451, -0.2531 0.4386 0.3523, -0.2448 0.4243 0.3568, -0.2679 0.4964 0.2935, -0.2654 0.4895 0.3091, -0.262 0.4803 0.3231, -0.2579 0.4689 0.3352, -0.2531 0.4557 0.3451, -0.2477 0.4411 0.3523, -0.2421 0.4255 0.3568, -0.2531 0.5049 0.2769, 0.3273 0.4426 0.2769, 0.3202 0.4579 0.2769, 0.3105 0.4718 0.2769, 0.2847 0.4934 0.2769, 0.2694 0.5005 0.2769, 0.2531 0.5049 0.2769, 0.2421 0.4426 0.3523, 0.2392 0.4263 0.3568, 0.2421 0.4255 0.3568, 0.2533 0.4094 0.3568, 0.2531 0.4124 0.3568, 0.258 0.4094 0.3555, 0.2694 0.4153 0.3523, 0.2699 0.4094 0.3523, 0.2847 0.418 0.3451, 0.2788 0.4094 0.3482, 0.2448 0.4579 0.3451, 0.2472 0.4718 0.3352, 0.2854 0.4094 0.3451, 0.2975 0.4094 0.3366, 0.2985 0.4204 0.3352, 0.2995 0.4094 0.3352, 0.3105 0.4225 0.3231, 0.251 0.4934 0.3091, 0.2493 0.4837 0.3231, 0.3116 0.4094 0.3231, 0.313 0.4094 0.3211, 0.3202 0.4243 0.3091, 0.2523 0.5005 0.2935, 0.3215 0.4094 0.3091, 0.3246 0.4094 0.3024, 0.3273 0.4255 0.2935, 0.2679 0.4964 0.2935, 0.2654 0.4895 0.3091, 0.262 0.4803 0.3231, 0.2579 0.4689 0.3352, 0.2531 0.4557 0.3451, 0.2477 0.4411 0.3523, 0.2825 0.4895 0.2935, 0.2788 0.4833 0.3091, 0.2739 0.4747 0.3231, 0.2679 0.4642 0.3352, 0.2608 0.4521 0.3451, 0.2531 0.4386 0.3523, 0.2448 0.4243 0.3568, 0.2985 0.4837 0.2769, 0.2957 0.4803 0.2935, 0.291 0.4747 0.3091, 0.2847 0.4672 0.3231, 0.2769 0.4579 0.3352, 0.2679 0.4471 0.3451, 0.2579 0.4352 0.3523, 0.2472 0.4225 0.3568, 0.3071 0.4689 0.2935, 0.3015 0.4642 0.3091, 0.294 0.4579 0.3231, 0.2847 0.4501 0.3352, 0.2739 0.4411 0.3451, 0.262 0.4311 0.3523, 0.2493 0.4204 0.3568, 0.3163 0.4557 0.2935, 0.31 0.4521 0.3091, 0.3015 0.4471 0.3231, 0.291 0.4411 0.3352, 0.2788 0.4341 0.3451, 0.2654 0.4263 0.3523, 0.251 0.418 0.3568, 0.3231 0.4411 0.2935, 0.3163 0.4386 0.3091, 0.3071 0.4352 0.3231, 0.2957 0.4311 0.3352, 0.2825 0.4263 0.3451, 0.2679 0.421 0.3523, 0.2523 0.4153 0.3568, 0.3317 0.4263 0.2769, 0.3287 0.4094 0.2935, 0.3319 0.4094 0.2817, 0.3332 0.4094 0.2769, -0.3332 -0.4265 0.2598, -0.3322 -0.4314 0.1024, -0.3249 -0.4522 0.1024, -0.3287 -0.4431 0.2598, -0.3319 -0.4313 0.2598, -0.3132 -0.4708 0.1024, -0.3215 -0.4587 0.2598, -0.3246 -0.452 0.2598, -0.2975 -0.4863 0.2598, -0.2995 -0.4848 0.2598, -0.2976 -0.4864 0.1024, -0.3116 -0.4727 0.2598, -0.313 -0.4707 0.2598, -0.2854 -0.4947 0.2598, -0.2789 -0.4981 0.1024, -0.2788 -0.4978 0.2598, -0.2699 -0.5019 0.2598, -0.2581 -0.5054 0.1024, -0.258 -0.5051 0.2598, -0.2533 -0.5064 0.2598, -0.2362 -0.5079 0.1024, -0.2362 -0.5079 0.2598, -0.2533 -0.4094 0.3568, -0.258 -0.4094 0.3555, -0.2699 -0.4094 0.3523, -0.2788 -0.4094 0.3482, -0.2854 -0.4094 0.3451, -0.2975 -0.4094 0.3366, -0.2995 -0.4094 0.3352, -0.3116 -0.4094 0.3231, -0.313 -0.4094 0.3211, -0.3215 -0.4094 0.3091, -0.3246 -0.4094 0.3024, -0.3287 -0.4094 0.2935, -0.3319 -0.4094 0.2817, -0.3332 -0.4094 0.2769, 0.2533 -0.4094 0.3568, 0.258 -0.4094 0.3555, 0.2699 -0.4094 0.3523, 0.2788 -0.4094 0.3482, 0.2854 -0.4094 0.3451, 0.2975 -0.4094 0.3366, 0.2995 -0.4094 0.3352, 0.3116 -0.4094 0.3231, 0.313 -0.4094 0.3211, 0.3215 -0.4094 0.3091, 0.3246 -0.4094 0.3024, 0.3287 -0.4094 0.2935, 0.3319 -0.4094 0.2817, 0.3332 -0.4094 0.2769, 0.2362 -0.5079 0.2598, 0.2362 -0.5079 0.1024, 0.2533 -0.5064 0.2598, 0.2581 -0.5054 0.1024, 0.2789 -0.4981 0.1024, 0.2699 -0.5019 0.2598, 0.258 -0.5051 0.2598, 0.2976 -0.4864 0.1024, 0.2854 -0.4947 0.2598, 0.2788 -0.4978 0.2598, 0.313 -0.4707 0.2598, 0.3116 -0.4727 0.2598, 0.3132 -0.4708 0.1024, 0.2995 -0.4848 0.2598, 0.2975 -0.4863 0.2598, 0.3215 -0.4587 0.2598, 0.3249 -0.4522 0.1024, 0.3246 -0.452 0.2598, 0.3287 -0.4431 0.2598, 0.3322 -0.4314 0.1024, 0.3319 -0.4313 0.2598, 0.3332 -0.4265 0.2598, -0.3273 -0.4426 0.2769, -0.3202 -0.4579 0.2769, -0.3105 -0.4718 0.2769, -0.2847 -0.4934 0.2769, -0.2694 -0.5005 0.2769, -0.2531 -0.5049 0.2769, -0.2362 -0.452 0.3482, -0.2362 -0.4431 0.3523, -0.2421 -0.4426 0.3523, -0.2392 -0.4263 0.3568, -0.2421 -0.4255 0.3568, -0.2362 -0.4265 0.3568, -0.2362 -0.4313 0.3555, -0.2531 -0.4124 0.3568, -0.2694 -0.4153 0.3523, -0.2847 -0.418 0.3451, -0.2362 -0.4587 0.3451, -0.2448 -0.4579 0.3451, -0.2362 -0.4707 0.3366, -0.2472 -0.4718 0.3352, -0.2985 -0.4204 0.3352, -0.3105 -0.4225 0.3231, -0.251 -0.4934 0.3091, -0.2362 -0.4863 0.3211, -0.2493 -0.4837 0.3231, -0.2362 -0.4848 0.3231, -0.2362 -0.4727 0.3352, -0.3202 -0.4243 0.3091, -0.2523 -0.5005 0.2935, -0.2362 -0.4978 0.3024, -0.2362 -0.4947 0.3091, -0.3273 -0.4255 0.2935, -0.2362 -0.5051 0.2817, -0.2362 -0.5019 0.2935, -0.2362 -0.5064 0.2769, -0.2679 -0.4964 0.2935, -0.2654 -0.4895 0.3091, -0.262 -0.4803 0.3231, -0.2579 -0.4689 0.3352, -0.2531 -0.4557 0.3451, -0.2477 -0.4411 0.3523, -0.2825 -0.4895 0.2935, -0.2788 -0.4833 0.3091, -0.2739 -0.4747 0.3231, -0.2679 -0.4642 0.3352, -0.2608 -0.4521 0.3451, -0.2531 -0.4386 0.3523, -0.2448 -0.4243 0.3568, -0.2985 -0.4837 0.2769, -0.2957 -0.4803 0.2935, -0.291 -0.4747 0.3091, -0.2847 -0.4672 0.3231, -0.2769 -0.4579 0.3352, -0.2679 -0.4471 0.3451, -0.2579 -0.4352 0.3523, -0.2472 -0.4225 0.3568, -0.3071 -0.4689 0.2935, -0.3015 -0.4642 0.3091, -0.294 -0.4579 0.3231, -0.2847 -0.4501 0.3352, -0.2739 -0.4411 0.3451, -0.262 -0.4311 0.3523, -0.2493 -0.4204 0.3568, -0.3163 -0.4557 0.2935, -0.31 -0.4521 0.3091, -0.3015 -0.4471 0.3231, -0.291 -0.4411 0.3352, -0.2788 -0.4341 0.3451, -0.2654 -0.4263 0.3523, -0.251 -0.418 0.3568, -0.3231 -0.4411 0.2935, -0.3163 -0.4386 0.3091, -0.3071 -0.4352 0.3231, -0.2957 -0.4311 0.3352, -0.2825 -0.4263 0.3451, -0.2679 -0.421 0.3523, -0.2523 -0.4153 0.3568, -0.3317 -0.4263 0.2769, 0.2694 -0.5005 0.2769, 0.2847 -0.4934 0.2769, 0.2985 -0.4837 0.2769, 0.3202 -0.4579 0.2769, 0.3273 -0.4426 0.2769, 0.3317 -0.4263 0.2769, 0.2694 -0.4153 0.3523, 0.2531 -0.4124 0.3568, 0.2523 -0.4153 0.3568, 0.2362 -0.4265 0.3568, 0.2392 -0.4263 0.3568, 0.2362 -0.4313 0.3555, 0.2421 -0.4426 0.3523, 0.2362 -0.4431 0.3523, 0.2448 -0.4579 0.3451, 0.2362 -0.452 0.3482, 0.2847 -0.418 0.3451, 0.2985 -0.4204 0.3352, 0.2362 -0.4587 0.3451, 0.2362 -0.4707 0.3366, 0.2472 -0.4718 0.3352, 0.2362 -0.4727 0.3352, 0.2493 -0.4837 0.3231, 0.3202 -0.4243 0.3091, 0.3105 -0.4225 0.3231, 0.2362 -0.4848 0.3231, 0.2362 -0.4863 0.3211, 0.251 -0.4934 0.3091, 0.3273 -0.4255 0.2935, 0.2362 -0.4947 0.3091, 0.2362 -0.4978 0.3024, 0.2523 -0.5005 0.2935, 0.3231 -0.4411 0.2935, 0.3163 -0.4386 0.3091, 0.3071 -0.4352 0.3231, 0.2957 -0.4311 0.3352, 0.2825 -0.4263 0.3451, 0.2679 -0.421 0.3523, 0.3163 -0.4557 0.2935, 0.31 -0.4521 0.3091, 0.3015 -0.4471 0.3231, 0.291 -0.4411 0.3352, 0.2788 -0.4341 0.3451, 0.2654 -0.4263 0.3523, 0.251 -0.418 0.3568, 0.3105 -0.4718 0.2769, 0.3071 -0.4689 0.2935, 0.3015 -0.4642 0.3091, 0.294 -0.4579 0.3231, 0.2847 -0.4501 0.3352, 0.2739 -0.4411 0.3451, 0.262 -0.4311 0.3523, 0.2493 -0.4204 0.3568, 0.2957 -0.4803 0.2935, 0.291 -0.4747 0.3091, 0.2847 -0.4672 0.3231, 0.2769 -0.4579 0.3352, 0.2679 -0.4471 0.3451, 0.2579 -0.4352 0.3523, 0.2472 -0.4225 0.3568, 0.2825 -0.4895 0.2935, 0.2788 -0.4833 0.3091, 0.2739 -0.4747 0.3231, 0.2679 -0.4642 0.3352, 0.2608 -0.4521 0.3451, 0.2531 -0.4386 0.3523, 0.2448 -0.4243 0.3568, 0.2679 -0.4964 0.2935, 0.2654 -0.4895 0.3091, 0.262 -0.4803 0.3231, 0.2579 -0.4689 0.3352, 0.2531 -0.4557 0.3451, 0.2477 -0.4411 0.3523, 0.2421 -0.4255 0.3568, 0.2531 -0.5049 0.2769, 0.2362 -0.5019 0.2935, 0.2362 -0.5051 0.2817, 0.2362 -0.5064 0.2769
            ]
        }
        coordIndex [
            0,1,2,-1,2,1,3,-1,4,5,6,-1,6,5,7,-1,8,9,10,-1,10,9,11,-1,12,13,14,-1,15,16,17,-1,17,16,18,-1,14,19,12,-1,12,19,20,-1,12,20,17,-1,17,20,21,-1,17,21,15,-1,22,23,24,-1,24,23,25,-1,24,25,26,-1,26,27,24,-1,24,27,28,-1,24,28,29,-1,29,28,30,-1,30,31,29,-1,29,31,32,-1,29,32,33,-1,33,34,29,-1,29,34,35,-1,29,35,12,-1,12,35,36,-1,12,36,13,-1,18,37,17,-1,17,37,38,-1,17,38,24,-1,24,38,39,-1,24,39,22,-1,4,6,40,-1,40,6,41,-1,42,43,41,-1,41,43,44,-1,41,44,40,-1,45,46,42,-1,42,46,47,-1,42,47,43,-1,48,49,50,-1,50,49,51,-1,50,51,45,-1,45,51,52,-1,45,52,46,-1,48,50,53,-1,53,50,54,-1,53,54,55,-1,55,54,56,-1,56,54,57,-1,56,57,58,-1,58,57,59,-1,59,57,8,-1,59,8,10,-1,24,29,60,-1,60,29,61,-1,60,61,62,-1,62,61,63,-1,62,63,64,-1,64,63,65,-1,64,65,66,-1,66,65,67,-1,66,67,68,-1,68,67,69,-1,68,69,70,-1,70,69,71,-1,70,71,72,-1,72,71,73,-1,72,73,74,-1,74,73,75,-1,74,75,76,-1,76,75,77,-1,76,77,78,-1,78,77,79,-1,78,79,80,-1,80,79,81,-1,80,81,82,-1,82,81,83,-1,82,83,84,-1,84,83,85,-1,84,85,86,-1,86,85,87,-1,86,87,4,-1,4,87,5,-1,0,2,88,-1,88,2,89,-1,90,91,89,-1,89,91,92,-1,89,92,88,-1,93,94,90,-1,90,94,95,-1,90,95,91,-1,96,97,98,-1,98,97,99,-1,98,99,93,-1,93,99,100,-1,93,100,94,-1,96,98,101,-1,101,98,102,-1,101,102,103,-1,103,102,104,-1,104,102,105,-1,104,105,106,-1,106,105,107,-1,107,105,7,-1,107,7,5,-1,44,43,108,-1,47,46,109,-1,52,51,110,-1,48,53,111,-1,55,56,112,-1,58,59,113,-1,114,115,116,-1,116,117,118,-1,118,117,24,-1,119,24,117,-1,116,115,117,-1,117,115,120,-1,117,120,119,-1,24,60,121,-1,121,60,62,-1,121,62,122,-1,122,62,64,-1,122,64,123,-1,123,64,66,-1,124,125,126,-1,126,125,127,-1,66,68,123,-1,123,68,70,-1,123,70,128,-1,128,70,72,-1,128,72,129,-1,130,131,132,-1,132,131,133,-1,132,133,127,-1,127,133,134,-1,127,134,126,-1,72,74,129,-1,129,74,76,-1,129,76,135,-1,136,137,130,-1,130,137,138,-1,130,138,131,-1,76,78,135,-1,135,78,80,-1,135,80,139,-1,113,140,136,-1,136,140,141,-1,136,141,137,-1,59,10,113,-1,113,10,142,-1,113,142,140,-1,56,58,112,-1,112,58,113,-1,112,113,143,-1,143,113,136,-1,143,136,144,-1,144,136,130,-1,144,130,145,-1,145,130,132,-1,145,132,146,-1,146,132,127,-1,146,127,147,-1,147,127,125,-1,147,125,148,-1,53,55,111,-1,111,55,112,-1,111,112,149,-1,149,112,143,-1,149,143,150,-1,150,143,144,-1,150,144,151,-1,151,144,145,-1,151,145,152,-1,152,145,146,-1,152,146,153,-1,153,146,147,-1,153,147,154,-1,154,147,148,-1,154,148,155,-1,49,48,156,-1,156,48,111,-1,156,111,157,-1,157,111,149,-1,157,149,158,-1,158,149,150,-1,158,150,159,-1,159,150,151,-1,159,151,160,-1,160,151,152,-1,160,152,161,-1,161,152,153,-1,161,153,162,-1,162,153,154,-1,162,154,163,-1,163,154,155,-1,51,49,110,-1,110,49,156,-1,110,156,164,-1,164,156,157,-1,164,157,165,-1,165,157,158,-1,165,158,166,-1,166,158,159,-1,166,159,167,-1,167,159,160,-1,167,160,168,-1,168,160,161,-1,168,161,169,-1,169,161,162,-1,169,162,170,-1,170,162,163,-1,170,163,24,-1,155,24,163,-1,124,114,125,-1,125,114,116,-1,125,116,148,-1,148,116,118,-1,148,118,155,-1,155,118,24,-1,46,52,109,-1,109,52,110,-1,109,110,171,-1,171,110,164,-1,171,164,172,-1,172,164,165,-1,172,165,173,-1,173,165,166,-1,173,166,174,-1,174,166,167,-1,174,167,175,-1,175,167,168,-1,175,168,176,-1,176,168,169,-1,176,169,177,-1,177,169,170,-1,177,170,24,-1,43,47,108,-1,108,47,109,-1,108,109,178,-1,178,109,171,-1,178,171,179,-1,179,171,172,-1,179,172,180,-1,180,172,173,-1,180,173,181,-1,181,173,174,-1,181,174,182,-1,182,174,175,-1,182,175,183,-1,183,175,176,-1,183,176,184,-1,184,176,177,-1,184,177,24,-1,40,44,185,-1,185,44,108,-1,185,108,139,-1,139,108,178,-1,139,178,135,-1,135,178,179,-1,135,179,129,-1,129,179,180,-1,129,180,128,-1,128,180,181,-1,128,181,123,-1,123,181,182,-1,123,182,122,-1,122,182,183,-1,122,183,121,-1,121,183,184,-1,121,184,24,-1,80,82,139,-1,139,82,84,-1,139,84,185,-1,185,84,86,-1,185,86,40,-1,40,86,4,-1,92,91,186,-1,95,94,187,-1,100,99,188,-1,96,101,189,-1,103,104,190,-1,106,107,191,-1,67,65,192,-1,192,193,194,-1,194,193,29,-1,61,29,193,-1,192,65,193,-1,193,65,63,-1,193,63,61,-1,29,195,196,-1,196,195,197,-1,196,197,198,-1,198,197,199,-1,198,199,200,-1,200,199,201,-1,69,202,71,-1,71,202,203,-1,201,204,200,-1,200,204,205,-1,200,205,206,-1,206,205,207,-1,206,207,208,-1,209,77,210,-1,210,77,75,-1,210,75,203,-1,203,75,73,-1,203,73,71,-1,207,211,208,-1,208,211,212,-1,208,212,213,-1,214,81,209,-1,209,81,79,-1,209,79,77,-1,212,215,213,-1,213,215,216,-1,213,216,217,-1,191,85,214,-1,214,85,83,-1,214,83,81,-1,107,5,191,-1,191,5,87,-1,191,87,85,-1,104,106,190,-1,190,106,191,-1,190,191,218,-1,218,191,214,-1,218,214,219,-1,219,214,209,-1,219,209,220,-1,220,209,210,-1,220,210,221,-1,221,210,203,-1,221,203,222,-1,222,203,202,-1,222,202,223,-1,101,103,189,-1,189,103,190,-1,189,190,224,-1,224,190,218,-1,224,218,225,-1,225,218,219,-1,225,219,226,-1,226,219,220,-1,226,220,227,-1,227,220,221,-1,227,221,228,-1,228,221,222,-1,228,222,229,-1,229,222,223,-1,229,223,230,-1,97,96,231,-1,231,96,189,-1,231,189,232,-1,232,189,224,-1,232,224,233,-1,233,224,225,-1,233,225,234,-1,234,225,226,-1,234,226,235,-1,235,226,227,-1,235,227,236,-1,236,227,228,-1,236,228,237,-1,237,228,229,-1,237,229,238,-1,238,229,230,-1,99,97,188,-1,188,97,231,-1,188,231,239,-1,239,231,232,-1,239,232,240,-1,240,232,233,-1,240,233,241,-1,241,233,234,-1,241,234,242,-1,242,234,235,-1,242,235,243,-1,243,235,236,-1,243,236,244,-1,244,236,237,-1,244,237,245,-1,245,237,238,-1,245,238,29,-1,230,29,238,-1,69,67,202,-1,202,67,192,-1,202,192,223,-1,223,192,194,-1,223,194,230,-1,230,194,29,-1,94,100,187,-1,187,100,188,-1,187,188,246,-1,246,188,239,-1,246,239,247,-1,247,239,240,-1,247,240,248,-1,248,240,241,-1,248,241,249,-1,249,241,242,-1,249,242,250,-1,250,242,243,-1,250,243,251,-1,251,243,244,-1,251,244,252,-1,252,244,245,-1,252,245,29,-1,91,95,186,-1,186,95,187,-1,186,187,253,-1,253,187,246,-1,253,246,254,-1,254,246,247,-1,254,247,255,-1,255,247,248,-1,255,248,256,-1,256,248,249,-1,256,249,257,-1,257,249,250,-1,257,250,258,-1,258,250,251,-1,258,251,259,-1,259,251,252,-1,259,252,29,-1,88,92,260,-1,260,92,186,-1,260,186,217,-1,217,186,253,-1,217,253,213,-1,213,253,254,-1,213,254,208,-1,208,254,255,-1,208,255,206,-1,206,255,256,-1,206,256,200,-1,200,256,257,-1,200,257,198,-1,198,257,258,-1,198,258,196,-1,196,258,259,-1,196,259,29,-1,216,261,217,-1,217,261,262,-1,217,262,260,-1,260,262,263,-1,260,263,88,-1,88,263,0,-1,11,9,264,-1,264,9,265,-1,266,267,265,-1,265,267,268,-1,265,268,264,-1,269,270,266,-1,266,270,271,-1,266,271,267,-1,272,273,274,-1,274,273,275,-1,274,275,269,-1,269,275,276,-1,269,276,270,-1,272,274,277,-1,277,274,278,-1,277,278,279,-1,279,278,280,-1,280,278,281,-1,280,281,282,-1,282,281,283,-1,283,281,284,-1,283,284,285,-1,17,24,286,-1,286,24,119,-1,286,119,287,-1,287,119,120,-1,287,120,288,-1,288,120,115,-1,288,115,289,-1,289,115,114,-1,289,114,290,-1,290,114,124,-1,290,124,291,-1,291,124,126,-1,291,126,292,-1,292,126,134,-1,292,134,293,-1,293,134,133,-1,293,133,294,-1,294,133,131,-1,294,131,295,-1,295,131,138,-1,295,138,296,-1,296,138,137,-1,296,137,297,-1,297,137,141,-1,297,141,298,-1,298,141,140,-1,298,140,299,-1,299,140,142,-1,299,142,11,-1,11,142,10,-1,29,12,195,-1,195,12,300,-1,195,300,197,-1,197,300,301,-1,197,301,199,-1,199,301,302,-1,199,302,201,-1,201,302,303,-1,201,303,204,-1,204,303,304,-1,204,304,205,-1,205,304,305,-1,205,305,207,-1,207,305,306,-1,207,306,211,-1,211,306,307,-1,211,307,212,-1,212,307,308,-1,212,308,215,-1,215,308,309,-1,215,309,216,-1,216,309,310,-1,216,310,261,-1,261,310,311,-1,261,311,262,-1,262,311,312,-1,262,312,263,-1,263,312,313,-1,263,313,0,-1,0,313,1,-1,314,315,316,-1,316,315,317,-1,318,319,317,-1,317,319,320,-1,317,320,316,-1,321,322,318,-1,318,322,323,-1,318,323,319,-1,324,325,326,-1,326,325,327,-1,326,327,321,-1,321,327,328,-1,321,328,322,-1,324,326,329,-1,329,326,330,-1,329,330,331,-1,331,330,332,-1,332,330,333,-1,332,333,334,-1,334,333,335,-1,335,333,3,-1,335,3,1,-1,268,267,336,-1,271,270,337,-1,276,275,338,-1,272,277,339,-1,279,280,340,-1,282,283,341,-1,342,343,344,-1,344,345,346,-1,346,345,17,-1,347,17,345,-1,344,343,345,-1,345,343,348,-1,345,348,347,-1,17,286,349,-1,349,286,287,-1,349,287,350,-1,350,287,288,-1,350,288,351,-1,351,288,289,-1,352,353,354,-1,354,353,355,-1,289,290,351,-1,351,290,291,-1,351,291,356,-1,356,291,292,-1,356,292,357,-1,358,359,360,-1,360,359,361,-1,360,361,355,-1,355,361,362,-1,355,362,354,-1,292,293,357,-1,357,293,294,-1,357,294,363,-1,364,365,358,-1,358,365,366,-1,358,366,359,-1,294,295,363,-1,363,295,296,-1,363,296,367,-1,341,368,364,-1,364,368,369,-1,364,369,365,-1,283,285,341,-1,341,285,370,-1,341,370,368,-1,280,282,340,-1,340,282,341,-1,340,341,371,-1,371,341,364,-1,371,364,372,-1,372,364,358,-1,372,358,373,-1,373,358,360,-1,373,360,374,-1,374,360,355,-1,374,355,375,-1,375,355,353,-1,375,353,376,-1,277,279,339,-1,339,279,340,-1,339,340,377,-1,377,340,371,-1,377,371,378,-1,378,371,372,-1,378,372,379,-1,379,372,373,-1,379,373,380,-1,380,373,374,-1,380,374,381,-1,381,374,375,-1,381,375,382,-1,382,375,376,-1,382,376,383,-1,273,272,384,-1,384,272,339,-1,384,339,385,-1,385,339,377,-1,385,377,386,-1,386,377,378,-1,386,378,387,-1,387,378,379,-1,387,379,388,-1,388,379,380,-1,388,380,389,-1,389,380,381,-1,389,381,390,-1,390,381,382,-1,390,382,391,-1,391,382,383,-1,275,273,338,-1,338,273,384,-1,338,384,392,-1,392,384,385,-1,392,385,393,-1,393,385,386,-1,393,386,394,-1,394,386,387,-1,394,387,395,-1,395,387,388,-1,395,388,396,-1,396,388,389,-1,396,389,397,-1,397,389,390,-1,397,390,398,-1,398,390,391,-1,398,391,17,-1,383,17,391,-1,352,342,353,-1,353,342,344,-1,353,344,376,-1,376,344,346,-1,376,346,383,-1,383,346,17,-1,270,276,337,-1,337,276,338,-1,337,338,399,-1,399,338,392,-1,399,392,400,-1,400,392,393,-1,400,393,401,-1,401,393,394,-1,401,394,402,-1,402,394,395,-1,402,395,403,-1,403,395,396,-1,403,396,404,-1,404,396,397,-1,404,397,405,-1,405,397,398,-1,405,398,17,-1,267,271,336,-1,336,271,337,-1,336,337,406,-1,406,337,399,-1,406,399,407,-1,407,399,400,-1,407,400,408,-1,408,400,401,-1,408,401,409,-1,409,401,402,-1,409,402,410,-1,410,402,403,-1,410,403,411,-1,411,403,404,-1,411,404,412,-1,412,404,405,-1,412,405,17,-1,264,268,413,-1,413,268,336,-1,413,336,367,-1,367,336,406,-1,367,406,363,-1,363,406,407,-1,363,407,357,-1,357,407,408,-1,357,408,356,-1,356,408,409,-1,356,409,351,-1,351,409,410,-1,351,410,350,-1,350,410,411,-1,350,411,349,-1,349,411,412,-1,349,412,17,-1,296,297,367,-1,367,297,298,-1,367,298,413,-1,413,298,299,-1,413,299,264,-1,264,299,11,-1,320,319,414,-1,323,322,415,-1,328,327,416,-1,324,329,417,-1,331,332,418,-1,334,335,419,-1,303,302,420,-1,420,421,422,-1,422,421,12,-1,300,12,421,-1,420,302,421,-1,421,302,301,-1,421,301,300,-1,12,423,424,-1,424,423,425,-1,424,425,426,-1,426,425,427,-1,426,427,428,-1,428,427,429,-1,304,430,305,-1,305,430,431,-1,429,432,428,-1,428,432,433,-1,428,433,434,-1,434,433,435,-1,434,435,436,-1,437,308,438,-1,438,308,307,-1,438,307,431,-1,431,307,306,-1,431,306,305,-1,435,439,436,-1,436,439,440,-1,436,440,441,-1,442,310,437,-1,437,310,309,-1,437,309,308,-1,440,443,441,-1,441,443,444,-1,441,444,445,-1,419,312,442,-1,442,312,311,-1,442,311,310,-1,335,1,419,-1,419,1,313,-1,419,313,312,-1,332,334,418,-1,418,334,419,-1,418,419,446,-1,446,419,442,-1,446,442,447,-1,447,442,437,-1,447,437,448,-1,448,437,438,-1,448,438,449,-1,449,438,431,-1,449,431,450,-1,450,431,430,-1,450,430,451,-1,329,331,417,-1,417,331,418,-1,417,418,452,-1,452,418,446,-1,452,446,453,-1,453,446,447,-1,453,447,454,-1,454,447,448,-1,454,448,455,-1,455,448,449,-1,455,449,456,-1,456,449,450,-1,456,450,457,-1,457,450,451,-1,457,451,458,-1,325,324,459,-1,459,324,417,-1,459,417,460,-1,460,417,452,-1,460,452,461,-1,461,452,453,-1,461,453,462,-1,462,453,454,-1,462,454,463,-1,463,454,455,-1,463,455,464,-1,464,455,456,-1,464,456,465,-1,465,456,457,-1,465,457,466,-1,466,457,458,-1,327,325,416,-1,416,325,459,-1,416,459,467,-1,467,459,460,-1,467,460,468,-1,468,460,461,-1,468,461,469,-1,469,461,462,-1,469,462,470,-1,470,462,463,-1,470,463,471,-1,471,463,464,-1,471,464,472,-1,472,464,465,-1,472,465,473,-1,473,465,466,-1,473,466,12,-1,458,12,466,-1,304,303,430,-1,430,303,420,-1,430,420,451,-1,451,420,422,-1,451,422,458,-1,458,422,12,-1,322,328,415,-1,415,328,416,-1,415,416,474,-1,474,416,467,-1,474,467,475,-1,475,467,468,-1,475,468,476,-1,476,468,469,-1,476,469,477,-1,477,469,470,-1,477,470,478,-1,478,470,471,-1,478,471,479,-1,479,471,472,-1,479,472,480,-1,480,472,473,-1,480,473,12,-1,319,323,414,-1,414,323,415,-1,414,415,481,-1,481,415,474,-1,481,474,482,-1,482,474,475,-1,482,475,483,-1,483,475,476,-1,483,476,484,-1,484,476,477,-1,484,477,485,-1,485,477,478,-1,485,478,486,-1,486,478,479,-1,486,479,487,-1,487,479,480,-1,487,480,12,-1,316,320,488,-1,488,320,414,-1,488,414,445,-1,445,414,481,-1,445,481,441,-1,441,481,482,-1,441,482,436,-1,436,482,483,-1,436,483,434,-1,434,483,484,-1,434,484,428,-1,428,484,485,-1,428,485,426,-1,426,485,486,-1,426,486,424,-1,424,486,487,-1,424,487,12,-1,444,489,445,-1,445,489,490,-1,445,490,488,-1,488,490,491,-1,488,491,316,-1,316,491,314,-1,12,17,423,-1,423,17,347,-1,423,347,425,-1,425,347,348,-1,425,348,427,-1,427,348,343,-1,427,343,429,-1,429,343,342,-1,429,342,432,-1,432,342,352,-1,432,352,433,-1,433,352,354,-1,433,354,435,-1,435,354,362,-1,435,362,439,-1,439,362,361,-1,439,361,440,-1,440,361,359,-1,440,359,443,-1,443,359,366,-1,443,366,444,-1,444,366,365,-1,444,365,489,-1,489,365,369,-1,489,369,490,-1,490,369,368,-1,490,368,491,-1,491,368,370,-1,491,370,314,-1,314,370,285,-1,
        ]
    }
}
Shape{
    appearance Appearance {
        material  Material 	{
            diffuseColor 0.25098039215686274 0.25098039215686274 0.25098039215686274
            specularColor 0.12549019607843137 0.12549019607843137 0.12549019607843137
            ambientIntensity 0.251
            transparency 0.0
            shininess 0.5
        }
    }
    geometry IndexedFaceSet {
        ccw TRUE
        solid FALSE
        coord DEF co Coordinate {
            point [
                0.0689 0.2343 0.1614, 0.0689 0.2343 0.3583, 0.0665 0.2521 0.1614, 0.0665 0.2521 0.3583, 0.0597 0.2687 0.1614, 0.0597 0.2687 0.3583, 0.0487 0.283 0.1614, 0.0487 0.283 0.3583, 0.0344 0.2939 0.1614, 0.0344 0.2939 0.3583, 0.0178 0.3008 0.1614, 0.0178 0.3008 0.3583, 0.0 0.3031 0.1614, 0.0 0.3031 0.3583, -0.0178 0.3008 0.1614, -0.0178 0.3008 0.3583, -0.0344 0.2939 0.1614, -0.0344 0.2939 0.3583, -0.0487 0.283 0.1614, -0.0487 0.283 0.3583, -0.0597 0.2687 0.1614, -0.0597 0.2687 0.3583, -0.0665 0.2521 0.1614, -0.0665 0.2521 0.3583, -0.0689 0.2343 0.1614, -0.0689 0.2343 0.3583, -0.0665 0.2164 0.1614, -0.0665 0.2164 0.3583, -0.0597 0.1998 0.1614, -0.0597 0.1998 0.3583, -0.0487 0.1855 0.1614, -0.0487 0.1855 0.3583, -0.0344 0.1746 0.1614, -0.0344 0.1746 0.3583, -0.0178 0.1677 0.1614, -0.0178 0.1677 0.3583, 0.0 0.1654 0.1614, 0.0 0.1654 0.3583, 0.0178 0.1677 0.1614, 0.0178 0.1677 0.3583, 0.0344 0.1746 0.1614, 0.0344 0.1746 0.3583, 0.0487 0.1855 0.1614, 0.0487 0.1855 0.3583, 0.0597 0.1998 0.1614, 0.0597 0.1998 0.3583, 0.0665 0.2164 0.1614, 0.0665 0.2164 0.3583, 0.0 0.2343 0.1614
            ]
        }
        coordIndex [
            0,1,2,-1,2,1,3,-1,2,3,4,-1,4,3,5,-1,4,5,6,-1,6,5,7,-1,6,7,8,-1,8,7,9,-1,8,9,10,-1,10,9,11,-1,10,11,12,-1,12,11,13,-1,12,13,14,-1,14,13,15,-1,14,15,16,-1,16,15,17,-1,16,17,18,-1,18,17,19,-1,18,19,20,-1,20,19,21,-1,20,21,22,-1,22,21,23,-1,22,23,24,-1,24,23,25,-1,24,25,26,-1,26,25,27,-1,26,27,28,-1,28,27,29,-1,28,29,30,-1,30,29,31,-1,30,31,32,-1,32,31,33,-1,32,33,34,-1,34,33,35,-1,34,35,36,-1,36,35,37,-1,36,37,38,-1,38,37,39,-1,38,39,40,-1,40,39,41,-1,40,41,42,-1,42,41,43,-1,42,43,44,-1,44,43,45,-1,44,45,46,-1,46,45,47,-1,46,47,0,-1,0,47,1,-1,44,46,48,-1,48,46,0,-1,48,0,2,-1,38,40,48,-1,48,40,42,-1,48,42,44,-1,32,34,48,-1,48,34,36,-1,48,36,38,-1,26,28,48,-1,48,28,30,-1,48,30,32,-1,20,22,48,-1,48,22,24,-1,48,24,26,-1,14,16,48,-1,48,16,18,-1,48,18,20,-1,8,10,48,-1,48,10,12,-1,48,12,14,-1,2,4,48,-1,48,4,6,-1,48,6,8,-1,
        ]
    }
}
Shape{
    appearance Appearance {
        material  Material 	{
            diffuseColor 1.0 1.0 0.0
            specularColor 0.5019607843137255 0.5019607843137255 0.0
            ambientIntensity 0.886
            transparency 0.0
            shininess 0.5
        }
    }
    geometry IndexedFaceSet {
        ccw TRUE
        solid FALSE
        coord DEF co Coordinate {
            point [
                0.0984 0.4921 0.0, 0.0984 0.2756 0.0, 0.0984 0.4921 0.0039, 0.0984 0.2756 0.0039, 0.2362 0.4921 0.0039, 0.2362 0.4921 0.0, 0.2067 0.4921 0.0039, 0.315 0.4134 0.0039, 0.315 0.2756 0.0039, 0.315 0.4134 0.0, 0.315 0.2756 0.0, 0.2067 0.2756 0.0039, -0.315 0.4921 0.0, -0.315 0.2756 0.0, -0.315 0.4921 0.0039, -0.315 0.2756 0.0039, -0.0984 0.4921 0.0, -0.0984 0.4921 0.0039, -0.0984 0.2756 0.0, -0.0984 0.2756 0.0039
            ]
        }
        coordIndex [
            0,1,2,-1,2,1,3,-1,4,5,6,-1,6,5,0,-1,6,0,2,-1,7,8,9,-1,9,8,10,-1,3,1,11,-1,11,1,10,-1,11,10,8,-1,9,10,5,-1,5,10,1,-1,5,1,0,-1,12,13,14,-1,14,13,15,-1,16,12,17,-1,17,12,14,-1,18,16,19,-1,19,16,17,-1,13,18,15,-1,15,18,19,-1,16,18,12,-1,12,18,13,-1,4,7,5,-1,5,7,9,-1,
        ]
    }
}
Shape{
    appearance Appearance {
        material  Material 	{
            diffuseColor 0.0 0.0 0.0
            specularColor 0.0 0.0 0.0
            ambientIntensity 0.0
            transparency 0.0
            shininess 0.5
        }
    }
    geometry IndexedFaceSet {
        ccw TRUE
        solid FALSE
        coord DEF co Coordinate {
            point [
                0.0184 -0.5118 0.1804, 0.0184 -0.5118 0.1774, 0.0184 -0.5079 0.1804, 0.0184 -0.5079 0.1774, 0.0078 -0.5118 0.1804, 0.0078 -0.5079 0.1804, 0.0078 -0.5118 0.2041, 0.0078 -0.5079 0.2041, 0.0043 -0.5118 0.2041, 0.0043 -0.5079 0.2041, 0.0043 -0.5118 0.1774, 0.0043 -0.5079 0.1774, 0.0321 -0.5079 0.177, 0.0344 -0.5079 0.1772, 0.0321 -0.5118 0.177, 0.0362 -0.5118 0.1773, 0.0362 -0.5079 0.1773, 0.039 -0.5079 0.1783, 0.039 -0.5118 0.1783, 0.0395 -0.5079 0.1785, 0.0395 -0.5118 0.1785, 0.0395 -0.5118 0.1818, 0.0395 -0.5079 0.1818, 0.0369 -0.5079 0.1806, 0.0369 -0.5118 0.1806, 0.0338 -0.5079 0.1801, 0.0338 -0.5118 0.1801, 0.0326 -0.5079 0.18, 0.0326 -0.5118 0.18, 0.0299 -0.5079 0.1803, 0.0299 -0.5118 0.1803, 0.028 -0.5079 0.1811, 0.028 -0.5118 0.1811, 0.0263 -0.5079 0.1823, 0.0263 -0.5118 0.1823, 0.0257 -0.5079 0.1828, 0.0257 -0.5118 0.1828, 0.0246 -0.5079 0.1844, 0.0246 -0.5118 0.1844, 0.0237 -0.5079 0.1864, 0.0237 -0.5118 0.1864, 0.0232 -0.5079 0.189, 0.0232 -0.5118 0.189, 0.0231 -0.5079 0.1904, 0.0231 -0.5118 0.1904, 0.0236 -0.5079 0.1941, 0.0236 -0.5118 0.1941, 0.0245 -0.5079 0.1964, 0.0245 -0.5118 0.1964, 0.0259 -0.5079 0.1985, 0.0259 -0.5118 0.1985, 0.0277 -0.5079 0.2, 0.0277 -0.5118 0.2, 0.0298 -0.5079 0.2009, 0.0298 -0.5118 0.2009, 0.0321 -0.5079 0.2014, 0.0321 -0.5118 0.2014, 0.0332 -0.5079 0.2014, 0.0332 -0.5118 0.2014, 0.0365 -0.5079 0.201, 0.0365 -0.5118 0.201, 0.0392 -0.5079 0.2, 0.0392 -0.5118 0.2, 0.0395 -0.5079 0.1998, 0.0395 -0.5118 0.1998, 0.0395 -0.5118 0.2035, 0.0395 -0.5079 0.2035, 0.0332 -0.5079 0.2045, 0.0332 -0.5118 0.2045, 0.0332 -0.5118 0.2045, 0.0367 -0.5079 0.2043, 0.0367 -0.5118 0.2043, 0.036 -0.5079 0.2043, 0.0332 -0.5079 0.2045, 0.0313 -0.5079 0.2043, 0.0293 -0.5118 0.2041, 0.0293 -0.5079 0.2041, 0.0265 -0.5079 0.203, 0.0265 -0.5118 0.203, 0.024 -0.5079 0.2012, 0.024 -0.5118 0.2012, 0.0233 -0.5079 0.2006, 0.0233 -0.5118 0.2006, 0.0214 -0.5079 0.1981, 0.0214 -0.5118 0.1981, 0.0207 -0.5079 0.1964, 0.0201 -0.5118 0.1951, 0.0201 -0.5079 0.1951, 0.0195 -0.5079 0.1916, 0.0195 -0.5118 0.1916, 0.0195 -0.5079 0.1902, 0.0195 -0.5118 0.1902, 0.0229 -0.5079 0.1806, 0.0229 -0.5118 0.1806, 0.0211 -0.5118 0.1831, 0.02 -0.5079 0.1859, 0.02 -0.5118 0.1859, 0.0207 -0.5079 0.1842, 0.0211 -0.5079 0.1831, 0.0305 -0.5118 0.177, 0.0251 -0.5079 0.1788, 0.0251 -0.5118 0.1788, 0.0276 -0.5079 0.1776, 0.0276 -0.5118 0.1776, 0.0298 -0.5079 0.1772, 0.0305 -0.5079 0.177, 0.0592 -0.5118 0.1804, 0.0592 -0.5118 0.1774, 0.0592 -0.5079 0.1804, 0.0592 -0.5079 0.1774, 0.0483 -0.5079 0.1804, 0.0483 -0.5118 0.1804, 0.0555 -0.5079 0.1804, 0.0483 -0.5118 0.1894, 0.0483 -0.5079 0.1894, 0.0578 -0.5118 0.1894, 0.0555 -0.5079 0.1894, 0.0578 -0.5079 0.1894, 0.0578 -0.5118 0.1925, 0.0578 -0.5079 0.1925, 0.0483 -0.5079 0.1925, 0.0483 -0.5118 0.1925, 0.0555 -0.5079 0.1925, 0.0483 -0.5118 0.201, 0.0483 -0.5079 0.201, 0.0586 -0.5118 0.201, 0.0555 -0.5079 0.201, 0.0586 -0.5079 0.201, 0.0586 -0.5118 0.2041, 0.0586 -0.5079 0.2041, 0.0448 -0.5079 0.2041, 0.0448 -0.5118 0.2041, 0.0555 -0.5079 0.2041, 0.0448 -0.5118 0.1774, 0.0448 -0.5079 0.1774, 0.0555 -0.5079 0.1774, 0.0807 -0.5118 0.1847, 0.0795 -0.5118 0.1832, 0.0819 -0.5118 0.1811, 0.0792 -0.5118 0.183, 0.0791 -0.5118 0.1792, 0.0775 -0.5118 0.1818, 0.0761 -0.5118 0.178, 0.0753 -0.5118 0.1809, 0.0716 -0.5118 0.1774, 0.0715 -0.5118 0.1804, 0.0642 -0.5118 0.1774, 0.0677 -0.5118 0.1804, 0.0642 -0.5118 0.2041, 0.0677 -0.5118 0.201, 0.0718 -0.5118 0.2041, 0.0717 -0.5118 0.201, 0.0759 -0.5118 0.2036, 0.0751 -0.5118 0.2006, 0.0791 -0.5118 0.2025, 0.0774 -0.5118 0.1998, 0.0819 -0.5118 0.2006, 0.0794 -0.5118 0.1985, 0.0829 -0.5118 0.1996, 0.0801 -0.5118 0.1978, 0.0845 -0.5118 0.1973, 0.0812 -0.5118 0.1963, 0.0855 -0.5118 0.1948, 0.0819 -0.5118 0.1944, 0.0859 -0.5118 0.1911, 0.0823 -0.5118 0.191, 0.0859 -0.5118 0.1894, 0.0822 -0.5118 0.189, 0.0852 -0.5118 0.1863, 0.0816 -0.5118 0.1866, 0.0839 -0.5118 0.1835, 0.0716 -0.5079 0.1774, 0.0642 -0.5079 0.1774, 0.0819 -0.5079 0.1811, 0.0761 -0.5079 0.178, 0.0764 -0.5079 0.1781, 0.0791 -0.5079 0.1792, 0.0839 -0.5079 0.1835, 0.0852 -0.5079 0.1863, 0.0859 -0.5079 0.1894, 0.0859 -0.5079 0.1911, 0.0855 -0.5079 0.1948, 0.0845 -0.5079 0.1973, 0.0829 -0.5079 0.1996, 0.0819 -0.5079 0.2006, 0.0718 -0.5079 0.2041, 0.0791 -0.5079 0.2025, 0.0764 -0.5079 0.2034, 0.0759 -0.5079 0.2036, 0.0642 -0.5079 0.2041, 0.0717 -0.5079 0.201, 0.0677 -0.5079 0.201, 0.0677 -0.5079 0.1804, 0.0715 -0.5079 0.1804, 0.0795 -0.5079 0.1832, 0.0792 -0.5079 0.183, 0.0775 -0.5079 0.1818, 0.0753 -0.5079 0.1809, 0.0823 -0.5079 0.191, 0.0822 -0.5079 0.189, 0.0816 -0.5079 0.1866, 0.0807 -0.5079 0.1847, 0.0794 -0.5079 0.1985, 0.0801 -0.5079 0.1978, 0.0812 -0.5079 0.1963, 0.0819 -0.5079 0.1944, 0.0751 -0.5079 0.2006, 0.0774 -0.5079 0.1998
            ]
        }
        coordIndex [
            0,1,2,-1,2,1,3,-1,4,0,5,-1,5,0,2,-1,6,4,7,-1,7,4,5,-1,8,6,9,-1,9,6,7,-1,10,8,11,-1,11,8,9,-1,1,10,3,-1,3,10,11,-1,6,8,4,-1,4,8,10,-1,4,10,0,-1,0,10,1,-1,12,13,14,-1,14,13,15,-1,13,16,15,-1,15,16,17,-1,15,17,18,-1,18,17,19,-1,18,19,20,-1,21,20,22,-1,22,20,19,-1,21,22,23,-1,21,23,24,-1,24,23,25,-1,24,25,26,-1,26,25,27,-1,26,27,28,-1,28,27,29,-1,28,29,30,-1,30,29,31,-1,30,31,32,-1,32,31,33,-1,32,33,34,-1,34,33,35,-1,34,35,36,-1,36,35,37,-1,36,37,38,-1,38,37,39,-1,38,39,40,-1,40,39,41,-1,40,41,42,-1,42,41,43,-1,42,43,44,-1,44,43,45,-1,44,45,46,-1,46,45,47,-1,46,47,48,-1,48,47,49,-1,48,49,50,-1,50,49,51,-1,50,51,52,-1,52,51,53,-1,52,53,54,-1,54,53,55,-1,54,55,56,-1,56,55,57,-1,56,57,58,-1,58,57,59,-1,58,59,60,-1,60,59,61,-1,60,61,62,-1,62,61,63,-1,62,63,64,-1,65,64,66,-1,66,64,63,-1,67,68,69,-1,65,66,70,-1,65,70,71,-1,71,70,72,-1,71,72,69,-1,69,72,73,-1,69,73,67,-1,68,67,74,-1,68,74,75,-1,74,76,75,-1,75,76,77,-1,75,77,78,-1,78,77,79,-1,78,79,80,-1,80,79,81,-1,80,81,82,-1,82,81,83,-1,82,83,84,-1,84,83,85,-1,84,85,86,-1,85,87,86,-1,86,87,88,-1,86,88,89,-1,89,88,90,-1,89,90,91,-1,92,93,94,-1,91,90,95,-1,91,95,96,-1,96,95,97,-1,96,97,94,-1,94,97,98,-1,94,98,92,-1,12,14,99,-1,93,92,100,-1,93,100,101,-1,101,100,102,-1,101,102,103,-1,103,102,104,-1,103,104,99,-1,99,104,105,-1,99,105,12,-1,62,64,65,-1,52,80,50,-1,50,80,82,-1,50,82,48,-1,48,82,84,-1,48,84,46,-1,62,65,60,-1,60,65,71,-1,60,71,58,-1,58,71,69,-1,58,69,56,-1,56,69,68,-1,56,68,54,-1,54,68,75,-1,54,75,52,-1,52,75,78,-1,52,78,80,-1,91,44,89,-1,89,44,46,-1,89,46,86,-1,86,46,84,-1,20,21,18,-1,18,21,24,-1,18,24,15,-1,15,24,26,-1,15,26,14,-1,14,26,28,-1,14,28,99,-1,99,28,30,-1,99,30,103,-1,103,30,32,-1,103,32,101,-1,101,32,34,-1,101,34,93,-1,93,34,36,-1,93,36,94,-1,94,36,38,-1,94,38,96,-1,96,38,40,-1,96,40,91,-1,91,40,42,-1,91,42,44,-1,106,107,108,-1,108,107,109,-1,110,111,112,-1,112,111,106,-1,112,106,108,-1,113,111,114,-1,114,111,110,-1,113,114,115,-1,115,114,116,-1,115,116,117,-1,118,115,119,-1,119,115,117,-1,120,121,122,-1,122,121,118,-1,122,118,119,-1,123,121,124,-1,124,121,120,-1,123,124,125,-1,125,124,126,-1,125,126,127,-1,128,125,129,-1,129,125,127,-1,130,131,132,-1,132,131,128,-1,132,128,129,-1,133,131,134,-1,134,131,130,-1,133,134,107,-1,107,134,135,-1,107,135,109,-1,133,107,106,-1,106,111,133,-1,133,111,113,-1,133,113,131,-1,125,128,123,-1,123,128,131,-1,123,131,121,-1,121,131,113,-1,121,113,118,-1,118,113,115,-1,136,137,138,-1,138,137,139,-1,138,139,140,-1,140,139,141,-1,140,141,142,-1,142,141,143,-1,142,143,144,-1,144,143,145,-1,144,145,146,-1,146,145,147,-1,146,147,148,-1,148,147,149,-1,148,149,150,-1,150,149,151,-1,150,151,152,-1,152,151,153,-1,152,153,154,-1,154,153,155,-1,154,155,156,-1,156,155,157,-1,156,157,158,-1,158,157,159,-1,158,159,160,-1,160,159,161,-1,160,161,162,-1,162,161,163,-1,162,163,164,-1,164,163,165,-1,164,165,166,-1,166,165,167,-1,166,167,168,-1,168,167,169,-1,168,169,170,-1,170,169,136,-1,170,136,138,-1,144,146,171,-1,171,146,172,-1,173,138,140,-1,144,171,174,-1,144,174,142,-1,142,174,175,-1,142,175,140,-1,140,175,176,-1,140,176,173,-1,138,173,177,-1,138,177,170,-1,170,177,178,-1,170,178,168,-1,168,178,179,-1,168,179,166,-1,166,179,180,-1,166,180,164,-1,164,180,181,-1,164,181,162,-1,162,181,182,-1,162,182,160,-1,160,182,183,-1,160,183,158,-1,158,183,184,-1,158,184,156,-1,185,150,152,-1,156,184,186,-1,156,186,154,-1,154,186,187,-1,154,187,152,-1,152,187,188,-1,152,188,185,-1,148,150,189,-1,189,150,185,-1,146,148,172,-1,172,148,189,-1,151,149,190,-1,190,149,191,-1,149,147,191,-1,191,147,192,-1,147,145,192,-1,192,145,193,-1,137,194,195,-1,137,195,139,-1,139,195,196,-1,139,196,141,-1,141,196,197,-1,141,197,143,-1,143,197,193,-1,143,193,145,-1,165,198,199,-1,165,199,167,-1,167,199,200,-1,167,200,169,-1,169,200,201,-1,169,201,136,-1,136,201,194,-1,136,194,137,-1,157,202,203,-1,157,203,159,-1,159,203,204,-1,159,204,161,-1,161,204,205,-1,161,205,163,-1,163,205,198,-1,163,198,165,-1,151,190,206,-1,151,206,153,-1,153,206,207,-1,153,207,155,-1,155,207,202,-1,155,202,157,-1,
        ]
    }
}
Shape{
    appearance Appearance {
        material  Material 	{
            diffuseColor 0.7529411764705882 0.7529411764705882 0.7529411764705882
            specularColor 0.3764705882352941 0.3764705882352941 0.3764705882352941
            ambientIntensity 0.7529
            transparency 0.0
            shininess 0.5
        }
    }
    geometry IndexedFaceSet {
        ccw TRUE
        solid FALSE
        coord DEF co Coordinate {
            point [
                0.0792 -0.5079 0.183, 0.0795 -0.5079 0.1832, 0.0717 -0.5079 0.201, 0.0677 -0.5079 0.201, 0.0677 -0.5079 0.1804, 0.0715 -0.5079 0.1804, 0.0753 -0.5079 0.1809, 0.0775 -0.5079 0.1818, 0.0807 -0.5079 0.1847, 0.0816 -0.5079 0.1866, 0.0822 -0.5079 0.189, 0.0823 -0.5079 0.191, 0.0819 -0.5079 0.1944, 0.0812 -0.5079 0.1963, 0.0801 -0.5079 0.1978, 0.0794 -0.5079 0.1985, 0.0751 -0.5079 0.2006, 0.0774 -0.5079 0.1998
            ]
        }
        coordIndex [
            0,1,2,-1,3,4,2,-1,2,4,5,-1,5,6,2,-1,2,6,7,-1,2,7,0,-1,1,8,2,-1,2,8,9,-1,2,9,10,-1,10,11,2,-1,2,11,12,-1,2,12,13,-1,13,14,2,-1,2,14,15,-1,2,15,16,-1,16,15,17,-1,
        ]
    }
}
Shape{
    appearance Appearance {
        material  Material 	{
            diffuseColor 0.0 0.0 0.0
            specularColor 0.0 0.0 0.0
            ambientIntensity 0.0
            transparency 0.0
            shininess 0.5
        }
    }
    geometry IndexedFaceSet {
        ccw TRUE
        solid FALSE
        coord DEF co Coordinate {
            point [
                0.0949 -0.5118 0.1877, 0.0938 -0.5118 0.1847, 0.1038 -0.5118 0.1877, 0.1049 -0.5118 0.1847, 0.0989 -0.5118 0.1988, 0.0976 -0.5118 0.2041, 0.0874 -0.5118 0.1774, 0.0912 -0.5118 0.1774, 0.0991 -0.5118 0.1996, 0.0993 -0.5118 0.2007, 0.1013 -0.5118 0.2041, 0.0994 -0.5118 0.2007, 0.0996 -0.5118 0.1996, 0.0998 -0.5118 0.1988, 0.1114 -0.5118 0.1774, 0.1076 -0.5118 0.1774, 0.1013 -0.5079 0.2041, 0.1114 -0.5079 0.1774, 0.0976 -0.5079 0.2041, 0.0874 -0.5079 0.1774, 0.0951 -0.5079 0.1976, 0.0912 -0.5079 0.1774, 0.0938 -0.5079 0.1847, 0.1049 -0.5079 0.1847, 0.0951 -0.5079 0.1847, 0.1076 -0.5079 0.1774, 0.0949 -0.5079 0.1877, 0.1038 -0.5079 0.1877, 0.0998 -0.5079 0.1988, 0.0994 -0.5079 0.2007, 0.0996 -0.5079 0.1996, 0.0993 -0.5079 0.2007, 0.0989 -0.5079 0.1988, 0.0991 -0.5079 0.1996
            ]
        }
        coordIndex [
            0,1,2,-1,2,1,3,-1,4,5,0,-1,0,5,6,-1,0,6,1,-1,1,6,7,-1,4,8,5,-1,5,8,9,-1,5,9,10,-1,10,9,11,-1,10,11,12,-1,12,13,10,-1,10,13,2,-1,10,2,14,-1,14,2,3,-1,14,3,15,-1,10,14,16,-1,16,14,17,-1,5,10,18,-1,18,10,16,-1,19,6,20,-1,20,6,5,-1,20,5,18,-1,7,6,21,-1,21,6,19,-1,1,7,22,-1,22,7,21,-1,23,3,24,-1,24,3,1,-1,24,1,22,-1,15,3,25,-1,25,3,23,-1,14,15,17,-1,17,15,25,-1,0,2,26,-1,26,2,27,-1,2,13,27,-1,27,13,28,-1,11,29,30,-1,11,30,12,-1,12,30,28,-1,12,28,13,-1,11,9,29,-1,29,9,31,-1,4,32,33,-1,4,33,8,-1,8,33,31,-1,8,31,9,-1,4,0,32,-1,32,0,26,-1,
        ]
    }
}
Shape{
    appearance Appearance {
        material  Material 	{
            diffuseColor 0.7529411764705882 0.7529411764705882 0.7529411764705882
            specularColor 0.3764705882352941 0.3764705882352941 0.3764705882352941
            ambientIntensity 0.7529
            transparency 0.0
            shininess 0.5
        }
    }
    geometry IndexedFaceSet {
        ccw TRUE
        solid FALSE
        coord DEF co Coordinate {
            point [
                0.0994 -0.5079 0.2007, 0.0993 -0.5079 0.2007, 0.0996 -0.5079 0.1996, 0.0991 -0.5079 0.1996, 0.0998 -0.5079 0.1988, 0.0989 -0.5079 0.1988, 0.1038 -0.5079 0.1877, 0.0949 -0.5079 0.1877
            ]
        }
        coordIndex [
            0,1,2,-1,2,1,3,-1,2,3,4,-1,4,3,5,-1,4,5,6,-1,6,5,7,-1,
        ]
    }
}
Shape{
    appearance Appearance {
        material  Material 	{
            diffuseColor 0.0 0.0 0.0
            specularColor 0.0 0.0 0.0
            ambientIntensity 0.0
            transparency 0.0
            shininess 0.5
        }
    }
    geometry IndexedFaceSet {
        ccw TRUE
        solid FALSE
        coord DEF co Coordinate {
            point [
                0.0187 -0.5118 0.1381, 0.0187 -0.5118 0.1351, 0.0187 -0.5079 0.1381, 0.0187 -0.5079 0.1351, 0.0078 -0.5118 0.1381, 0.0078 -0.5079 0.1381, 0.0078 -0.5118 0.1471, 0.0078 -0.5079 0.1471, 0.0173 -0.5118 0.1471, 0.0173 -0.5079 0.1471, 0.0173 -0.5118 0.1501, 0.0173 -0.5079 0.1501, 0.0078 -0.5118 0.1501, 0.0078 -0.5079 0.1501, 0.0078 -0.5118 0.1587, 0.0078 -0.5079 0.1587, 0.0181 -0.5118 0.1587, 0.0181 -0.5079 0.1587, 0.0181 -0.5118 0.1618, 0.0181 -0.5079 0.1618, 0.0043 -0.5118 0.1618, 0.0043 -0.5079 0.1618, 0.0043 -0.5118 0.1351, 0.0043 -0.5079 0.1351, 0.0338 -0.5118 0.138, 0.0339 -0.5118 0.138, 0.0336 -0.5118 0.1411, 0.0265 -0.5118 0.1431, 0.0273 -0.5118 0.1435, 0.0254 -0.5118 0.1457, 0.0339 -0.5118 0.1426, 0.0372 -0.5118 0.1473, 0.0339 -0.5118 0.1428, 0.0339 -0.5118 0.1446, 0.0339 -0.5118 0.1351, 0.0372 -0.5118 0.1351, 0.0326 -0.5118 0.1543, 0.0319 -0.5118 0.1515, 0.034 -0.5118 0.1538, 0.0325 -0.5118 0.1511, 0.0331 -0.5118 0.1399, 0.0324 -0.5118 0.1389, 0.0332 -0.5118 0.1371, 0.032 -0.5118 0.1385, 0.0321 -0.5118 0.136, 0.0311 -0.5118 0.1379, 0.031 -0.5118 0.1353, 0.03 -0.5118 0.1375, 0.0297 -0.5118 0.1348, 0.0288 -0.5118 0.1374, 0.0279 -0.5118 0.1346, 0.0277 -0.5118 0.1375, 0.0259 -0.5118 0.1348, 0.0269 -0.5118 0.1378, 0.0246 -0.5118 0.1353, 0.0262 -0.5118 0.1382, 0.0235 -0.5118 0.1361, 0.026 -0.5118 0.1385, 0.0282 -0.5118 0.1464, 0.0294 -0.5118 0.144, 0.0339 -0.5118 0.1472, 0.0237 -0.5118 0.1528, 0.0237 -0.5118 0.1495, 0.0244 -0.5118 0.1532, 0.0261 -0.5118 0.151, 0.0269 -0.5118 0.1541, 0.0281 -0.5118 0.1517, 0.0303 -0.5118 0.1546, 0.03 -0.5118 0.1518, 0.0311 -0.5118 0.1517, 0.0337 -0.5118 0.1486, 0.0369 -0.5118 0.1501, 0.0334 -0.5118 0.1498, 0.0363 -0.5118 0.1516, 0.033 -0.5118 0.1505, 0.0356 -0.5118 0.1526, 0.035 -0.5118 0.1532, 0.0262 -0.5118 0.1429, 0.0241 -0.5118 0.1449, 0.0258 -0.5118 0.1424, 0.0231 -0.5118 0.144, 0.0255 -0.5118 0.1417, 0.0224 -0.5118 0.1429, 0.0253 -0.5118 0.141, 0.022 -0.5118 0.1417, 0.0253 -0.5118 0.1404, 0.0219 -0.5118 0.1402, 0.0254 -0.5118 0.1397, 0.0221 -0.5118 0.1385, 0.0256 -0.5118 0.1391, 0.0225 -0.5118 0.1374, 0.0232 -0.5118 0.1364, 0.0303 -0.5079 0.1546, 0.0269 -0.5079 0.1541, 0.0244 -0.5079 0.1532, 0.0237 -0.5079 0.1528, 0.0237 -0.5079 0.1495, 0.0261 -0.5079 0.151, 0.0281 -0.5079 0.1517, 0.03 -0.5079 0.1518, 0.0311 -0.5079 0.1517, 0.0319 -0.5079 0.1515, 0.0325 -0.5079 0.1511, 0.033 -0.5079 0.1505, 0.0334 -0.5079 0.1498, 0.0337 -0.5079 0.1486, 0.0339 -0.5079 0.1472, 0.0282 -0.5079 0.1464, 0.0254 -0.5079 0.1457, 0.0241 -0.5079 0.1449, 0.0231 -0.5079 0.144, 0.0224 -0.5079 0.1429, 0.022 -0.5079 0.1417, 0.0219 -0.5079 0.1402, 0.0221 -0.5079 0.1385, 0.0225 -0.5079 0.1374, 0.0232 -0.5079 0.1364, 0.0235 -0.5079 0.1361, 0.0279 -0.5079 0.1346, 0.026 -0.5079 0.1348, 0.0259 -0.5079 0.1348, 0.0246 -0.5079 0.1353, 0.0297 -0.5079 0.1348, 0.0298 -0.5079 0.1348, 0.031 -0.5079 0.1353, 0.0321 -0.5079 0.136, 0.0332 -0.5079 0.1371, 0.0338 -0.5079 0.138, 0.0339 -0.5079 0.138, 0.0339 -0.5079 0.1351, 0.0372 -0.5079 0.1351, 0.0372 -0.5079 0.1473, 0.0369 -0.5079 0.1501, 0.0363 -0.5079 0.1516, 0.0356 -0.5079 0.1526, 0.035 -0.5079 0.1532, 0.034 -0.5079 0.1538, 0.0326 -0.5079 0.1543, 0.0262 -0.5079 0.1429, 0.0265 -0.5079 0.1431, 0.0273 -0.5079 0.1435, 0.0294 -0.5079 0.144, 0.0253 -0.5079 0.1404, 0.0253 -0.5079 0.141, 0.0255 -0.5079 0.1417, 0.0258 -0.5079 0.1424, 0.0262 -0.5079 0.1382, 0.026 -0.5079 0.1385, 0.0256 -0.5079 0.1391, 0.0254 -0.5079 0.1397, 0.0288 -0.5079 0.1374, 0.0277 -0.5079 0.1375, 0.0269 -0.5079 0.1378, 0.0324 -0.5079 0.1389, 0.032 -0.5079 0.1385, 0.0311 -0.5079 0.1379, 0.03 -0.5079 0.1375, 0.0339 -0.5079 0.1428, 0.0339 -0.5079 0.1426, 0.0336 -0.5079 0.1411, 0.0331 -0.5079 0.1399, 0.0339 -0.5079 0.1446
            ]
        }
        coordIndex [
            0,1,2,-1,2,1,3,-1,4,0,5,-1,5,0,2,-1,6,4,7,-1,7,4,5,-1,8,6,9,-1,9,6,7,-1,10,8,11,-1,11,8,9,-1,12,10,13,-1,13,10,11,-1,14,12,15,-1,15,12,13,-1,16,14,17,-1,17,14,15,-1,18,16,19,-1,19,16,17,-1,20,18,21,-1,21,18,19,-1,22,20,23,-1,23,20,21,-1,1,22,3,-1,3,22,23,-1,22,1,0,-1,0,4,22,-1,22,4,6,-1,22,6,20,-1,16,18,14,-1,14,18,20,-1,14,20,12,-1,12,20,6,-1,12,6,10,-1,10,6,8,-1,24,25,26,-1,27,28,29,-1,30,31,32,-1,32,31,33,-1,34,35,25,-1,25,35,31,-1,25,31,26,-1,26,31,30,-1,36,37,38,-1,38,37,39,-1,26,40,24,-1,24,40,41,-1,24,41,42,-1,42,41,43,-1,42,43,44,-1,44,43,45,-1,44,45,46,-1,46,45,47,-1,46,47,48,-1,48,47,49,-1,48,49,50,-1,50,49,51,-1,50,51,52,-1,52,51,53,-1,52,53,54,-1,54,53,55,-1,54,55,56,-1,56,55,57,-1,29,28,58,-1,58,28,59,-1,58,59,60,-1,61,62,63,-1,63,62,64,-1,63,64,65,-1,65,64,66,-1,65,66,67,-1,67,66,68,-1,67,68,36,-1,36,68,69,-1,36,69,37,-1,59,33,60,-1,60,33,31,-1,60,31,70,-1,70,31,71,-1,70,71,72,-1,72,71,73,-1,72,73,74,-1,74,73,75,-1,74,75,39,-1,39,75,76,-1,39,76,38,-1,27,29,77,-1,77,29,78,-1,77,78,79,-1,79,78,80,-1,79,80,81,-1,81,80,82,-1,81,82,83,-1,83,82,84,-1,83,84,85,-1,85,84,86,-1,85,86,87,-1,87,86,88,-1,87,88,89,-1,89,88,90,-1,89,90,57,-1,57,90,91,-1,57,91,56,-1,67,92,93,-1,67,93,65,-1,65,93,94,-1,65,94,63,-1,63,94,95,-1,63,95,61,-1,62,61,96,-1,96,61,95,-1,62,96,97,-1,62,97,64,-1,64,97,98,-1,64,98,66,-1,66,98,99,-1,66,99,68,-1,68,99,100,-1,68,100,69,-1,69,100,101,-1,69,101,37,-1,37,101,102,-1,37,102,39,-1,39,102,103,-1,39,103,74,-1,74,103,104,-1,74,104,72,-1,72,104,105,-1,72,105,70,-1,70,105,106,-1,70,106,60,-1,58,60,107,-1,107,60,106,-1,58,107,108,-1,58,108,29,-1,29,108,109,-1,29,109,78,-1,78,109,110,-1,78,110,80,-1,80,110,111,-1,80,111,82,-1,82,111,112,-1,82,112,84,-1,84,112,113,-1,84,113,86,-1,86,113,114,-1,86,114,88,-1,88,114,115,-1,88,115,90,-1,90,115,116,-1,90,116,91,-1,91,116,117,-1,91,117,56,-1,118,50,119,-1,119,50,52,-1,119,52,120,-1,120,52,54,-1,120,54,121,-1,121,54,56,-1,121,56,117,-1,50,118,122,-1,50,122,48,-1,48,122,123,-1,48,123,46,-1,123,124,46,-1,46,124,125,-1,46,125,44,-1,44,125,126,-1,44,126,42,-1,42,126,127,-1,42,127,24,-1,25,24,128,-1,128,24,127,-1,34,25,129,-1,129,25,128,-1,35,34,130,-1,130,34,129,-1,31,35,131,-1,131,35,130,-1,31,131,132,-1,31,132,71,-1,71,132,133,-1,71,133,73,-1,73,133,134,-1,73,134,75,-1,75,134,135,-1,75,135,76,-1,76,135,136,-1,76,136,38,-1,38,136,137,-1,38,137,36,-1,36,137,92,-1,36,92,67,-1,77,138,139,-1,77,139,27,-1,27,139,140,-1,27,140,28,-1,28,140,141,-1,28,141,59,-1,85,142,143,-1,85,143,83,-1,83,143,144,-1,83,144,81,-1,81,144,145,-1,81,145,79,-1,79,145,138,-1,79,138,77,-1,55,146,147,-1,55,147,57,-1,57,147,148,-1,57,148,89,-1,89,148,149,-1,89,149,87,-1,87,149,142,-1,87,142,85,-1,49,150,151,-1,49,151,51,-1,51,151,152,-1,51,152,53,-1,53,152,146,-1,53,146,55,-1,41,153,154,-1,41,154,43,-1,43,154,155,-1,43,155,45,-1,45,155,156,-1,45,156,47,-1,47,156,150,-1,47,150,49,-1,32,157,158,-1,32,158,30,-1,30,158,159,-1,30,159,26,-1,26,159,160,-1,26,160,40,-1,40,160,153,-1,40,153,41,-1,32,33,157,-1,157,33,161,-1,33,59,161,-1,161,59,141,-1,
        ]
    }
}
Shape{
    appearance Appearance {
        material  Material 	{
            diffuseColor 0.7529411764705882 0.7529411764705882 0.7529411764705882
            specularColor 0.3764705882352941 0.3764705882352941 0.3764705882352941
            ambientIntensity 0.7529
            transparency 0.0
            shininess 0.5
        }
    }
    geometry IndexedFaceSet {
        ccw TRUE
        solid FALSE
        coord DEF co Coordinate {
            point [
                0.0339 -0.5079 0.1426, 0.0339 -0.5079 0.1428, 0.0262 -0.5079 0.1429, 0.0339 -0.5079 0.1446, 0.0294 -0.5079 0.144, 0.0273 -0.5079 0.1435, 0.0265 -0.5079 0.1431, 0.0336 -0.5079 0.1411, 0.0258 -0.5079 0.1424, 0.0331 -0.5079 0.1399, 0.026 -0.5079 0.1385, 0.0262 -0.5079 0.1382, 0.032 -0.5079 0.1385, 0.0256 -0.5079 0.1391, 0.0311 -0.5079 0.1379, 0.03 -0.5079 0.1375, 0.0288 -0.5079 0.1374, 0.0255 -0.5079 0.1417, 0.0253 -0.5079 0.141, 0.0324 -0.5079 0.1389, 0.0253 -0.5079 0.1404, 0.0254 -0.5079 0.1397, 0.0269 -0.5079 0.1378, 0.0277 -0.5079 0.1375
            ]
        }
        coordIndex [
            0,1,2,-1,1,3,4,-1,4,5,1,-1,1,5,6,-1,1,6,2,-1,0,2,7,-1,7,2,8,-1,7,8,9,-1,10,11,12,-1,10,12,13,-1,14,12,15,-1,15,12,16,-1,8,17,9,-1,9,17,18,-1,9,18,19,-1,19,18,20,-1,19,20,12,-1,12,20,21,-1,12,21,13,-1,11,22,12,-1,12,22,23,-1,12,23,16,-1,
        ]
    }
}
Shape{
    appearance Appearance {
        material  Material 	{
            diffuseColor 0.0 0.0 0.0
            specularColor 0.0 0.0 0.0
            ambientIntensity 0.0
            transparency 0.0
            shininess 0.5
        }
    }
    geometry IndexedFaceSet {
        ccw TRUE
        solid FALSE
        coord DEF co Coordinate {
            point [
                0.0417 -0.5079 0.1392, 0.0417 -0.5118 0.1392, 0.0432 -0.5118 0.1383, 0.0472 -0.5118 0.1373, 0.0472 -0.5079 0.1373, 0.0453 -0.5079 0.1375, 0.0453 -0.5118 0.1375, 0.0433 -0.5079 0.1383, 0.0432 -0.5079 0.1383, 0.0417 -0.5118 0.1357, 0.0417 -0.5079 0.1357, 0.0433 -0.5079 0.1352, 0.0441 -0.5118 0.1349, 0.0469 -0.5079 0.1346, 0.0469 -0.5118 0.1346, 0.0447 -0.5079 0.1348, 0.0441 -0.5079 0.1349, 0.0488 -0.5079 0.1348, 0.0499 -0.5118 0.135, 0.0499 -0.5079 0.135, 0.0517 -0.5079 0.1356, 0.0517 -0.5118 0.1356, 0.0525 -0.5079 0.1361, 0.0525 -0.5118 0.1361, 0.0534 -0.5079 0.137, 0.0534 -0.5118 0.137, 0.054 -0.5079 0.1378, 0.054 -0.5118 0.1378, 0.0544 -0.5079 0.1389, 0.0544 -0.5118 0.1389, 0.0546 -0.5079 0.1402, 0.0546 -0.5118 0.1402, 0.0545 -0.5079 0.1415, 0.0545 -0.5118 0.1415, 0.0541 -0.5079 0.1425, 0.0541 -0.5118 0.1425, 0.0535 -0.5079 0.1434, 0.0535 -0.5118 0.1434, 0.0527 -0.5079 0.1441, 0.0527 -0.5118 0.1441, 0.0505 -0.5079 0.1453, 0.0505 -0.5118 0.1453, 0.0492 -0.5079 0.1459, 0.0492 -0.5118 0.1459, 0.0471 -0.5079 0.1468, 0.0471 -0.5118 0.1468, 0.0459 -0.5079 0.1475, 0.0459 -0.5118 0.1475, 0.0456 -0.5079 0.1479, 0.0456 -0.5118 0.1479, 0.0454 -0.5079 0.1483, 0.0454 -0.5118 0.1483, 0.0452 -0.5079 0.1488, 0.0452 -0.5118 0.1488, 0.0452 -0.5079 0.1493, 0.0452 -0.5118 0.1493, 0.0453 -0.5079 0.1498, 0.0453 -0.5118 0.1498, 0.0454 -0.5079 0.1503, 0.0454 -0.5118 0.1503, 0.0457 -0.5079 0.1507, 0.0457 -0.5118 0.1507, 0.0462 -0.5079 0.1511, 0.0462 -0.5118 0.1511, 0.047 -0.5079 0.1515, 0.047 -0.5118 0.1515, 0.0479 -0.5079 0.1518, 0.0479 -0.5118 0.1518, 0.0488 -0.5079 0.1518, 0.0488 -0.5118 0.1518, 0.0512 -0.5079 0.1516, 0.0512 -0.5118 0.1516, 0.0531 -0.5079 0.1508, 0.0531 -0.5118 0.1508, 0.0537 -0.5079 0.1505, 0.0537 -0.5118 0.1505, 0.0537 -0.5118 0.1537, 0.0537 -0.5079 0.1537, 0.0515 -0.5079 0.1544, 0.0515 -0.5118 0.1544, 0.0492 -0.5079 0.1546, 0.0492 -0.5118 0.1546, 0.0465 -0.5079 0.1542, 0.0465 -0.5118 0.1542, 0.0447 -0.5079 0.1536, 0.0447 -0.5118 0.1536, 0.0439 -0.5079 0.153, 0.0439 -0.5118 0.153, 0.0433 -0.5079 0.1525, 0.0429 -0.5118 0.1522, 0.0429 -0.5079 0.1522, 0.0423 -0.5079 0.1512, 0.0423 -0.5118 0.1512, 0.0419 -0.5079 0.1502, 0.0419 -0.5118 0.1502, 0.0417 -0.5079 0.149, 0.0417 -0.5118 0.149, 0.0419 -0.5079 0.1477, 0.0419 -0.5118 0.1477, 0.0423 -0.5079 0.1467, 0.0423 -0.5118 0.1467, 0.0427 -0.5079 0.146, 0.0427 -0.5118 0.146, 0.0468 -0.5079 0.1434, 0.0468 -0.5118 0.1434, 0.0448 -0.5118 0.1444, 0.0432 -0.5079 0.1454, 0.0432 -0.5118 0.1454, 0.0433 -0.5079 0.1454, 0.0448 -0.5079 0.1444, 0.049 -0.5079 0.1425, 0.049 -0.5118 0.1425, 0.0503 -0.5079 0.1417, 0.0503 -0.5118 0.1417, 0.0507 -0.5079 0.1413, 0.0507 -0.5118 0.1413, 0.051 -0.5079 0.1409, 0.051 -0.5118 0.1409, 0.0511 -0.5079 0.1403, 0.0511 -0.5118 0.1403, 0.0512 -0.5079 0.1399, 0.0512 -0.5118 0.1399, 0.0511 -0.5079 0.1393, 0.0511 -0.5118 0.1393, 0.0509 -0.5079 0.1388, 0.0509 -0.5118 0.1388, 0.0506 -0.5079 0.1384, 0.0506 -0.5118 0.1384, 0.0503 -0.5079 0.138, 0.0503 -0.5118 0.138, 0.05 -0.5079 0.1379, 0.05 -0.5118 0.1379, 0.0491 -0.5079 0.1375, 0.0491 -0.5118 0.1375, 0.0474 -0.5079 0.1373, 0.0474 -0.5118 0.1373, 0.0712 -0.5118 0.1541, 0.0746 -0.5118 0.1541, 0.0712 -0.5079 0.1541, 0.0746 -0.5079 0.1541, 0.066 -0.5118 0.1398, 0.066 -0.5079 0.1398, 0.0657 -0.5079 0.1389, 0.0657 -0.5118 0.1389, 0.0656 -0.5079 0.1382, 0.0656 -0.5118 0.1382, 0.0655 -0.5118 0.1382, 0.0655 -0.5079 0.1382, 0.0651 -0.5118 0.1398, 0.0651 -0.5079 0.1398, 0.0601 -0.5118 0.1541, 0.0617 -0.5079 0.1495, 0.0601 -0.5079 0.1541, 0.0563 -0.5118 0.1541, 0.0563 -0.5079 0.1541, 0.0638 -0.5118 0.1351, 0.0617 -0.5079 0.1405, 0.0638 -0.5079 0.1351, 0.0624 -0.5079 0.1316, 0.0624 -0.5118 0.1316, 0.0637 -0.5079 0.1348, 0.0617 -0.5079 0.1304, 0.0617 -0.5118 0.1304, 0.0617 -0.5079 0.1304, 0.0611 -0.5079 0.1297, 0.0611 -0.5118 0.1297, 0.0605 -0.5079 0.1294, 0.0605 -0.5118 0.1294, 0.0598 -0.5079 0.1291, 0.0598 -0.5118 0.1291, 0.0589 -0.5079 0.1289, 0.0589 -0.5118 0.1289, 0.0577 -0.5079 0.1291, 0.0577 -0.5118 0.1291, 0.057 -0.5079 0.1293, 0.057 -0.5118 0.1293, 0.057 -0.5118 0.1264, 0.057 -0.5079 0.1264, 0.0584 -0.5079 0.1261, 0.0584 -0.5118 0.1261, 0.0592 -0.5079 0.1261, 0.0592 -0.5118 0.1261, 0.0605 -0.5079 0.1262, 0.0605 -0.5118 0.1262, 0.0617 -0.5079 0.1267, 0.0619 -0.5118 0.1267, 0.0619 -0.5079 0.1267, 0.063 -0.5079 0.1276, 0.063 -0.5118 0.1276, 0.0633 -0.5079 0.1278, 0.0633 -0.5118 0.1278, 0.0645 -0.5079 0.1292, 0.0645 -0.5118 0.1292, 0.066 -0.5079 0.1322, 0.066 -0.5118 0.1322, 0.067 -0.5079 0.1348, 0.0926 -0.5118 0.1381, 0.0926 -0.5118 0.1351, 0.0926 -0.5079 0.1381, 0.0926 -0.5079 0.1351, 0.0817 -0.5118 0.1381, 0.0867 -0.5079 0.1381, 0.0817 -0.5079 0.1381, 0.0817 -0.5118 0.1471, 0.0817 -0.5079 0.1471, 0.0912 -0.5118 0.1471, 0.0867 -0.5079 0.1471, 0.0912 -0.5079 0.1471, 0.0912 -0.5118 0.1501, 0.0912 -0.5079 0.1501, 0.0817 -0.5079 0.1501, 0.0817 -0.5118 0.1501, 0.0867 -0.5079 0.1501, 0.0817 -0.5118 0.1587, 0.0817 -0.5079 0.1587, 0.092 -0.5079 0.1587, 0.092 -0.5118 0.1587, 0.0867 -0.5079 0.1587, 0.092 -0.5118 0.1618, 0.092 -0.5079 0.1618, 0.0782 -0.5079 0.1618, 0.0782 -0.5118 0.1618, 0.0867 -0.5079 0.1618, 0.0782 -0.5118 0.1351, 0.0782 -0.5079 0.1351, 0.0867 -0.5079 0.1351, 0.1141 -0.5118 0.1423, 0.1129 -0.5118 0.1409, 0.1153 -0.5118 0.1388, 0.1126 -0.5118 0.1406, 0.1126 -0.5118 0.1368, 0.1109 -0.5118 0.1394, 0.1095 -0.5118 0.1356, 0.1087 -0.5118 0.1386, 0.105 -0.5118 0.1351, 0.105 -0.5118 0.1381, 0.0976 -0.5118 0.1351, 0.1011 -0.5118 0.1381, 0.0976 -0.5118 0.1618, 0.1011 -0.5118 0.1587, 0.1053 -0.5118 0.1618, 0.1051 -0.5118 0.1587, 0.1093 -0.5118 0.1613, 0.1085 -0.5118 0.1583, 0.1125 -0.5118 0.1601, 0.1109 -0.5118 0.1575, 0.1153 -0.5118 0.1582, 0.1128 -0.5118 0.1562, 0.1163 -0.5118 0.1573, 0.1136 -0.5118 0.1555, 0.1179 -0.5118 0.155, 0.1146 -0.5118 0.154, 0.1189 -0.5118 0.1524, 0.1153 -0.5118 0.152, 0.1194 -0.5118 0.1487, 0.1157 -0.5118 0.1487, 0.1193 -0.5118 0.1471, 0.1156 -0.5118 0.1466, 0.1186 -0.5118 0.1439, 0.115 -0.5118 0.1442, 0.1173 -0.5118 0.1412, 0.105 -0.5079 0.1351, 0.0976 -0.5079 0.1351, 0.1095 -0.5079 0.1356, 0.1126 -0.5079 0.1368, 0.1153 -0.5079 0.1388, 0.1173 -0.5079 0.1412, 0.1186 -0.5079 0.1439, 0.1193 -0.5079 0.1471, 0.1194 -0.5079 0.1487, 0.1189 -0.5079 0.1524, 0.1179 -0.5079 0.155, 0.1163 -0.5079 0.1573, 0.1153 -0.5079 0.1582, 0.1125 -0.5079 0.1601, 0.1093 -0.5079 0.1613, 0.1053 -0.5079 0.1618, 0.0976 -0.5079 0.1618, 0.1051 -0.5079 0.1587, 0.1011 -0.5079 0.1587, 0.1011 -0.5079 0.1381, 0.105 -0.5079 0.1381, 0.1129 -0.5079 0.1409, 0.1126 -0.5079 0.1406, 0.1109 -0.5079 0.1394, 0.1087 -0.5079 0.1386, 0.1157 -0.5079 0.1487, 0.1156 -0.5079 0.1466, 0.115 -0.5079 0.1442, 0.1141 -0.5079 0.1423, 0.1128 -0.5079 0.1562, 0.1136 -0.5079 0.1555, 0.1146 -0.5079 0.154, 0.1153 -0.5079 0.152, 0.1085 -0.5079 0.1583, 0.1109 -0.5079 0.1575
            ]
        }
        coordIndex [
            0,1,2,-1,3,4,5,-1,3,5,6,-1,6,5,7,-1,6,7,2,-1,2,7,8,-1,2,8,0,-1,9,1,10,-1,10,1,0,-1,10,11,9,-1,9,11,12,-1,13,14,15,-1,15,14,12,-1,15,12,16,-1,16,12,11,-1,13,17,14,-1,14,17,18,-1,17,19,18,-1,18,19,20,-1,18,20,21,-1,21,20,22,-1,21,22,23,-1,23,22,24,-1,23,24,25,-1,25,24,26,-1,25,26,27,-1,27,26,28,-1,27,28,29,-1,29,28,30,-1,29,30,31,-1,31,30,32,-1,31,32,33,-1,33,32,34,-1,33,34,35,-1,35,34,36,-1,35,36,37,-1,37,36,38,-1,37,38,39,-1,39,38,40,-1,39,40,41,-1,41,40,42,-1,41,42,43,-1,43,42,44,-1,43,44,45,-1,45,44,46,-1,45,46,47,-1,47,46,48,-1,47,48,49,-1,49,48,50,-1,49,50,51,-1,51,50,52,-1,51,52,53,-1,53,52,54,-1,53,54,55,-1,55,54,56,-1,55,56,57,-1,57,56,58,-1,57,58,59,-1,59,58,60,-1,59,60,61,-1,61,60,62,-1,61,62,63,-1,63,62,64,-1,63,64,65,-1,65,64,66,-1,65,66,67,-1,67,66,68,-1,67,68,69,-1,69,68,70,-1,69,70,71,-1,71,70,72,-1,71,72,73,-1,73,72,74,-1,73,74,75,-1,76,75,77,-1,77,75,74,-1,76,77,78,-1,76,78,79,-1,79,78,80,-1,79,80,81,-1,81,80,82,-1,81,82,83,-1,83,82,84,-1,83,84,85,-1,85,84,86,-1,85,86,87,-1,86,88,87,-1,87,88,89,-1,88,90,89,-1,89,90,91,-1,89,91,92,-1,92,91,93,-1,92,93,94,-1,94,93,95,-1,94,95,96,-1,96,95,97,-1,96,97,98,-1,98,97,99,-1,98,99,100,-1,100,99,101,-1,100,101,102,-1,103,104,105,-1,102,101,106,-1,102,106,107,-1,107,106,108,-1,107,108,105,-1,105,108,109,-1,105,109,103,-1,104,103,110,-1,104,110,111,-1,111,110,112,-1,111,112,113,-1,113,112,114,-1,113,114,115,-1,115,114,116,-1,115,116,117,-1,117,116,118,-1,117,118,119,-1,119,118,120,-1,119,120,121,-1,121,120,122,-1,121,122,123,-1,123,122,124,-1,123,124,125,-1,125,124,126,-1,125,126,127,-1,127,126,128,-1,127,128,129,-1,129,128,130,-1,129,130,131,-1,131,130,132,-1,131,132,133,-1,133,132,134,-1,133,134,135,-1,135,134,4,-1,135,4,3,-1,61,63,85,-1,85,63,83,-1,111,43,104,-1,104,43,45,-1,21,23,127,-1,127,23,25,-1,127,25,125,-1,125,25,27,-1,125,27,123,-1,123,27,29,-1,123,29,121,-1,121,29,31,-1,121,31,119,-1,119,31,33,-1,119,33,117,-1,117,33,35,-1,117,35,115,-1,115,35,37,-1,115,37,113,-1,113,37,39,-1,113,39,111,-1,111,39,41,-1,111,41,43,-1,14,3,12,-1,12,3,6,-1,12,6,9,-1,9,6,2,-1,9,2,1,-1,63,65,83,-1,83,65,67,-1,83,67,81,-1,81,67,69,-1,81,69,79,-1,79,69,71,-1,79,71,76,-1,76,71,73,-1,76,73,75,-1,127,129,21,-1,21,129,131,-1,21,131,18,-1,18,131,133,-1,18,133,14,-1,14,133,135,-1,14,135,3,-1,85,87,61,-1,61,87,89,-1,61,89,59,-1,59,89,92,-1,59,92,57,-1,57,92,94,-1,57,94,55,-1,55,94,96,-1,55,96,53,-1,53,96,98,-1,53,98,51,-1,51,98,100,-1,51,100,49,-1,49,100,102,-1,49,102,47,-1,47,102,107,-1,47,107,45,-1,45,107,105,-1,45,105,104,-1,136,137,138,-1,138,137,139,-1,140,136,141,-1,141,136,138,-1,140,141,142,-1,140,142,143,-1,143,142,144,-1,143,144,145,-1,146,145,147,-1,147,145,144,-1,148,146,149,-1,149,146,147,-1,148,149,150,-1,150,149,151,-1,150,151,152,-1,153,150,154,-1,154,150,152,-1,153,154,155,-1,155,154,156,-1,155,156,157,-1,158,159,160,-1,160,159,155,-1,160,155,157,-1,158,161,159,-1,159,161,162,-1,161,163,162,-1,162,163,164,-1,162,164,165,-1,165,164,166,-1,165,166,167,-1,167,166,168,-1,167,168,169,-1,169,168,170,-1,169,170,171,-1,171,170,172,-1,171,172,173,-1,173,172,174,-1,173,174,175,-1,176,175,177,-1,177,175,174,-1,176,177,178,-1,176,178,179,-1,179,178,180,-1,179,180,181,-1,181,180,182,-1,181,182,183,-1,183,182,184,-1,183,184,185,-1,184,186,185,-1,185,186,187,-1,185,187,188,-1,188,187,189,-1,188,189,190,-1,190,189,191,-1,190,191,192,-1,192,191,193,-1,192,193,194,-1,139,137,195,-1,195,137,194,-1,195,194,193,-1,143,145,194,-1,137,136,194,-1,194,136,140,-1,194,140,143,-1,150,153,148,-1,148,153,155,-1,148,155,146,-1,175,176,173,-1,173,176,179,-1,173,179,171,-1,171,179,181,-1,171,181,169,-1,169,181,183,-1,169,183,167,-1,167,183,185,-1,167,185,165,-1,145,146,194,-1,194,146,155,-1,194,155,192,-1,155,159,192,-1,192,159,162,-1,192,162,190,-1,190,162,165,-1,190,165,188,-1,188,165,185,-1,196,197,198,-1,198,197,199,-1,196,198,200,-1,200,198,201,-1,200,201,202,-1,203,200,204,-1,204,200,202,-1,203,204,205,-1,205,204,206,-1,205,206,207,-1,208,205,209,-1,209,205,207,-1,210,211,212,-1,212,211,208,-1,212,208,209,-1,213,211,214,-1,214,211,210,-1,215,216,217,-1,217,216,213,-1,217,213,214,-1,218,216,219,-1,219,216,215,-1,220,221,222,-1,222,221,218,-1,222,218,219,-1,223,221,224,-1,224,221,220,-1,223,224,197,-1,197,224,225,-1,197,225,199,-1,223,197,196,-1,196,200,223,-1,223,200,203,-1,223,203,221,-1,216,218,213,-1,213,218,221,-1,213,221,211,-1,211,221,203,-1,211,203,208,-1,208,203,205,-1,226,227,228,-1,228,227,229,-1,228,229,230,-1,230,229,231,-1,230,231,232,-1,232,231,233,-1,232,233,234,-1,234,233,235,-1,234,235,236,-1,236,235,237,-1,236,237,238,-1,238,237,239,-1,238,239,240,-1,240,239,241,-1,240,241,242,-1,242,241,243,-1,242,243,244,-1,244,243,245,-1,244,245,246,-1,246,245,247,-1,246,247,248,-1,248,247,249,-1,248,249,250,-1,250,249,251,-1,250,251,252,-1,252,251,253,-1,252,253,254,-1,254,253,255,-1,254,255,256,-1,256,255,257,-1,256,257,258,-1,258,257,259,-1,258,259,260,-1,260,259,226,-1,260,226,228,-1,234,236,261,-1,261,236,262,-1,234,261,263,-1,234,263,232,-1,232,263,264,-1,232,264,230,-1,230,264,265,-1,230,265,228,-1,228,265,266,-1,228,266,260,-1,260,266,267,-1,260,267,258,-1,258,267,268,-1,258,268,256,-1,256,268,269,-1,256,269,254,-1,254,269,270,-1,254,270,252,-1,252,270,271,-1,252,271,250,-1,250,271,272,-1,250,272,248,-1,248,272,273,-1,248,273,246,-1,246,273,274,-1,246,274,244,-1,244,274,275,-1,244,275,242,-1,242,275,276,-1,242,276,240,-1,238,240,277,-1,277,240,276,-1,236,238,262,-1,262,238,277,-1,241,239,278,-1,278,239,279,-1,239,237,279,-1,279,237,280,-1,237,235,280,-1,280,235,281,-1,227,282,283,-1,227,283,229,-1,229,283,284,-1,229,284,231,-1,231,284,285,-1,231,285,233,-1,233,285,281,-1,233,281,235,-1,255,286,287,-1,255,287,257,-1,257,287,288,-1,257,288,259,-1,259,288,289,-1,259,289,226,-1,226,289,282,-1,226,282,227,-1,247,290,291,-1,247,291,249,-1,249,291,292,-1,249,292,251,-1,251,292,293,-1,251,293,253,-1,253,293,286,-1,253,286,255,-1,241,278,294,-1,241,294,243,-1,243,294,295,-1,243,295,245,-1,245,295,290,-1,245,290,247,-1,
        ]
    }
}
Shape{
    appearance Appearance {
        material  Material 	{
            diffuseColor 0.7529411764705882 0.7529411764705882 0.7529411764705882
            specularColor 0.3764705882352941 0.3764705882352941 0.3764705882352941
            ambientIntensity 0.7529
            transparency 0.0
            shininess 0.5
        }
    }
    geometry IndexedFaceSet {
        ccw TRUE
        solid FALSE
        coord DEF co Coordinate {
            point [
                0.1126 -0.5079 0.1406, 0.1129 -0.5079 0.1409, 0.1051 -0.5079 0.1587, 0.1011 -0.5079 0.1587, 0.1011 -0.5079 0.1381, 0.105 -0.5079 0.1381, 0.1087 -0.5079 0.1386, 0.1109 -0.5079 0.1394, 0.1141 -0.5079 0.1423, 0.115 -0.5079 0.1442, 0.1156 -0.5079 0.1466, 0.1157 -0.5079 0.1487, 0.1153 -0.5079 0.152, 0.1146 -0.5079 0.154, 0.1136 -0.5079 0.1555, 0.1128 -0.5079 0.1562, 0.1085 -0.5079 0.1583, 0.1109 -0.5079 0.1575
            ]
        }
        coordIndex [
            0,1,2,-1,3,4,2,-1,2,4,5,-1,5,6,2,-1,2,6,7,-1,2,7,0,-1,1,8,2,-1,2,8,9,-1,2,9,10,-1,10,11,2,-1,2,11,12,-1,2,12,13,-1,13,14,2,-1,2,14,15,-1,2,15,16,-1,16,15,17,-1,
        ]
    }
}
Shape{
    appearance Appearance {
        material  Material 	{
            diffuseColor 0.0 0.0 0.0
            specularColor 0.0 0.0 0.0
            ambientIntensity 0.0
            transparency 0.0
            shininess 0.5
        }
    }
    geometry IndexedFaceSet {
        ccw TRUE
        solid FALSE
        coord DEF co Coordinate {
            point [
                0.1283 -0.5118 0.1454, 0.1272 -0.5118 0.1424, 0.1373 -0.5118 0.1454, 0.1383 -0.5118 0.1424, 0.1323 -0.5118 0.1565, 0.131 -0.5118 0.1618, 0.1208 -0.5118 0.1351, 0.1247 -0.5118 0.1351, 0.1325 -0.5118 0.1573, 0.1327 -0.5118 0.1583, 0.1347 -0.5118 0.1618, 0.1328 -0.5118 0.1583, 0.133 -0.5118 0.1572, 0.1332 -0.5118 0.1565, 0.1449 -0.5118 0.1351, 0.1411 -0.5118 0.1351, 0.1347 -0.5079 0.1618, 0.1449 -0.5079 0.1351, 0.131 -0.5079 0.1618, 0.1208 -0.5079 0.1351, 0.1247 -0.5079 0.1351, 0.1272 -0.5079 0.1424, 0.1383 -0.5079 0.1424, 0.1411 -0.5079 0.1351, 0.1283 -0.5079 0.1454, 0.1373 -0.5079 0.1454, 0.1332 -0.5079 0.1565, 0.1328 -0.5079 0.1583, 0.133 -0.5079 0.1572, 0.1327 -0.5079 0.1583, 0.1323 -0.5079 0.1565, 0.1325 -0.5079 0.1573
            ]
        }
        coordIndex [
            0,1,2,-1,2,1,3,-1,4,5,0,-1,0,5,6,-1,0,6,1,-1,1,6,7,-1,4,8,5,-1,5,8,9,-1,5,9,10,-1,10,9,11,-1,10,11,12,-1,12,13,10,-1,10,13,2,-1,10,2,14,-1,14,2,3,-1,14,3,15,-1,10,14,16,-1,16,14,17,-1,5,10,18,-1,18,10,16,-1,6,5,19,-1,19,5,18,-1,7,6,20,-1,20,6,19,-1,1,7,21,-1,21,7,20,-1,3,1,22,-1,22,1,21,-1,15,3,23,-1,23,3,22,-1,14,15,17,-1,17,15,23,-1,0,2,24,-1,24,2,25,-1,2,13,25,-1,25,13,26,-1,11,27,28,-1,11,28,12,-1,12,28,26,-1,12,26,13,-1,11,9,27,-1,27,9,29,-1,4,30,31,-1,4,31,8,-1,8,31,29,-1,8,29,9,-1,4,0,30,-1,30,0,24,-1,
        ]
    }
}
Shape{
    appearance Appearance {
        material  Material 	{
            diffuseColor 0.7529411764705882 0.7529411764705882 0.7529411764705882
            specularColor 0.3764705882352941 0.3764705882352941 0.3764705882352941
            ambientIntensity 0.7529
            transparency 0.0
            shininess 0.5
        }
    }
    geometry IndexedFaceSet {
        ccw TRUE
        solid FALSE
        coord DEF co Coordinate {
            point [
                0.1328 -0.5079 0.1583, 0.1327 -0.5079 0.1583, 0.133 -0.5079 0.1572, 0.1325 -0.5079 0.1573, 0.1332 -0.5079 0.1565, 0.1323 -0.5079 0.1565, 0.1373 -0.5079 0.1454, 0.1283 -0.5079 0.1454
            ]
        }
        coordIndex [
            0,1,2,-1,2,1,3,-1,2,3,4,-1,4,3,5,-1,4,5,6,-1,6,5,7,-1,
        ]
    }
}
Shape{
    appearance Appearance {
        material  Material 	{
            diffuseColor 0.0 0.0 0.0
            specularColor 0.0 0.0 0.0
            ambientIntensity 0.0
            transparency 0.0
            shininess 0.5
        }
    }
    geometry IndexedFaceSet {
        ccw TRUE
        solid FALSE
        coord DEF co Coordinate {
            point [
                -0.1135 -0.5118 0.1313, -0.1107 -0.5118 0.1278, -0.1153 -0.5118 0.1481, -0.0468 -0.5118 0.1814, -0.0456 -0.5118 0.1761, -0.0363 -0.5118 0.1864, -0.1185 -0.5118 0.1811, -0.1143 -0.5118 0.1833, -0.1149 -0.5118 0.1951, -0.0819 -0.5118 0.1305, -0.0797 -0.5118 0.1348, -0.0785 -0.5118 0.1395, -0.1079 -0.5118 0.1959, -0.0519 -0.5118 0.1574, -0.0578 -0.5118 0.1674, -0.0784 -0.5118 0.1433, -0.0832 -0.5118 0.1541, -0.0784 -0.5118 0.1414, -0.0886 -0.5118 0.1246, -0.0848 -0.5118 0.1273, -0.1023 -0.5118 0.1355, -0.1008 -0.5118 0.1345, -0.107 -0.5118 0.125, -0.099 -0.5118 0.134, -0.1194 -0.5118 0.1506, -0.1184 -0.5118 0.1363, -0.1154 -0.5118 0.1353, -0.0441 -0.5118 0.1761, -0.0405 -0.5118 0.1757, -0.0354 -0.5118 0.1861, -0.0372 -0.5118 0.1744, -0.0297 -0.5118 0.1833, -0.0246 -0.5118 0.1789, -0.0853 -0.5118 0.1965, -0.0951 -0.5118 0.2039, -0.0905 -0.5118 0.1927, -0.0996 -0.5118 0.2, -0.0947 -0.5118 0.1876, -0.1035 -0.5118 0.1955, -0.0976 -0.5118 0.1817, -0.1096 -0.5118 0.1844, -0.1077 -0.5118 0.1845, -0.1057 -0.5118 0.1958, -0.1032 -0.5118 0.184, -0.099 -0.5118 0.1824, -0.1049 -0.5118 0.1401, -0.1045 -0.5118 0.1384, -0.1036 -0.5118 0.1369, -0.1026 -0.5118 0.1232, -0.0982 -0.5118 0.1225, -0.0976 -0.5118 0.1338, -0.0974 -0.5118 0.1224, -0.0959 -0.5118 0.134, -0.0928 -0.5118 0.123, -0.0943 -0.5118 0.1346, -0.0928 -0.5118 0.1356, -0.0916 -0.5118 0.137, -0.0246 -0.5118 0.1435, -0.0334 -0.5118 0.151, -0.0297 -0.5118 0.1391, -0.0362 -0.5118 0.1487, -0.0355 -0.5118 0.1363, -0.0396 -0.5118 0.1472, -0.0418 -0.5118 0.135, -0.043 -0.5118 0.1465, -0.053 -0.5118 0.135, -0.0515 -0.5118 0.1465, -0.0541 -0.5118 0.1351, -0.1261 -0.5118 0.1701, -0.1385 -0.5118 0.1674, -0.1266 -0.5118 0.1655, -0.1386 -0.5118 0.1651, -0.1264 -0.5118 0.1626, -0.1378 -0.5118 0.1582, -0.1251 -0.5118 0.158, -0.1352 -0.5118 0.1511, -0.1228 -0.5118 0.1541, -0.1306 -0.5118 0.1445, -0.1252 -0.5118 0.1397, -0.0907 -0.5118 0.1438, -0.0903 -0.5118 0.1421, -0.0903 -0.5118 0.1404, -0.0907 -0.5118 0.1386, -0.0342 -0.5118 0.1724, -0.032 -0.5118 0.1699, -0.0207 -0.5118 0.1735, -0.0303 -0.5118 0.1666, -0.0184 -0.5118 0.1677, -0.0294 -0.5118 0.163, -0.0175 -0.5118 0.1615, -0.0293 -0.5118 0.1613, -0.0184 -0.5118 0.1548, -0.0298 -0.5118 0.1577, -0.0208 -0.5118 0.1487, -0.0311 -0.5118 0.1543, -0.0331 -0.5118 0.1513, -0.1219 -0.5118 0.1925, -0.1283 -0.5118 0.1881, -0.1218 -0.5118 0.1781, -0.1297 -0.5118 0.1868, -0.1245 -0.5118 0.1743, -0.134 -0.5118 0.1813, -0.1371 -0.5118 0.1745, -0.0497 -0.5118 0.1875, -0.0396 -0.5118 0.1931, -0.054 -0.5118 0.1926, -0.0456 -0.5118 0.2005, -0.0545 -0.5118 0.1931, -0.0466 -0.5118 0.2014, -0.0598 -0.5118 0.1968, -0.055 -0.5118 0.2071, -0.0658 -0.5118 0.1991, -0.0646 -0.5118 0.2104, -0.0722 -0.5118 0.1999, -0.0724 -0.5118 0.2113, -0.0791 -0.5118 0.199, -0.0818 -0.5118 0.2101, -0.0905 -0.5118 0.2067, -0.105 -0.5118 0.142, -0.1046 -0.5118 0.1438, -0.1132 -0.5118 0.1522, -0.1037 -0.5118 0.1455, -0.11 -0.5118 0.1557, -0.1025 -0.5118 0.1468, -0.1061 -0.5118 0.1584, -0.1009 -0.5118 0.1478, -0.1019 -0.5118 0.16, -0.0993 -0.5118 0.1484, -0.0974 -0.5118 0.1606, -0.0976 -0.5118 0.1486, -0.0951 -0.5118 0.1604, -0.096 -0.5118 0.1484, -0.0905 -0.5118 0.1593, -0.0942 -0.5118 0.1478, -0.0865 -0.5118 0.1572, -0.0927 -0.5118 0.1468, -0.0915 -0.5118 0.1454, -0.0525 -0.5118 0.1467, -0.057 -0.5118 0.137, -0.0566 -0.5118 0.1365, -0.0519 -0.5118 0.1466, -0.0553 -0.5118 0.1356, -0.0585 -0.5118 0.1409, -0.0583 -0.5118 0.1394, -0.0578 -0.5118 0.1382, -0.0541 -0.5118 0.1465, -0.0554 -0.5118 0.146, -0.0585 -0.5118 0.1416, -0.0566 -0.5118 0.1452, -0.0574 -0.5118 0.1443, -0.0581 -0.5118 0.143, -0.0526 -0.5118 0.1467, -0.0175 -0.5079 0.1615, -0.0184 -0.5079 0.1677, -0.019 -0.5079 0.1694, -0.0207 -0.5079 0.1735, -0.0233 -0.5079 0.1772, -0.0246 -0.5079 0.1789, -0.0297 -0.5079 0.1833, -0.0354 -0.5079 0.1861, -0.0363 -0.5079 0.1864, -0.0396 -0.5079 0.1931, -0.0456 -0.5079 0.2005, -0.0466 -0.5079 0.2014, -0.0509 -0.5079 0.2043, -0.055 -0.5079 0.2071, -0.0646 -0.5079 0.2104, -0.0724 -0.5079 0.2113, -0.0951 -0.5079 0.2039, -0.0944 -0.5079 0.2043, -0.0905 -0.5079 0.2067, -0.0818 -0.5079 0.2101, -0.0996 -0.5079 0.2, -0.1035 -0.5079 0.1955, -0.1057 -0.5079 0.1958, -0.1079 -0.5079 0.1959, -0.1149 -0.5079 0.1951, -0.1219 -0.5079 0.1925, -0.1283 -0.5079 0.1881, -0.1297 -0.5079 0.1868, -0.1386 -0.5079 0.1651, -0.134 -0.5079 0.1813, -0.1359 -0.5079 0.1772, -0.1371 -0.5079 0.1745, -0.1381 -0.5079 0.1694, -0.1385 -0.5079 0.1674, -0.1378 -0.5079 0.1582, -0.1352 -0.5079 0.1511, -0.1306 -0.5079 0.1445, -0.1252 -0.5079 0.1397, -0.1184 -0.5079 0.1363, -0.1154 -0.5079 0.1353, -0.1152 -0.5079 0.1348, -0.1135 -0.5079 0.1313, -0.1107 -0.5079 0.1278, -0.107 -0.5079 0.125, -0.1053 -0.5079 0.1243, -0.1026 -0.5079 0.1232, -0.0982 -0.5079 0.1225, -0.0974 -0.5079 0.1224, -0.0784 -0.5079 0.1414, -0.0928 -0.5079 0.123, -0.0896 -0.5079 0.1243, -0.0886 -0.5079 0.1246, -0.0848 -0.5079 0.1273, -0.0819 -0.5079 0.1305, -0.0797 -0.5079 0.1348, -0.0796 -0.5079 0.1348, -0.0785 -0.5079 0.1395, -0.0784 -0.5079 0.1433, -0.0519 -0.5079 0.1574, -0.0578 -0.5079 0.1674, -0.0832 -0.5079 0.1541, -0.0865 -0.5079 0.1572, -0.0905 -0.5079 0.1593, -0.0951 -0.5079 0.1604, -0.0974 -0.5079 0.1606, -0.1019 -0.5079 0.16, -0.1061 -0.5079 0.1584, -0.11 -0.5079 0.1557, -0.1132 -0.5079 0.1522, -0.1153 -0.5079 0.1481, -0.1194 -0.5079 0.1506, -0.1228 -0.5079 0.1541, -0.1251 -0.5079 0.158, -0.1264 -0.5079 0.1626, -0.1266 -0.5079 0.1655, -0.1262 -0.5079 0.1694, -0.1261 -0.5079 0.1701, -0.1245 -0.5079 0.1743, -0.1225 -0.5079 0.1772, -0.1218 -0.5079 0.1781, -0.1185 -0.5079 0.1811, -0.1143 -0.5079 0.1833, -0.1096 -0.5079 0.1844, -0.1077 -0.5079 0.1845, -0.1032 -0.5079 0.184, -0.099 -0.5079 0.1824, -0.0976 -0.5079 0.1817, -0.0947 -0.5079 0.1876, -0.0905 -0.5079 0.1927, -0.0853 -0.5079 0.1965, -0.0791 -0.5079 0.199, -0.0722 -0.5079 0.1999, -0.0456 -0.5079 0.1761, -0.0458 -0.5079 0.1772, -0.0468 -0.5079 0.1814, -0.0497 -0.5079 0.1875, -0.054 -0.5079 0.1926, -0.0545 -0.5079 0.1931, -0.0598 -0.5079 0.1968, -0.0658 -0.5079 0.1991, -0.0441 -0.5079 0.1761, -0.0405 -0.5079 0.1757, -0.0372 -0.5079 0.1744, -0.0342 -0.5079 0.1724, -0.032 -0.5079 0.1699, -0.0317 -0.5079 0.1694, -0.0303 -0.5079 0.1666, -0.0294 -0.5079 0.163, -0.0293 -0.5079 0.1613, -0.0298 -0.5079 0.1577, -0.0311 -0.5079 0.1543, -0.0331 -0.5079 0.1513, -0.0334 -0.5079 0.151, -0.0362 -0.5079 0.1487, -0.0396 -0.5079 0.1472, -0.043 -0.5079 0.1465, -0.0515 -0.5079 0.1465, -0.0519 -0.5079 0.1466, -0.0525 -0.5079 0.1467, -0.0526 -0.5079 0.1467, -0.0541 -0.5079 0.1465, -0.0554 -0.5079 0.146, -0.0566 -0.5079 0.1452, -0.0574 -0.5079 0.1443, -0.0581 -0.5079 0.143, -0.0585 -0.5079 0.1416, -0.0585 -0.5079 0.1409, -0.0583 -0.5079 0.1394, -0.0578 -0.5079 0.1382, -0.057 -0.5079 0.137, -0.0566 -0.5079 0.1365, -0.0553 -0.5079 0.1356, -0.0541 -0.5079 0.1351, -0.053 -0.5079 0.135, -0.0418 -0.5079 0.135, -0.0355 -0.5079 0.1363, -0.0297 -0.5079 0.1391, -0.0246 -0.5079 0.1435, -0.0208 -0.5079 0.1487, -0.0184 -0.5079 0.1548, -0.0976 -0.5079 0.1486, -0.096 -0.5079 0.1484, -0.0942 -0.5079 0.1478, -0.0927 -0.5079 0.1468, -0.0915 -0.5079 0.1454, -0.0907 -0.5079 0.1438, -0.0903 -0.5079 0.1421, -0.0903 -0.5079 0.1404, -0.0907 -0.5079 0.1386, -0.0916 -0.5079 0.137, -0.0928 -0.5079 0.1356, -0.0943 -0.5079 0.1346, -0.0959 -0.5079 0.134, -0.0976 -0.5079 0.1338, -0.099 -0.5079 0.134, -0.1008 -0.5079 0.1345, -0.1023 -0.5079 0.1355, -0.1036 -0.5079 0.1369, -0.1045 -0.5079 0.1384, -0.1049 -0.5079 0.1401, -0.105 -0.5079 0.142, -0.1046 -0.5079 0.1438, -0.1037 -0.5079 0.1455, -0.1025 -0.5079 0.1468, -0.1009 -0.5079 0.1478, -0.0993 -0.5079 0.1484
            ]
        }
        coordIndex [
            0,1,2,-1,3,4,5,-1,6,7,8,-1,9,10,11,-1,8,7,12,-1,13,14,15,-1,15,14,16,-1,15,16,17,-1,17,16,18,-1,17,18,11,-1,11,18,19,-1,11,19,9,-1,20,1,21,-1,21,1,22,-1,21,22,23,-1,24,25,2,-1,2,25,26,-1,2,26,0,-1,4,27,5,-1,5,27,28,-1,5,28,29,-1,29,28,30,-1,29,30,31,-1,31,30,32,-1,33,34,35,-1,35,34,36,-1,35,36,37,-1,37,36,38,-1,37,38,39,-1,7,40,12,-1,12,40,41,-1,12,41,42,-1,42,41,43,-1,42,43,38,-1,38,43,44,-1,38,44,39,-1,45,2,46,-1,46,2,1,-1,46,1,47,-1,47,1,20,-1,22,48,23,-1,23,48,49,-1,23,49,50,-1,50,49,51,-1,50,51,52,-1,52,51,53,-1,52,53,54,-1,54,53,18,-1,54,18,55,-1,55,18,56,-1,57,58,59,-1,59,58,60,-1,59,60,61,-1,61,60,62,-1,61,62,63,-1,63,62,64,-1,63,64,65,-1,65,64,66,-1,65,66,67,-1,68,69,70,-1,70,69,71,-1,70,71,72,-1,72,71,73,-1,72,73,74,-1,74,73,75,-1,74,75,76,-1,76,75,77,-1,76,77,24,-1,24,77,78,-1,24,78,25,-1,79,80,16,-1,16,80,81,-1,16,81,18,-1,18,81,82,-1,18,82,56,-1,30,83,32,-1,32,83,84,-1,32,84,85,-1,85,84,86,-1,85,86,87,-1,87,86,88,-1,87,88,89,-1,89,88,90,-1,89,90,91,-1,91,90,92,-1,91,92,93,-1,93,92,94,-1,93,94,57,-1,57,94,95,-1,57,95,58,-1,8,96,6,-1,6,96,97,-1,6,97,98,-1,98,97,99,-1,98,99,100,-1,100,99,101,-1,100,101,68,-1,68,101,102,-1,68,102,69,-1,3,5,103,-1,103,5,104,-1,103,104,105,-1,105,104,106,-1,105,106,107,-1,107,106,108,-1,107,108,109,-1,109,108,110,-1,109,110,111,-1,111,110,112,-1,111,112,113,-1,113,112,114,-1,113,114,115,-1,115,114,116,-1,115,116,33,-1,33,116,117,-1,33,117,34,-1,45,118,2,-1,2,118,119,-1,2,119,120,-1,120,119,121,-1,120,121,122,-1,122,121,123,-1,122,123,124,-1,124,123,125,-1,124,125,126,-1,126,125,127,-1,126,127,128,-1,128,127,129,-1,128,129,130,-1,130,129,131,-1,130,131,132,-1,132,131,133,-1,132,133,134,-1,134,133,135,-1,134,135,16,-1,16,135,136,-1,16,136,79,-1,137,138,139,-1,66,140,67,-1,67,140,137,-1,67,137,141,-1,141,137,139,-1,142,143,137,-1,137,143,144,-1,137,144,138,-1,145,146,147,-1,146,148,147,-1,147,148,149,-1,147,149,150,-1,142,137,147,-1,147,137,151,-1,147,151,145,-1,89,152,153,-1,89,153,87,-1,87,153,154,-1,87,154,85,-1,154,155,85,-1,85,155,156,-1,85,156,32,-1,156,157,32,-1,32,157,158,-1,32,158,31,-1,31,158,159,-1,31,159,29,-1,29,159,160,-1,29,160,5,-1,5,160,161,-1,5,161,104,-1,104,161,162,-1,104,162,106,-1,106,162,163,-1,106,163,108,-1,108,163,110,-1,110,163,164,-1,164,165,110,-1,110,165,166,-1,110,166,112,-1,112,166,167,-1,112,167,114,-1,168,34,169,-1,169,34,117,-1,169,117,170,-1,170,117,116,-1,170,116,171,-1,171,116,114,-1,171,114,167,-1,34,168,172,-1,34,172,36,-1,36,172,173,-1,36,173,38,-1,38,173,174,-1,38,174,42,-1,42,174,175,-1,42,175,12,-1,12,175,176,-1,12,176,8,-1,8,176,177,-1,8,177,96,-1,96,177,178,-1,96,178,97,-1,97,178,179,-1,97,179,99,-1,180,71,69,-1,99,179,181,-1,182,102,181,-1,181,102,101,-1,181,101,99,-1,182,183,102,-1,102,183,184,-1,102,184,69,-1,69,184,185,-1,69,185,180,-1,71,180,186,-1,71,186,73,-1,73,186,187,-1,73,187,75,-1,75,187,188,-1,75,188,77,-1,77,188,189,-1,77,189,78,-1,78,189,190,-1,78,190,25,-1,25,190,191,-1,25,191,26,-1,26,191,192,-1,26,192,0,-1,192,193,0,-1,0,193,194,-1,0,194,1,-1,1,194,195,-1,1,195,22,-1,22,195,196,-1,22,196,48,-1,196,197,48,-1,48,197,198,-1,48,198,49,-1,49,198,199,-1,49,199,51,-1,200,17,11,-1,51,199,201,-1,51,201,53,-1,53,201,202,-1,53,202,18,-1,202,203,18,-1,18,203,204,-1,18,204,19,-1,19,204,205,-1,19,205,9,-1,9,205,206,-1,9,206,10,-1,10,206,207,-1,10,207,11,-1,11,207,208,-1,11,208,200,-1,15,17,209,-1,209,17,200,-1,13,15,210,-1,210,15,209,-1,14,13,211,-1,211,13,210,-1,16,14,212,-1,212,14,211,-1,16,212,213,-1,16,213,134,-1,134,213,214,-1,134,214,132,-1,132,214,215,-1,132,215,130,-1,130,215,216,-1,130,216,128,-1,128,216,217,-1,128,217,126,-1,126,217,218,-1,126,218,124,-1,124,218,219,-1,124,219,122,-1,122,219,220,-1,122,220,120,-1,120,220,221,-1,120,221,2,-1,2,221,222,-1,2,222,24,-1,24,222,223,-1,24,223,76,-1,76,223,224,-1,76,224,74,-1,74,224,225,-1,74,225,72,-1,72,225,226,-1,72,226,70,-1,226,227,70,-1,70,227,68,-1,227,228,68,-1,68,228,229,-1,68,229,100,-1,100,229,230,-1,100,230,98,-1,230,231,98,-1,98,231,232,-1,98,232,6,-1,6,232,233,-1,6,233,7,-1,7,233,234,-1,7,234,40,-1,40,234,235,-1,40,235,41,-1,41,235,236,-1,41,236,43,-1,43,236,237,-1,43,237,44,-1,44,237,238,-1,44,238,39,-1,39,238,239,-1,39,239,37,-1,37,239,240,-1,37,240,35,-1,35,240,241,-1,35,241,33,-1,33,241,242,-1,33,242,115,-1,115,242,243,-1,115,243,113,-1,244,4,245,-1,245,4,3,-1,245,3,246,-1,246,3,103,-1,246,103,247,-1,247,103,105,-1,247,105,248,-1,248,105,107,-1,248,107,249,-1,249,107,109,-1,249,109,250,-1,250,109,111,-1,250,111,251,-1,251,111,113,-1,251,113,243,-1,27,4,252,-1,252,4,244,-1,27,252,253,-1,27,253,28,-1,28,253,254,-1,28,254,30,-1,30,254,255,-1,30,255,83,-1,83,255,256,-1,83,256,84,-1,84,256,257,-1,84,257,86,-1,257,258,86,-1,86,258,259,-1,86,259,88,-1,88,259,260,-1,88,260,90,-1,90,260,261,-1,90,261,92,-1,92,261,262,-1,92,262,94,-1,94,262,263,-1,94,263,95,-1,95,263,264,-1,95,264,58,-1,58,264,265,-1,58,265,60,-1,60,265,266,-1,60,266,62,-1,62,266,267,-1,62,267,64,-1,66,64,268,-1,268,64,267,-1,66,268,269,-1,66,269,140,-1,140,269,270,-1,140,270,137,-1,137,270,271,-1,137,271,151,-1,151,271,272,-1,151,272,145,-1,145,272,273,-1,145,273,146,-1,146,273,274,-1,146,274,148,-1,148,274,275,-1,148,275,149,-1,149,275,276,-1,149,276,150,-1,150,276,277,-1,150,277,147,-1,147,277,278,-1,147,278,142,-1,142,278,279,-1,142,279,143,-1,143,279,280,-1,143,280,144,-1,144,280,281,-1,144,281,138,-1,138,281,282,-1,138,282,139,-1,139,282,283,-1,139,283,141,-1,141,283,284,-1,141,284,67,-1,67,284,285,-1,67,285,65,-1,63,65,286,-1,286,65,285,-1,63,286,287,-1,63,287,61,-1,61,287,288,-1,61,288,59,-1,59,288,289,-1,59,289,57,-1,57,289,290,-1,57,290,93,-1,93,290,291,-1,93,291,91,-1,91,291,152,-1,91,152,89,-1,129,292,293,-1,129,293,131,-1,131,293,294,-1,131,294,133,-1,133,294,295,-1,133,295,135,-1,135,295,296,-1,135,296,136,-1,136,296,297,-1,136,297,79,-1,79,297,298,-1,79,298,80,-1,80,298,299,-1,80,299,81,-1,81,299,300,-1,81,300,82,-1,82,300,301,-1,82,301,56,-1,56,301,302,-1,56,302,55,-1,55,302,303,-1,55,303,54,-1,54,303,304,-1,54,304,52,-1,52,304,305,-1,52,305,50,-1,50,305,306,-1,50,306,23,-1,23,306,307,-1,23,307,21,-1,21,307,308,-1,21,308,20,-1,20,308,309,-1,20,309,47,-1,47,309,310,-1,47,310,46,-1,46,310,311,-1,46,311,45,-1,45,311,312,-1,45,312,118,-1,118,312,313,-1,118,313,119,-1,119,313,314,-1,119,314,121,-1,121,314,315,-1,121,315,123,-1,123,315,316,-1,123,316,125,-1,125,316,317,-1,125,317,127,-1,127,317,292,-1,127,292,129,-1,
        ]
    }
}
Shape{
    appearance Appearance {
        material  Material 	{
            diffuseColor 0.7529411764705882 0.7529411764705882 0.7529411764705882
            specularColor 0.3764705882352941 0.3764705882352941 0.3764705882352941
            ambientIntensity 0.7529
            transparency 0.0
            shininess 0.5
        }
    }
    geometry IndexedFaceSet {
        ccw TRUE
        solid FALSE
        coord DEF co Coordinate {
            point [
                -0.099 -0.5079 0.134, -0.0976 -0.5079 0.1338, -0.0976 -0.5079 0.1486, -0.0943 -0.5079 0.1346, -0.0903 -0.5079 0.1404, -0.0959 -0.5079 0.134, -0.0903 -0.5079 0.1421, -0.0907 -0.5079 0.1438, -0.0915 -0.5079 0.1454, -0.0927 -0.5079 0.1468, -0.1009 -0.5079 0.1478, -0.1036 -0.5079 0.1369, -0.1023 -0.5079 0.1355, -0.0942 -0.5079 0.1478, -0.096 -0.5079 0.1484, -0.1045 -0.5079 0.1384, -0.1025 -0.5079 0.1468, -0.1049 -0.5079 0.1401, -0.0993 -0.5079 0.1484, -0.1008 -0.5079 0.1345, -0.0928 -0.5079 0.1356, -0.0916 -0.5079 0.137, -0.0907 -0.5079 0.1386, -0.105 -0.5079 0.142, -0.1037 -0.5079 0.1455, -0.1046 -0.5079 0.1438
            ]
        }
        coordIndex [
            0,1,2,-1,3,4,5,-1,5,4,6,-1,5,6,1,-1,6,7,1,-1,1,7,8,-1,1,8,9,-1,10,11,12,-1,9,13,1,-1,1,13,14,-1,1,14,2,-1,11,10,15,-1,15,10,16,-1,15,16,17,-1,2,18,0,-1,0,18,10,-1,0,10,19,-1,19,10,12,-1,3,20,4,-1,4,20,21,-1,4,21,22,-1,17,16,23,-1,23,16,24,-1,23,24,25,-1,
        ]
    }
}