#VRML V2.0 utf8
# 3D model generated by easyeda2kicad.py (https://github.com/uPesy/easyeda2kicad.py)

Shape{
    appearance Appearance {
        material  Material 	{
            diffuseColor 0.7529411764705882 0.7529411764705882 0.7529411764705882
            specularColor 0.3764705882352941 0.3764705882352941 0.3764705882352941
            ambientIntensity 0.7529
            transparency 0.0
            shininess 0.5
        }
    }
    geometry IndexedFaceSet {
        ccw TRUE
        solid FALSE
        coord DEF co Coordinate {
            point [
                -0.8101 -0.2229 0.2435, -0.8101 -0.4148 0.2435, -0.7779 -0.2229 0.1662, -0.7218 -0.4148 0.0315, -0.7779 -0.1707 0.1662, -0.7218 -0.1707 0.0315, -0.8465 -0.2229 0.2283, -0.8465 -0.4148 0.2283, -0.8206 -0.1707 0.1662, -0.7581 -0.1707 0.0164, -0.8206 -0.2229 0.1662, -0.7581 -0.4148 0.0164, -0.5512 -0.1707 0.0, -0.5512 -0.1707 -0.0079, -0.5906 -0.1707 0.0, -0.7218 -0.1707 -0.0079, -0.5906 -0.1707 0.0197, -0.7536 -0.1707 0.0083, -0.7473 -0.1707 0.0015, -0.731 -0.1707 -0.0068, -0.7396 -0.1707 -0.0036, -0.689 -0.1707 0.0197, -0.689 -0.1707 0.0315, -0.7779 0.1679 0.1662, -0.7218 0.1679 0.0315, -0.7779 0.2202 0.1662, -0.7218 0.412 0.0315, -0.8101 0.2202 0.2435, -0.8101 0.412 0.2435, -0.8465 0.2202 0.2283, -0.8465 0.412 0.2283, -0.8206 0.2202 0.1662, -0.7581 0.412 0.0164, -0.8206 0.1679 0.1662, -0.7581 0.1679 0.0164, -0.5512 0.1679 -0.0079, -0.5512 0.1679 0.0, -0.5906 0.1679 0.0, -0.7218 0.1679 -0.0079, -0.5906 0.1679 0.0197, -0.689 0.1679 0.0197, -0.7536 0.1679 0.0083, -0.7473 0.1679 0.0015, -0.7396 0.1679 -0.0036, -0.689 0.1679 0.0315, -0.731 0.1679 -0.0068, 0.7779 -0.1707 0.1662, 0.7218 -0.1707 0.0315, 0.7779 -0.2229 0.1662, 0.7218 -0.4148 0.0315, 0.8101 -0.2229 0.2435, 0.8101 -0.4148 0.2435, 0.8465 -0.2229 0.2283, 0.8465 -0.4148 0.2283, 0.8206 -0.2229 0.1662, 0.7581 -0.4148 0.0164, 0.8206 -0.1707 0.1662, 0.7581 -0.1707 0.0164, 0.5512 -0.1707 -0.0079, 0.5512 -0.1707 0.0, 0.5906 -0.1707 0.0, 0.7218 -0.1707 -0.0079, 0.5906 -0.1707 0.0197, 0.689 -0.1707 0.0197, 0.7536 -0.1707 0.0083, 0.7473 -0.1707 0.0015, 0.7396 -0.1707 -0.0036, 0.689 -0.1707 0.0315, 0.731 -0.1707 -0.0068, 0.8101 0.2202 0.2435, 0.8101 0.412 0.2435, 0.7779 0.2202 0.1662, 0.7218 0.412 0.0315, 0.7779 0.1679 0.1662, 0.7218 0.1679 0.0315, 0.8206 0.1679 0.1662, 0.7581 0.1679 0.0164, 0.8206 0.2202 0.1662, 0.7581 0.412 0.0164, 0.8465 0.2202 0.2283, 0.8465 0.412 0.2283, 0.5512 0.1679 0.0, 0.5512 0.1679 -0.0079, 0.5906 0.1679 0.0, 0.7218 0.1679 -0.0079, 0.5906 0.1679 0.0197, 0.7536 0.1679 0.0083, 0.7473 0.1679 0.0015, 0.731 0.1679 -0.0068, 0.7396 0.1679 -0.0036, 0.689 0.1679 0.0197, 0.689 0.1679 0.0315
            ]
        }
        coordIndex [
            0,1,2,-1,2,1,3,-1,2,3,4,-1,4,3,5,-1,6,7,0,-1,0,7,1,-1,8,9,10,-1,10,9,11,-1,10,11,6,-1,6,11,7,-1,12,13,14,-1,14,13,15,-1,14,15,16,-1,8,4,9,-1,9,4,5,-1,9,5,17,-1,17,5,18,-1,15,19,5,-1,5,19,20,-1,5,20,18,-1,16,15,21,-1,21,15,5,-1,21,5,22,-1,23,24,25,-1,25,24,26,-1,25,26,27,-1,27,26,28,-1,27,28,29,-1,29,28,30,-1,29,30,31,-1,31,30,32,-1,31,32,33,-1,33,32,34,-1,35,36,37,-1,35,37,38,-1,38,37,39,-1,38,39,40,-1,23,33,24,-1,24,33,34,-1,34,41,24,-1,24,41,42,-1,24,42,43,-1,40,44,38,-1,38,44,24,-1,38,24,45,-1,45,24,43,-1,46,47,48,-1,48,47,49,-1,48,49,50,-1,50,49,51,-1,52,53,54,-1,54,53,55,-1,54,55,56,-1,56,55,57,-1,51,53,50,-1,50,53,52,-1,58,59,60,-1,58,60,61,-1,61,60,62,-1,61,62,63,-1,46,56,47,-1,47,56,57,-1,57,64,47,-1,47,64,65,-1,47,65,66,-1,63,67,61,-1,61,67,47,-1,61,47,68,-1,68,47,66,-1,69,70,71,-1,71,70,72,-1,71,72,73,-1,73,72,74,-1,75,76,77,-1,77,76,78,-1,77,78,79,-1,79,78,80,-1,80,70,79,-1,79,70,69,-1,81,82,83,-1,83,82,84,-1,83,84,85,-1,75,73,76,-1,76,73,74,-1,76,74,86,-1,86,74,87,-1,84,88,74,-1,74,88,89,-1,74,89,87,-1,85,84,90,-1,90,84,74,-1,90,74,91,-1,
        ]
    }
}
Shape{
    appearance Appearance {
        material  Material 	{
            diffuseColor 0.25098039215686274 0.25098039215686274 0.25098039215686274
            specularColor 0.12549019607843137 0.12549019607843137 0.12549019607843137
            ambientIntensity 0.251
            transparency 0.0
            shininess 0.5
        }
    }
    geometry IndexedFaceSet {
        ccw TRUE
        solid FALSE
        coord DEF co Coordinate {
            point [
                0.689 0.4514 0.4724, 0.689 0.4514 0.4882, 0.689 0.1561 0.4882, 0.689 -0.4148 0.0315, 0.689 -0.1707 0.0315, 0.689 0.1561 0.2953, 0.689 -0.4935 0.0197, 0.689 -0.4148 0.0197, 0.689 0.1679 0.0315, 0.689 -0.1707 0.0197, 0.689 0.1679 0.0197, 0.689 -0.4541 0.4882, 0.689 -0.4541 0.4724, 0.689 -0.1589 0.4882, 0.689 -0.5722 0.2362, 0.689 -0.4935 0.1575, 0.689 0.412 0.0197, 0.689 0.4908 0.0197, 0.689 0.412 0.0315, 0.689 0.4908 0.1575, 0.689 0.5695 0.1575, 0.689 0.5695 0.2362, 0.689 -0.1589 0.2953, 0.689 -0.5722 0.1575, 0.5512 -0.4148 0.0, 0.5906 -0.4148 0.0, 0.5906 -0.5037 0.0, 0.2362 -0.5329 0.0, 0.2362 0.1407 0.0, 0.2977 0.0341 0.0, 0.5512 0.1679 0.0, 0.5906 0.1679 0.0, 0.5906 -0.1707 0.0, 0.2362 0.2714 0.0, 0.2362 0.5301 0.0, 0.2819 0.2978 0.0, 0.3081 0.3089 0.0, 0.4528 -0.5329 0.0, 0.5512 -0.1707 0.0, 0.4408 0.1324 0.0, 0.453 0.1581 0.0, 0.4228 0.1103 0.0, 0.4 0.0932 0.0, 0.4587 0.186 0.0, 0.4575 0.2144 0.0, 0.5512 0.412 0.0, 0.4496 0.2418 0.0, 0.4354 0.2664 0.0, 0.4157 0.287 0.0, 0.4528 0.5301 0.0, 0.5906 0.412 0.0, 0.5906 0.5009 0.0, 0.3916 0.3022 0.0, 0.3646 0.3112 0.0, 0.3362 0.3135 0.0
            ]
        }
        coordIndex [
            0,1,2,-1,3,4,5,-1,6,7,3,-1,5,4,8,-1,8,4,9,-1,8,9,10,-1,11,12,13,-1,13,12,14,-1,6,3,15,-1,16,17,18,-1,18,17,19,-1,19,20,21,-1,5,22,3,-1,3,22,13,-1,3,13,15,-1,15,13,14,-1,15,14,23,-1,8,18,5,-1,5,18,19,-1,5,19,2,-1,2,19,21,-1,2,21,0,-1,24,25,26,-1,27,28,29,-1,30,31,32,-1,33,34,35,-1,35,34,36,-1,26,37,24,-1,24,37,27,-1,24,27,38,-1,38,27,29,-1,38,29,32,-1,39,40,30,-1,39,30,41,-1,32,29,30,-1,30,29,42,-1,30,42,41,-1,40,43,30,-1,30,43,44,-1,30,44,45,-1,45,44,46,-1,45,46,47,-1,47,48,45,-1,45,48,49,-1,45,49,50,-1,50,49,51,-1,48,52,49,-1,49,52,53,-1,49,53,34,-1,34,53,54,-1,34,54,36,-1,
        ]
    }
}
Shape{
    appearance Appearance {
        material  Material 	{
            diffuseColor 0.7529411764705882 0.7529411764705882 0.7529411764705882
            specularColor 0.3764705882352941 0.3764705882352941 0.3764705882352941
            ambientIntensity 0.7529
            transparency 0.0
            shininess 0.5
        }
    }
    geometry IndexedFaceSet {
        ccw TRUE
        solid FALSE
        coord DEF co Coordinate {
            point [
                0.689 -0.1707 0.0197, 0.5906 -0.1707 0.0197, 0.689 0.1679 0.0197, 0.5906 0.1679 0.0197, 0.5906 0.1679 0.0, 0.5906 -0.1707 0.0, 0.689 -0.4148 0.0197, 0.689 -0.4935 0.0197, 0.5906 -0.4148 0.0197, 0.6386 -0.4935 0.0197, 0.5906 -0.5037 0.0197, 0.5906 -0.4148 0.0, 0.5906 -0.5037 0.0
            ]
        }
        coordIndex [
            0,1,2,-1,2,1,3,-1,3,1,4,-1,4,1,5,-1,6,7,8,-1,8,7,9,-1,8,9,10,-1,8,10,11,-1,11,10,12,-1,
        ]
    }
}
Shape{
    appearance Appearance {
        material  Material 	{
            diffuseColor 0.25098039215686274 0.25098039215686274 0.25098039215686274
            specularColor 0.12549019607843137 0.12549019607843137 0.12549019607843137
            ambientIntensity 0.251
            transparency 0.0
            shininess 0.5
        }
    }
    geometry IndexedFaceSet {
        ccw TRUE
        solid FALSE
        coord DEF co Coordinate {
            point [
                -0.689 -0.4541 0.4724, -0.689 -0.4541 0.4882, -0.689 -0.1589 0.4882, -0.689 -0.4148 0.0315, -0.689 -0.4148 0.0197, -0.689 -0.4935 0.0197, -0.689 0.5695 0.2362, -0.689 0.5695 0.1575, -0.689 0.4908 0.1575, -0.689 0.1561 0.4882, -0.689 0.4514 0.4882, -0.689 0.4514 0.4724, -0.689 0.4908 0.0197, -0.689 0.412 0.0197, -0.689 0.412 0.0315, -0.689 0.1679 0.0315, -0.689 -0.4935 0.1575, -0.689 -0.1589 0.2953, -0.689 -0.5722 0.2362, -0.689 -0.5722 0.1575, -0.689 0.1561 0.2953, -0.689 -0.1707 0.0315, -0.689 -0.1707 0.0197, -0.689 0.1679 0.0197, -0.5512 0.412 0.0, -0.5906 0.412 0.0, -0.5906 0.5009 0.0, -0.2362 0.5301 0.0, -0.2362 -0.1434 0.0, -0.2977 -0.0369 0.0, -0.5512 -0.1707 0.0, -0.5906 -0.1707 0.0, -0.5906 0.1679 0.0, -0.5906 -0.5037 0.0, -0.5906 -0.4148 0.0, -0.4528 -0.5329 0.0, -0.5512 -0.4148 0.0, -0.5512 0.1679 0.0, -0.4528 0.5301 0.0, -0.2362 -0.2741 0.0, -0.2362 -0.5329 0.0, -0.2819 -0.3005 0.0, -0.3081 -0.3117 0.0, -0.3646 -0.3139 0.0, -0.3362 -0.3162 0.0, -0.4 -0.0959 0.0, -0.4228 -0.113 0.0, -0.4408 -0.1351 0.0, -0.453 -0.1608 0.0, -0.4587 -0.1887 0.0, -0.4575 -0.2172 0.0, -0.4496 -0.2445 0.0, -0.4354 -0.2692 0.0, -0.4157 -0.2897 0.0, -0.3916 -0.3049 0.0
            ]
        }
        coordIndex [
            0,1,2,-1,3,4,5,-1,6,7,8,-1,9,10,11,-1,12,13,8,-1,8,13,14,-1,8,14,15,-1,16,2,17,-1,0,2,18,-1,18,2,16,-1,18,16,19,-1,11,6,9,-1,9,6,8,-1,9,8,20,-1,20,8,15,-1,5,16,3,-1,3,16,17,-1,3,17,21,-1,21,17,20,-1,21,20,22,-1,22,20,15,-1,22,15,23,-1,24,25,26,-1,27,28,29,-1,30,31,32,-1,33,34,35,-1,35,34,36,-1,29,37,27,-1,27,37,24,-1,27,24,38,-1,38,24,26,-1,39,40,41,-1,41,40,42,-1,35,43,40,-1,40,43,44,-1,40,44,42,-1,45,30,29,-1,29,30,32,-1,29,32,37,-1,45,46,30,-1,30,46,47,-1,30,47,48,-1,48,49,30,-1,30,49,50,-1,30,50,36,-1,36,50,51,-1,51,52,36,-1,36,52,53,-1,36,53,35,-1,35,53,54,-1,35,54,43,-1,
        ]
    }
}
Shape{
    appearance Appearance {
        material  Material 	{
            diffuseColor 0.7529411764705882 0.7529411764705882 0.7529411764705882
            specularColor 0.3764705882352941 0.3764705882352941 0.3764705882352941
            ambientIntensity 0.7529
            transparency 0.0
            shininess 0.5
        }
    }
    geometry IndexedFaceSet {
        ccw TRUE
        solid FALSE
        coord DEF co Coordinate {
            point [
                -0.5906 -0.1707 0.0197, -0.689 -0.1707 0.0197, -0.5906 0.1679 0.0197, -0.689 0.1679 0.0197, -0.5906 0.1679 0.0, -0.5906 -0.1707 0.0, -0.689 -0.4935 0.0197, -0.689 -0.4148 0.0197, -0.6386 -0.4935 0.0197, -0.5906 -0.4148 0.0197, -0.5906 -0.5037 0.0197, -0.5906 -0.4148 0.0, -0.5906 -0.5037 0.0, 0.6868 0.1364 0.4882, 0.6868 -0.1392 0.4882, 0.6884 -0.1392 0.4804, 0.6884 0.1364 0.4804, 0.689 -0.1392 0.4724, 0.689 0.1364 0.4724, 0.6443 -0.1392 0.5297, 0.6299 -0.1392 0.5315, 0.6299 -0.1392 0.4921, 0.6856 -0.1392 0.4921, 0.6791 -0.1392 0.5051, 0.6697 -0.1392 0.5161, 0.6578 -0.1392 0.5245, 0.6791 0.1364 0.5051, 0.6856 0.1364 0.4921, 0.6299 0.1364 0.4921, 0.6697 0.1364 0.5161, 0.6299 0.1364 0.5315, 0.6443 0.1364 0.5297, 0.6578 0.1364 0.5245, -0.6868 -0.1392 0.4882, -0.6868 0.1364 0.4882, -0.6884 0.1364 0.4804, -0.6884 -0.1392 0.4804, -0.689 0.1364 0.4724, -0.689 -0.1392 0.4724, -0.6856 0.1364 0.4921, -0.6791 0.1364 0.5051, -0.6299 0.1364 0.4921, -0.6697 0.1364 0.5161, -0.6578 0.1364 0.5245, -0.6443 0.1364 0.5297, -0.6299 0.1364 0.5315, -0.6578 -0.1392 0.5245, -0.6299 -0.1392 0.4921, -0.6443 -0.1392 0.5297, -0.6299 -0.1392 0.5315, -0.6697 -0.1392 0.5161, -0.6791 -0.1392 0.5051, -0.6856 -0.1392 0.4921, -0.689 0.412 0.0197, -0.689 0.4908 0.0197, -0.5906 0.412 0.0197, -0.6386 0.4908 0.0197, -0.5906 0.5009 0.0197, 0.689 0.4908 0.0197, 0.689 0.412 0.0197, 0.6386 0.4908 0.0197, 0.5906 0.412 0.0197, 0.5906 0.5009 0.0197, 0.6496 -0.1392 0.4882, 0.6496 -0.1392 0.374, 0.689 -0.1392 0.374, 0.689 0.1364 0.374, 0.6496 0.1364 0.374, 0.6496 0.1364 0.4882, 0.6197 -0.1405 0.4921, 0.6197 -0.1405 0.5315, 0.6102 -0.1444 0.4921, 0.6102 -0.1444 0.5315, 0.6021 -0.1507 0.4921, 0.6021 -0.1507 0.5315, 0.5958 -0.1589 0.4921, 0.5958 -0.1589 0.5315, 0.5919 -0.1683 0.4921, 0.5919 -0.1683 0.5315, 0.5906 -0.1785 0.4921, 0.5906 -0.1785 0.5315, 0.5919 -0.1887 0.4921, 0.5919 -0.1887 0.5315, 0.5958 -0.1982 0.4921, 0.5958 -0.1982 0.5315, 0.6021 -0.2064 0.4921, 0.6021 -0.2064 0.5315, 0.6102 -0.2126 0.4921, 0.6102 -0.2126 0.5315, 0.6197 -0.2166 0.4921, 0.6197 -0.2166 0.5315, 0.6299 -0.2179 0.4921, 0.6299 -0.2179 0.5315, 0.6299 0.2152 0.4921, 0.6299 0.2152 0.5315, 0.6197 0.2138 0.4921, 0.6197 0.2138 0.5315, 0.6102 0.2099 0.4921, 0.6102 0.2099 0.5315, 0.6021 0.2036 0.4921, 0.6021 0.2036 0.5315, 0.5958 0.1955 0.4921, 0.5958 0.1955 0.5315, 0.5919 0.186 0.4921, 0.5919 0.186 0.5315, 0.5906 0.1758 0.4921, 0.5906 0.1758 0.5315, 0.5919 0.1656 0.4921, 0.5919 0.1656 0.5315, 0.5958 0.1561 0.4921, 0.5958 0.1561 0.5315, 0.6021 0.148 0.4921, 0.6021 0.148 0.5315, 0.6102 0.1417 0.4921, 0.6102 0.1417 0.5315, 0.6197 0.1378 0.4921, 0.6197 0.1378 0.5315
            ]
        }
        coordIndex [
            0,1,2,-1,2,1,3,-1,4,5,2,-1,2,5,0,-1,6,7,8,-1,8,7,9,-1,8,9,10,-1,11,12,9,-1,9,12,10,-1,13,14,15,-1,13,15,16,-1,16,15,17,-1,16,17,18,-1,19,20,21,-1,21,22,23,-1,23,24,21,-1,21,24,25,-1,21,25,19,-1,26,27,28,-1,26,28,29,-1,30,31,28,-1,28,31,32,-1,28,32,29,-1,33,34,35,-1,33,35,36,-1,36,35,37,-1,36,37,38,-1,39,40,41,-1,41,40,42,-1,42,43,41,-1,41,43,44,-1,41,44,45,-1,46,47,48,-1,48,47,49,-1,46,50,47,-1,47,50,51,-1,47,51,52,-1,53,54,55,-1,55,54,56,-1,55,56,57,-1,58,59,60,-1,60,59,61,-1,60,61,62,-1,63,64,65,-1,65,17,63,-1,63,17,15,-1,63,15,14,-1,66,67,18,-1,18,67,68,-1,18,68,16,-1,16,68,13,-1,21,20,69,-1,69,20,70,-1,69,70,71,-1,71,70,72,-1,71,72,73,-1,73,72,74,-1,73,74,75,-1,75,74,76,-1,75,76,77,-1,77,76,78,-1,77,78,79,-1,79,78,80,-1,79,80,81,-1,81,80,82,-1,81,82,83,-1,83,82,84,-1,83,84,85,-1,85,84,86,-1,85,86,87,-1,87,86,88,-1,87,88,89,-1,89,88,90,-1,89,90,91,-1,91,90,92,-1,93,94,95,-1,95,94,96,-1,95,96,97,-1,97,96,98,-1,97,98,99,-1,99,98,100,-1,99,100,101,-1,101,100,102,-1,101,102,103,-1,103,102,104,-1,103,104,105,-1,105,104,106,-1,105,106,107,-1,107,106,108,-1,107,108,109,-1,109,108,110,-1,109,110,111,-1,111,110,112,-1,111,112,113,-1,113,112,114,-1,113,114,115,-1,115,114,116,-1,115,116,28,-1,28,116,30,-1,
        ]
    }
}
Shape{
    appearance Appearance {
        material  Material 	{
            diffuseColor 0.25098039215686274 0.25098039215686274 0.25098039215686274
            specularColor 0.12549019607843137 0.12549019607843137 0.12549019607843137
            ambientIntensity 0.251
            transparency 0.0
            shininess 0.5
        }
    }
    geometry IndexedFaceSet {
        ccw TRUE
        solid FALSE
        coord DEF co Coordinate {
            point [
                0.3346 0.2742 0.4882, 0.3346 0.2742 0.4134, 0.3346 -0.1589 0.4882, 0.3346 -0.1589 0.4134
            ]
        }
        coordIndex [
            0,1,2,-1,2,1,3,-1,
        ]
    }
}
Shape{
    appearance Appearance {
        material  Material 	{
            diffuseColor 0.7529411764705882 0.7529411764705882 0.7529411764705882
            specularColor 0.3764705882352941 0.3764705882352941 0.3764705882352941
            ambientIntensity 0.7529
            transparency 0.0
            shininess 0.5
        }
    }
    geometry IndexedFaceSet {
        ccw TRUE
        solid FALSE
        coord DEF co Coordinate {
            point [
                0.3346 -0.1589 0.5315, 0.3346 0.2742 0.5315, 0.3346 -0.1589 0.4921, 0.3346 0.2742 0.4921, -0.3346 0.2742 0.4921, -0.3346 0.2742 0.5315, -0.3346 -0.1589 0.4921, -0.3346 -0.1589 0.5315
            ]
        }
        coordIndex [
            0,1,2,-1,2,1,3,-1,4,5,6,-1,6,5,7,-1,
        ]
    }
}
Shape{
    appearance Appearance {
        material  Material 	{
            diffuseColor 0.25098039215686274 0.25098039215686274 0.25098039215686274
            specularColor 0.12549019607843137 0.12549019607843137 0.12549019607843137
            ambientIntensity 0.251
            transparency 0.0
            shininess 0.5
        }
    }
    geometry IndexedFaceSet {
        ccw TRUE
        solid FALSE
        coord DEF co Coordinate {
            point [
                0.6496 0.1249 0.3462, 0.6496 0.1167 0.3399, 0.6496 0.1561 0.2953, 0.6496 0.1311 0.3543, 0.6496 -0.1392 0.4882, 0.6496 -0.1589 0.4882, 0.6496 -0.1392 0.374, 0.6496 -0.1589 0.2953, 0.6496 -0.1378 0.3638, 0.6496 -0.1339 0.3543, 0.6496 0.1561 0.4882, 0.6496 0.1364 0.4882, 0.6496 0.1364 0.374, 0.6496 0.1351 0.3638, 0.6496 -0.11 0.336, 0.6496 -0.1195 0.3399, 0.6496 -0.1276 0.3462, 0.6496 0.1072 0.336, 0.6496 0.0971 0.3346, 0.6496 -0.0998 0.3346, -0.6496 -0.1378 0.3638, -0.6496 -0.1589 0.2953, -0.6496 -0.1392 0.374, -0.6496 -0.1589 0.4882, -0.6496 -0.1392 0.4882, -0.6496 -0.1339 0.3543, -0.6496 -0.1276 0.3462, -0.6496 -0.1195 0.3399, -0.6496 0.1072 0.336, -0.6496 0.1167 0.3399, -0.6496 0.1561 0.2953, -0.6496 0.1249 0.3462, -0.6496 0.1311 0.3543, -0.6496 0.1364 0.4882, -0.6496 0.1561 0.4882, -0.6496 0.1364 0.374, -0.6496 0.1351 0.3638, -0.6496 -0.11 0.336, -0.6496 -0.0998 0.3346, -0.6496 0.0971 0.3346, 0.2953 -0.1982 0.4882, 0.2953 -0.1982 0.4134, -0.2953 -0.1982 0.4882, -0.2953 -0.1982 0.4134
            ]
        }
        coordIndex [
            0,1,2,-1,0,2,3,-1,4,5,6,-1,6,5,7,-1,6,7,8,-1,8,7,9,-1,10,11,12,-1,10,12,2,-1,2,12,13,-1,2,13,3,-1,14,15,7,-1,7,15,16,-1,7,16,9,-1,1,17,2,-1,2,17,18,-1,2,18,7,-1,7,18,19,-1,7,19,14,-1,20,21,22,-1,22,21,23,-1,22,23,24,-1,20,25,21,-1,21,25,26,-1,21,26,27,-1,28,29,30,-1,30,29,31,-1,30,31,32,-1,33,34,35,-1,35,34,30,-1,35,30,36,-1,36,30,32,-1,27,37,21,-1,21,37,38,-1,21,38,30,-1,30,38,39,-1,30,39,28,-1,40,41,42,-1,42,41,43,-1,
        ]
    }
}
Shape{
    appearance Appearance {
        material  Material 	{
            diffuseColor 0.7529411764705882 0.7529411764705882 0.7529411764705882
            specularColor 0.3764705882352941 0.3764705882352941 0.3764705882352941
            ambientIntensity 0.7529
            transparency 0.0
            shininess 0.5
        }
    }
    geometry IndexedFaceSet {
        ccw TRUE
        solid FALSE
        coord DEF co Coordinate {
            point [
                0.2362 -0.1982 0.4921, 0.2362 -0.1982 0.5315, 0.2953 -0.1982 0.4921, 0.2953 -0.1982 0.5315
            ]
        }
        coordIndex [
            0,1,2,-1,2,1,3,-1,
        ]
    }
}
Shape{
    appearance Appearance {
        material  Material 	{
            diffuseColor 0.25098039215686274 0.25098039215686274 0.25098039215686274
            specularColor 0.12549019607843137 0.12549019607843137 0.12549019607843137
            ambientIntensity 0.251
            transparency 0.0
            shininess 0.5
        }
    }
    geometry IndexedFaceSet {
        ccw TRUE
        solid FALSE
        coord DEF co Coordinate {
            point [
                0.5807 -0.4541 0.4882, 0.5807 -0.4541 0.4724, 0.689 -0.4541 0.4882, 0.689 -0.4541 0.4724
            ]
        }
        coordIndex [
            0,1,2,-1,2,1,3,-1,
        ]
    }
}
Shape{
    appearance Appearance {
        material  Material 	{
            diffuseColor 0.7529411764705882 0.7529411764705882 0.7529411764705882
            specularColor 0.3764705882352941 0.3764705882352941 0.3764705882352941
            ambientIntensity 0.7529
            transparency 0.0
            shininess 0.5
        }
    }
    geometry IndexedFaceSet {
        ccw TRUE
        solid FALSE
        coord DEF co Coordinate {
            point [
                0.689 0.4514 0.5315, 0.689 0.2152 0.5315, 0.689 0.4514 0.4921, 0.689 0.2152 0.4921, 0.5807 0.4514 0.5315, 0.5807 0.4514 0.4921, -0.689 0.4514 0.5315, -0.5807 0.4514 0.5315, -0.689 0.4514 0.4921, -0.5807 0.4514 0.4921, -0.689 0.2152 0.5315, -0.689 0.2152 0.4921
            ]
        }
        coordIndex [
            0,1,2,-1,2,1,3,-1,4,0,5,-1,5,0,2,-1,6,7,8,-1,8,7,9,-1,10,6,11,-1,11,6,8,-1,
        ]
    }
}
Shape{
    appearance Appearance {
        material  Material 	{
            diffuseColor 0.25098039215686274 0.25098039215686274 0.25098039215686274
            specularColor 0.12549019607843137 0.12549019607843137 0.12549019607843137
            ambientIntensity 0.251
            transparency 0.0
            shininess 0.5
        }
    }
    geometry IndexedFaceSet {
        ccw TRUE
        solid FALSE
        coord DEF co Coordinate {
            point [
                -0.689 -0.4541 0.4882, -0.689 -0.4541 0.4724, -0.5807 -0.4541 0.4882, -0.5807 -0.4541 0.4724, -0.2953 -0.1982 0.4882, -0.2953 -0.1982 0.4134, -0.3055 -0.1969 0.4882, -0.3055 -0.1969 0.4134, -0.315 -0.193 0.4882, -0.315 -0.193 0.4134, -0.3231 -0.1867 0.4882, -0.3231 -0.1867 0.4134, -0.3294 -0.1785 0.4882, -0.3294 -0.1785 0.4134, -0.3333 -0.169 0.4882, -0.3333 -0.169 0.4134, -0.3346 -0.1589 0.4882, -0.3346 -0.1589 0.4134
            ]
        }
        coordIndex [
            0,1,2,-1,2,1,3,-1,4,5,6,-1,6,5,7,-1,6,7,8,-1,8,7,9,-1,8,9,10,-1,10,9,11,-1,10,11,12,-1,12,11,13,-1,12,13,14,-1,14,13,15,-1,14,15,16,-1,16,15,17,-1,
        ]
    }
}
Shape{
    appearance Appearance {
        material  Material 	{
            diffuseColor 0.7529411764705882 0.7529411764705882 0.7529411764705882
            specularColor 0.3764705882352941 0.3764705882352941 0.3764705882352941
            ambientIntensity 0.7529
            transparency 0.0
            shininess 0.5
        }
    }
    geometry IndexedFaceSet {
        ccw TRUE
        solid FALSE
        coord DEF co Coordinate {
            point [
                -0.3346 0.2742 0.5315, -0.3346 0.2742 0.4921, -0.3333 0.2844 0.5315, -0.3333 0.2844 0.4921, -0.3294 0.2939 0.5315, -0.3294 0.2939 0.4921, -0.3231 0.3021 0.5315, -0.3231 0.3021 0.4921, -0.315 0.3083 0.5315, -0.315 0.3083 0.4921, -0.3055 0.3122 0.5315, -0.3055 0.3122 0.4921, -0.2953 0.3136 0.5315, -0.2953 0.3136 0.4921, 0.2953 0.3136 0.4921, 0.2953 0.3136 0.5315, 0.3055 0.3122 0.5315, 0.3055 0.3122 0.4921, 0.315 0.3083 0.5315, 0.315 0.3083 0.4921, 0.3231 0.3021 0.5315, 0.3231 0.3021 0.4921, 0.3294 0.2939 0.5315, 0.3294 0.2939 0.4921, 0.3333 0.2844 0.5315, 0.3333 0.2844 0.4921, 0.3346 0.2742 0.5315, 0.3346 0.2742 0.4921
            ]
        }
        coordIndex [
            0,1,2,-1,2,1,3,-1,2,3,4,-1,4,3,5,-1,4,5,6,-1,6,5,7,-1,6,7,8,-1,8,7,9,-1,8,9,10,-1,10,9,11,-1,10,11,12,-1,12,11,13,-1,14,15,13,-1,13,15,12,-1,15,14,16,-1,16,14,17,-1,16,17,18,-1,18,17,19,-1,18,19,20,-1,20,19,21,-1,20,21,22,-1,22,21,23,-1,22,23,24,-1,24,23,25,-1,24,25,26,-1,26,25,27,-1,
        ]
    }
}
Shape{
    appearance Appearance {
        material  Material 	{
            diffuseColor 0.25098039215686274 0.25098039215686274 0.25098039215686274
            specularColor 0.12549019607843137 0.12549019607843137 0.12549019607843137
            ambientIntensity 0.251
            transparency 0.0
            shininess 0.5
        }
    }
    geometry IndexedFaceSet {
        ccw TRUE
        solid FALSE
        coord DEF co Coordinate {
            point [
                0.3346 -0.1589 0.4882, 0.3346 -0.1589 0.4134, 0.3333 -0.169 0.4882, 0.3333 -0.169 0.4134, 0.3294 -0.1785 0.4882, 0.3294 -0.1785 0.4134, 0.3231 -0.1867 0.4882, 0.3231 -0.1867 0.4134, 0.315 -0.193 0.4882, 0.315 -0.193 0.4134, 0.3055 -0.1969 0.4882, 0.3055 -0.1969 0.4134, 0.2953 -0.1982 0.4882, 0.2953 -0.1982 0.4134
            ]
        }
        coordIndex [
            0,1,2,-1,2,1,3,-1,2,3,4,-1,4,3,5,-1,4,5,6,-1,6,5,7,-1,6,7,8,-1,8,7,9,-1,8,9,10,-1,10,9,11,-1,10,11,12,-1,12,11,13,-1,
        ]
    }
}
Shape{
    appearance Appearance {
        material  Material 	{
            diffuseColor 0.7529411764705882 0.7529411764705882 0.7529411764705882
            specularColor 0.3764705882352941 0.3764705882352941 0.3764705882352941
            ambientIntensity 0.7529
            transparency 0.0
            shininess 0.5
        }
    }
    geometry IndexedFaceSet {
        ccw TRUE
        solid FALSE
        coord DEF co Coordinate {
            point [
                0.5906 0.5009 0.0, 0.5906 0.5009 0.0197, 0.5906 0.412 0.0, 0.5906 0.412 0.0197, -0.5906 0.5009 0.0197, -0.5906 0.5009 0.0, -0.5906 0.412 0.0197, -0.5906 0.412 0.0
            ]
        }
        coordIndex [
            0,1,2,-1,2,1,3,-1,4,5,6,-1,6,5,7,-1,
        ]
    }
}
Shape{
    appearance Appearance {
        material  Material 	{
            diffuseColor 0.25098039215686274 0.25098039215686274 0.25098039215686274
            specularColor 0.12549019607843137 0.12549019607843137 0.12549019607843137
            ambientIntensity 0.251
            transparency 0.0
            shininess 0.5
        }
    }
    geometry IndexedFaceSet {
        ccw TRUE
        solid FALSE
        coord DEF co Coordinate {
            point [
                -0.0325 -0.2827 -0.1968, -0.0166 -0.2775 -0.1968, 0.0 -0.3557 -0.1968, 0.0 -0.2758 -0.1968, 0.0166 -0.2775 -0.1968, -0.0692 -0.3157 -0.1968, -0.0594 -0.3022 -0.1968, -0.047 -0.291 -0.1968, -0.0795 -0.3641 -0.1968, -0.0795 -0.3473 -0.1968, -0.076 -0.331 -0.1968, -0.0594 -0.4092 -0.1968, -0.0692 -0.3957 -0.1968, -0.076 -0.3804 -0.1968, -0.0166 -0.4339 -0.1968, -0.0325 -0.4287 -0.1968, -0.047 -0.4204 -0.1968, 0.0325 -0.4287 -0.1968, 0.0166 -0.4339 -0.1968, 0.0 -0.4357 -0.1968, 0.0692 -0.3957 -0.1968, 0.0594 -0.4092 -0.1968, 0.047 -0.4204 -0.1968, 0.0795 -0.3473 -0.1968, 0.0795 -0.3641 -0.1968, 0.076 -0.3804 -0.1968, 0.0594 -0.3022 -0.1968, 0.0692 -0.3157 -0.1968, 0.076 -0.331 -0.1968, 0.0325 -0.2827 -0.1968, 0.047 -0.291 -0.1968, -0.0325 0.426 -0.1968, -0.0166 0.4312 -0.1968, 0.0 0.353 -0.1968, 0.0 0.4329 -0.1968, 0.0166 0.4312 -0.1968, -0.0692 0.3929 -0.1968, -0.0594 0.4065 -0.1968, -0.047 0.4176 -0.1968, -0.0795 0.3446 -0.1968, -0.0795 0.3613 -0.1968, -0.076 0.3777 -0.1968, -0.0594 0.2995 -0.1968, -0.0692 0.313 -0.1968, -0.076 0.3283 -0.1968, -0.0166 0.2748 -0.1968, -0.0325 0.2799 -0.1968, -0.047 0.2883 -0.1968, 0.0325 0.2799 -0.1968, 0.0166 0.2748 -0.1968, 0.0 0.273 -0.1968, 0.0692 0.313 -0.1968, 0.0594 0.2995 -0.1968, 0.047 0.2883 -0.1968, 0.0795 0.3613 -0.1968, 0.0795 0.3446 -0.1968, 0.076 0.3283 -0.1968, 0.0594 0.4065 -0.1968, 0.0692 0.3929 -0.1968, 0.076 0.3777 -0.1968, 0.0325 0.426 -0.1968, 0.047 0.4176 -0.1968, 0.0 -0.1378 -0.0197, -0.1181 0.0668 -0.0197, 0.1181 -0.0696 -0.0197, 0.0 0.135 -0.0197, 0.033 -0.2326 -0.1181, 0.052 -0.2388 -0.1181, 0.0512 -0.2407 -0.1374, 0.0636 -0.2455 -0.1181, 0.0752 -0.2522 -0.1181, 0.074 -0.2539 -0.1374, -0.0901 -0.4458 -0.1181, -0.0951 -0.4413 -0.1181, -0.0935 -0.4399 -0.1374, -0.1231 -0.3887 -0.1181, -0.1273 -0.3691 -0.1181, -0.1251 -0.3689 -0.1374, -0.1273 -0.3557 -0.1181, -0.1273 -0.3423 -0.1181, -0.1251 -0.3426 -0.1374, -0.1231 -0.3227 -0.1181, -0.1217 -0.3162 -0.1181, -0.1197 -0.3168 -0.1374, -0.0901 -0.2656 -0.1181, -0.0752 -0.2522 -0.1181, -0.074 -0.2539 -0.1374, -0.0636 -0.2455 -0.1181, -0.052 -0.2388 -0.1181, -0.0512 -0.2407 -0.1374, -0.033 -0.2326 -0.1181, -0.0266 -0.2305 -0.1181, -0.0262 -0.2326 -0.1374, -0.0565 -0.4334 -0.1862, -0.0391 -0.4435 -0.1862, -0.0644 -0.4443 -0.1722, -0.0445 -0.4558 -0.1722, -0.0703 -0.4525 -0.1557, -0.0486 -0.465 -0.1557, -0.074 -0.4575 -0.1374, -0.0512 -0.4707 -0.1374, -0.02 -0.4497 -0.1862, -0.0228 -0.4628 -0.1722, -0.0249 -0.4727 -0.1557, -0.0262 -0.4788 -0.1374, 0.0 -0.4518 -0.1862, 0.0 -0.4652 -0.1722, 0.0 -0.4753 -0.1557, 0.0 -0.4815 -0.1374, 0.02 -0.4497 -0.1862, 0.0228 -0.4628 -0.1722, 0.0249 -0.4727 -0.1557, 0.0262 -0.4788 -0.1374, 0.0391 -0.4435 -0.1862, 0.0565 -0.4334 -0.1862, 0.0445 -0.4558 -0.1722, 0.0644 -0.4443 -0.1722, 0.0486 -0.465 -0.1557, 0.0703 -0.4525 -0.1557, 0.0512 -0.4707 -0.1374, 0.074 -0.4575 -0.1374, 0.0714 -0.42 -0.1862, 0.0814 -0.429 -0.1722, 0.0889 -0.4357 -0.1557, 0.0935 -0.4399 -0.1374, 0.0832 -0.4037 -0.1862, 0.0948 -0.4105 -0.1722, 0.1036 -0.4155 -0.1557, 0.109 -0.4186 -0.1374, 0.0914 -0.3854 -0.1862, 0.1042 -0.3895 -0.1722, 0.1137 -0.3927 -0.1557, 0.1197 -0.3946 -0.1374, 0.0956 -0.3657 -0.1862, 0.0956 -0.3457 -0.1862, 0.1089 -0.3672 -0.1722, 0.1089 -0.3443 -0.1722, 0.1189 -0.3682 -0.1557, 0.1189 -0.3432 -0.1557, 0.1251 -0.3689 -0.1374, 0.1251 -0.3426 -0.1374, 0.0914 -0.326 -0.1862, 0.1042 -0.3219 -0.1722, 0.1137 -0.3187 -0.1557, 0.1197 -0.3168 -0.1374, 0.0832 -0.3077 -0.1862, 0.0948 -0.3009 -0.1722, 0.1036 -0.2959 -0.1557, 0.109 -0.2928 -0.1374, 0.0714 -0.2914 -0.1862, 0.0814 -0.2824 -0.1722, 0.0889 -0.2757 -0.1557, 0.0935 -0.2715 -0.1374, 0.0 -0.2596 -0.1862, -0.02 -0.2617 -0.1862, 0.0 -0.2462 -0.1722, -0.0228 -0.2486 -0.1722, 0.0 -0.2361 -0.1557, -0.0249 -0.2387 -0.1557, 0.0 -0.2299 -0.1374, 0.0 -0.2278 -0.1181, -0.0486 -0.2465 -0.1557, -0.0445 -0.2557 -0.1722, -0.0391 -0.2679 -0.1862, -0.0703 -0.259 -0.1557, -0.0644 -0.2671 -0.1722, -0.0565 -0.278 -0.1862, -0.0951 -0.2701 -0.1181, -0.0935 -0.2715 -0.1374, -0.0889 -0.2757 -0.1557, -0.0814 -0.2824 -0.1722, -0.0714 -0.2914 -0.1862, -0.0832 -0.3077 -0.1862, -0.0948 -0.3009 -0.1722, -0.1036 -0.2959 -0.1557, -0.109 -0.2928 -0.1374, -0.1108 -0.2917 -0.1181, -0.0914 -0.326 -0.1862, -0.1042 -0.3219 -0.1722, -0.1137 -0.3187 -0.1557, -0.1189 -0.3432 -0.1557, -0.1089 -0.3443 -0.1722, -0.0956 -0.3457 -0.1862, -0.1189 -0.3682 -0.1557, -0.1089 -0.3672 -0.1722, -0.0956 -0.3657 -0.1862, -0.1217 -0.3952 -0.1181, -0.1197 -0.3946 -0.1374, -0.1137 -0.3927 -0.1557, -0.1042 -0.3895 -0.1722, -0.0914 -0.3854 -0.1862, -0.0832 -0.4037 -0.1862, -0.0948 -0.4105 -0.1722, -0.1036 -0.4155 -0.1557, -0.109 -0.4186 -0.1374, -0.1108 -0.4197 -0.1181, -0.0714 -0.42 -0.1862, -0.0814 -0.429 -0.1722, -0.0889 -0.4357 -0.1557, -0.0752 -0.4592 -0.1181, 0.033 -0.4788 -0.1181, 0.0266 -0.4809 -0.1181, 0.0 -0.4837 -0.1181, -0.0266 -0.4809 -0.1181, -0.033 -0.4788 -0.1181, -0.052 -0.4726 -0.1181, -0.0636 -0.4659 -0.1181, 0.052 -0.4726 -0.1181, 0.1231 -0.3887 -0.1181, 0.1217 -0.3952 -0.1181, 0.1108 -0.4197 -0.1181, 0.0951 -0.4413 -0.1181, 0.0901 -0.4458 -0.1181, 0.0752 -0.4592 -0.1181, 0.0636 -0.4659 -0.1181, 0.1273 -0.3691 -0.1181, 0.0901 -0.2656 -0.1181, 0.0951 -0.2701 -0.1181, 0.1108 -0.2917 -0.1181, 0.1217 -0.3162 -0.1181, 0.1231 -0.3227 -0.1181, 0.1273 -0.3423 -0.1181, 0.1273 -0.3557 -0.1181, 0.0703 -0.259 -0.1557, 0.0644 -0.2671 -0.1722, 0.0565 -0.278 -0.1862, 0.0486 -0.2465 -0.1557, 0.0445 -0.2557 -0.1722, 0.0391 -0.2679 -0.1862, 0.0266 -0.2305 -0.1181, 0.0262 -0.2326 -0.1374, 0.0249 -0.2387 -0.1557, 0.0228 -0.2486 -0.1722, 0.02 -0.2617 -0.1862, 0.1231 0.3199 -0.1181, 0.1217 0.3134 -0.1181, 0.1197 0.3141 -0.1374, 0.0901 0.2629 -0.1181, 0.0752 0.2494 -0.1181, 0.074 0.2512 -0.1374, 0.0636 0.2428 -0.1181, 0.052 0.2361 -0.1181, 0.0512 0.238 -0.1374, 0.033 0.2299 -0.1181, 0.0266 0.2278 -0.1181, 0.0262 0.2299 -0.1374, -0.033 0.2299 -0.1181, -0.052 0.2361 -0.1181, -0.0512 0.238 -0.1374, -0.0636 0.2428 -0.1181, -0.0752 0.2494 -0.1181, -0.074 0.2512 -0.1374, -0.0901 0.2629 -0.1181, -0.0951 0.2673 -0.1181, -0.0935 0.2688 -0.1374, -0.1231 0.3199 -0.1181, -0.1273 0.3396 -0.1181, -0.1251 0.3398 -0.1374, -0.1273 0.353 -0.1181, -0.1273 0.3663 -0.1181, -0.1251 0.3661 -0.1374, 0.0 0.449 -0.1862, -0.02 0.4469 -0.1862, 0.0 0.4625 -0.1722, -0.0228 0.4601 -0.1722, 0.0 0.4725 -0.1557, -0.0249 0.4699 -0.1557, 0.0 0.4788 -0.1374, -0.0262 0.476 -0.1374, -0.0391 0.4407 -0.1862, -0.0565 0.4307 -0.1862, -0.0445 0.453 -0.1722, -0.0644 0.4416 -0.1722, -0.0486 0.4622 -0.1557, -0.0703 0.4497 -0.1557, -0.0512 0.4679 -0.1374, -0.074 0.4548 -0.1374, -0.0714 0.4173 -0.1862, -0.0814 0.4262 -0.1722, -0.0889 0.433 -0.1557, -0.0935 0.4372 -0.1374, -0.0832 0.401 -0.1862, -0.0948 0.4077 -0.1722, -0.1036 0.4128 -0.1557, -0.109 0.4159 -0.1374, -0.0914 0.3826 -0.1862, -0.1042 0.3868 -0.1722, -0.1137 0.3899 -0.1557, -0.1197 0.3918 -0.1374, 0.0956 0.3429 -0.1862, 0.0956 0.363 -0.1862, 0.1089 0.3415 -0.1722, 0.1089 0.3644 -0.1722, 0.1189 0.3405 -0.1557, 0.1189 0.3655 -0.1557, 0.1251 0.3398 -0.1374, 0.1251 0.3661 -0.1374, 0.0914 0.3826 -0.1862, 0.1042 0.3868 -0.1722, 0.1137 0.3899 -0.1557, 0.1197 0.3918 -0.1374, 0.0832 0.401 -0.1862, 0.0948 0.4077 -0.1722, 0.1036 0.4128 -0.1557, 0.109 0.4159 -0.1374, 0.0714 0.4173 -0.1862, 0.0814 0.4262 -0.1722, 0.0889 0.433 -0.1557, 0.0935 0.4372 -0.1374, 0.0565 0.4307 -0.1862, 0.0391 0.4407 -0.1862, 0.0644 0.4416 -0.1722, 0.0445 0.453 -0.1722, 0.0703 0.4497 -0.1557, 0.0486 0.4622 -0.1557, 0.074 0.4548 -0.1374, 0.0512 0.4679 -0.1374, 0.02 0.4469 -0.1862, 0.0228 0.4601 -0.1722, 0.0249 0.4699 -0.1557, 0.0262 0.476 -0.1374, -0.052 0.4698 -0.1181, -0.033 0.476 -0.1181, -0.1231 0.386 -0.1181, -0.1217 0.3925 -0.1181, -0.1108 0.4169 -0.1181, -0.0951 0.4386 -0.1181, -0.0901 0.443 -0.1181, -0.0752 0.4565 -0.1181, -0.0636 0.4632 -0.1181, -0.1189 0.3655 -0.1557, -0.1089 0.3644 -0.1722, -0.0956 0.363 -0.1862, -0.1189 0.3405 -0.1557, -0.1089 0.3415 -0.1722, -0.0956 0.3429 -0.1862, -0.1217 0.3134 -0.1181, -0.1197 0.3141 -0.1374, -0.1137 0.316 -0.1557, -0.1042 0.3191 -0.1722, -0.0914 0.3233 -0.1862, -0.0832 0.3049 -0.1862, -0.0948 0.2982 -0.1722, -0.1036 0.2932 -0.1557, -0.109 0.29 -0.1374, -0.1108 0.289 -0.1181, -0.0714 0.2887 -0.1862, -0.0814 0.2797 -0.1722, -0.0889 0.2729 -0.1557, -0.0703 0.2562 -0.1557, -0.0644 0.2644 -0.1722, -0.0565 0.2752 -0.1862, -0.0486 0.2437 -0.1557, -0.0445 0.2529 -0.1722, -0.0391 0.2652 -0.1862, -0.0266 0.2278 -0.1181, -0.0262 0.2299 -0.1374, -0.0249 0.236 -0.1557, -0.0228 0.2458 -0.1722, -0.02 0.259 -0.1862, 0.0 0.2569 -0.1862, 0.0 0.2434 -0.1722, 0.0 0.2334 -0.1557, 0.0 0.2271 -0.1374, 0.0 0.225 -0.1181, 0.02 0.259 -0.1862, 0.0228 0.2458 -0.1722, 0.0249 0.236 -0.1557, 0.0486 0.2437 -0.1557, 0.0445 0.2529 -0.1722, 0.0391 0.2652 -0.1862, 0.0703 0.2562 -0.1557, 0.0644 0.2644 -0.1722, 0.0565 0.2752 -0.1862, 0.0951 0.2673 -0.1181, 0.0935 0.2688 -0.1374, 0.0889 0.2729 -0.1557, 0.0814 0.2797 -0.1722, 0.0714 0.2887 -0.1862, 0.0832 0.3049 -0.1862, 0.0948 0.2982 -0.1722, 0.1036 0.2932 -0.1557, 0.109 0.29 -0.1374, 0.1108 0.289 -0.1181, 0.0914 0.3233 -0.1862, 0.1042 0.3191 -0.1722, 0.1137 0.316 -0.1557, 0.1273 0.3396 -0.1181, 0.0901 0.443 -0.1181, 0.0951 0.4386 -0.1181, 0.1108 0.4169 -0.1181, 0.1217 0.3925 -0.1181, 0.1231 0.386 -0.1181, 0.1273 0.3663 -0.1181, 0.1273 0.353 -0.1181, 0.0752 0.4565 -0.1181, -0.0266 0.4781 -0.1181, 0.0 0.4809 -0.1181, 0.0266 0.4781 -0.1181, 0.033 0.476 -0.1181, 0.052 0.4698 -0.1181, 0.0636 0.4632 -0.1181, 0.4 0.0932 -0.0197, 0.4 0.0932 0.0, 0.2977 0.0341 -0.0197, 0.2977 0.0341 0.0, 0.2362 0.1407 0.0197, 0.2362 0.1407 0.0, 0.2362 -0.5329 0.0197, 0.2362 -0.5329 0.0, -0.2362 -0.1434 0.0197, -0.2362 -0.1434 0.0, -0.2362 0.5301 0.0197, -0.2362 0.5301 0.0, 0.1181 -0.0696 0.0197, 0.0 -0.1378 0.0197, -0.1181 0.0668 0.0197, 0.0 0.135 0.0197, -0.0331 -0.2321 0.0197, 0.0 -0.2278 0.0197, -0.064 -0.2449 0.0197, -0.0905 -0.2652 0.0197, -0.1108 -0.2917 0.0197, -0.1236 -0.3226 0.0197, -0.128 -0.3557 0.0197, -0.1236 -0.3888 0.0197, -0.1108 -0.4197 0.0197, -0.0905 -0.4462 0.0197, -0.064 -0.4665 0.0197, -0.0331 -0.4793 0.0197, 0.0 -0.4837 0.0197, 0.0331 -0.4793 0.0197, 0.064 -0.4665 0.0197, 0.0905 -0.4462 0.0197, 0.1108 -0.4197 0.0197, 0.1236 -0.3888 0.0197, 0.128 -0.3557 0.0197, 0.1236 -0.3226 0.0197, 0.1108 -0.2917 0.0197, 0.0905 -0.2652 0.0197, 0.064 -0.2449 0.0197, 0.0331 -0.2321 0.0197, -0.0331 0.4765 0.0197, 0.0 0.4809 0.0197, -0.064 0.4638 0.0197, -0.0905 0.4434 0.0197, -0.1108 0.4169 0.0197, -0.1236 0.3861 0.0197, -0.128 0.353 0.0197, -0.1236 0.3198 0.0197, -0.1108 0.289 0.0197, -0.0905 0.2625 0.0197, -0.064 0.2421 0.0197, -0.0331 0.2294 0.0197, 0.0 0.225 0.0197, 0.0331 0.2294 0.0197, 0.064 0.2421 0.0197, 0.0905 0.2625 0.0197, 0.1108 0.289 0.0197, 0.1236 0.3198 0.0197, 0.128 0.353 0.0197, 0.1236 0.3861 0.0197, 0.1108 0.4169 0.0197, 0.0905 0.4434 0.0197, 0.064 0.4638 0.0197, 0.0331 0.4765 0.0197, -0.4 -0.0959 0.0394, -0.4 -0.0959 0.0, -0.2977 -0.0369 0.0394, -0.2977 -0.0369 0.0, 0.2819 0.2978 -0.0197, 0.2819 0.2978 0.0, 0.3081 0.3089 0.0, 0.3081 0.3089 -0.0197, 0.3362 0.3135 0.0, 0.3362 0.3135 -0.0197, 0.3646 0.3112 0.0, 0.3646 0.3112 -0.0197, 0.3916 0.3022 0.0, 0.3916 0.3022 -0.0197, 0.4157 0.287 0.0, 0.4157 0.287 -0.0197, 0.4354 0.2664 0.0, 0.4354 0.2664 -0.0197, 0.4496 0.2418 0.0, 0.4496 0.2418 -0.0197, 0.4575 0.2144 0.0, 0.4575 0.2144 -0.0197, 0.4587 0.186 0.0, 0.4587 0.186 -0.0197, 0.453 0.1581 0.0, 0.453 0.1581 -0.0197, 0.4408 0.1324 0.0, 0.4408 0.1324 -0.0197, 0.4228 0.1103 0.0, 0.4228 0.1103 -0.0197, 0.1796 0.2387 0.0197, 0.1796 0.2387 -0.0197, -0.4528 -0.5526 0.0197, -0.4528 -0.5329 0.0197, -0.4331 -0.5722 0.0197, -0.4521 -0.5577 0.0197, -0.2362 -0.5329 0.0197, -0.2165 -0.5533 0.0197, -0.2165 -0.5722 0.0197, -0.4429 -0.5696 0.0197, -0.447 -0.5665 0.0197, -0.4501 -0.5624 0.0197, 0.4382 -0.5716 0.0197, 0.4331 -0.5722 0.0197, 0.4528 -0.5526 0.0197, 0.2165 -0.5722 0.0197, 0.2165 -0.5533 0.0197, -0.4382 -0.5716 0.0197, 0.4501 -0.5624 0.0197, 0.447 -0.5665 0.0197, 0.4429 -0.5696 0.0197, 0.4528 -0.5329 0.0197, 0.4521 -0.5577 0.0197, 0.0984 -0.5533 0.0197, -0.0984 -0.5533 0.0197, -0.4528 0.5301 0.0197, -0.4528 0.5498 0.0197, 0.2362 0.5301 0.0197, -0.1796 -0.2415 0.0197, 0.0984 -0.5722 0.0197, -0.0984 -0.5722 0.0197, -0.2362 -0.2741 0.0197, 0.2362 0.2714 0.0197, -0.4523 0.5542 0.0197, -0.4508 0.5583 0.0197, -0.4375 0.569 0.0197, -0.4485 0.5621 0.0197, -0.4416 0.5675 0.0197, -0.4453 0.5652 0.0197, 0.4429 0.5669 0.0197, 0.447 0.5637 0.0197, 0.4501 0.5596 0.0197, -0.4331 0.5695 0.0197, 0.4331 0.5695 0.0197, 0.4382 0.5688 0.0197, 0.4521 0.5549 0.0197, 0.4528 0.5498 0.0197, 0.4528 0.5301 0.0197, -0.4228 -0.113 0.0, -0.4228 -0.113 0.0394, -0.4408 -0.1351 0.0, -0.4408 -0.1351 0.0394, -0.453 -0.1608 0.0, -0.453 -0.1608 0.0394, -0.4587 -0.1887 0.0, -0.4587 -0.1887 0.0394, -0.4575 -0.2172 0.0, -0.4575 -0.2172 0.0394, -0.4496 -0.2445 0.0, -0.4496 -0.2445 0.0394, -0.4354 -0.2692 0.0, -0.4354 -0.2692 0.0394, -0.4157 -0.2897 0.0, -0.4157 -0.2897 0.0394, -0.3916 -0.3049 0.0, -0.3916 -0.3049 0.0394, -0.3646 -0.3139 0.0, -0.3646 -0.3139 0.0394, -0.3362 -0.3162 0.0, -0.3362 -0.3162 0.0394, -0.3081 -0.3117 0.0, -0.3081 -0.3117 0.0394, -0.2819 -0.3005 0.0, -0.2819 -0.3005 0.0394, -0.1796 -0.2415 0.0394, 0.2362 0.2714 0.0, 0.4331 0.5695 0.2756, -0.4331 0.5695 0.2756, -0.2362 -0.2741 0.0, -0.3346 -0.6904 0.2087, 0.3346 -0.6904 0.2087, -0.3346 -0.8281 0.2087, 0.3346 -0.8281 0.2087, 0.3346 -0.6904 0.5157, -0.3346 -0.6904 0.5157, 0.3346 -0.8281 0.5157, -0.3346 -0.8281 0.5157, 0.2362 0.5301 0.0, 0.4528 0.5498 0.2756, 0.4521 0.5549 0.2756, 0.4501 0.5596 0.2756, 0.447 0.5637 0.2756, 0.4429 0.5669 0.2756, 0.4382 0.5688 0.2756, -0.4528 0.5301 0.2756, 0.4528 0.5301 0.2756, -0.4528 0.5498 0.2756, -0.4375 0.569 0.2756, -0.4416 0.5675 0.2756, -0.4453 0.5652 0.2756, -0.4485 0.5621 0.2756, -0.4523 0.5542 0.2756, -0.4508 0.5583 0.2756, -0.2362 -0.5329 0.0, 0.4528 -0.5526 0.2756, 0.4521 -0.5577 0.2756, 0.4501 -0.5624 0.2756, 0.447 -0.5665 0.2756, 0.4429 -0.5696 0.2756, 0.4382 -0.5716 0.2756, 0.4331 -0.5722 0.2756, -0.4528 -0.5526 0.2756, -0.4521 -0.5577 0.2756, -0.4501 -0.5624 0.2756, -0.447 -0.5665 0.2756, -0.4429 -0.5696 0.2756, -0.4382 -0.5716 0.2756, -0.4331 -0.5722 0.2756, 0.0984 -0.5722 0.2874, -0.0984 -0.5722 0.2874, 0.0984 -0.6904 0.2874, -0.0984 -0.6904 0.2874, -0.2165 -0.6904 0.4764, -0.3346 -0.6904 0.4764, 0.3346 -0.6904 0.4764, 0.2165 -0.6904 0.4764, 0.3346 -0.6904 0.2874, 0.2165 -0.6904 0.2874, -0.3346 -0.6904 0.2874, -0.2165 -0.6904 0.2874, -0.0984 -0.6904 0.4764, 0.0984 -0.6904 0.4764, 0.4528 0.5301 0.0, 0.4528 0.5301 0.1575, 0.4528 -0.5329 0.0, 0.4528 -0.5329 0.2756, 0.4528 -0.5329 0.1575, -0.4528 0.5301 0.1575, -0.4724 0.5301 0.1575, -0.4724 0.5301 0.2953, 0.4724 0.5301 0.2953, 0.4724 0.5301 0.1575, -0.4528 0.5301 0.0, -0.4528 -0.5329 0.0, -0.4528 -0.5329 0.1575, -0.4528 -0.5329 0.2756, 0.3346 -0.5722 0.2874, 0.2165 -0.5722 0.2874, 0.3346 -0.5722 0.2756, 0.3346 -0.5329 0.2756, -0.3346 -0.5722 0.2756, -0.3346 -0.5329 0.2756, -0.3346 -0.5722 0.2874, -0.2165 -0.5722 0.2874, 0.0984 -0.5533 0.4764, -0.0984 -0.5533 0.4764, -0.2165 -0.5533 0.4764, -0.3346 -0.5721 0.4764, -0.3307 -0.5721 0.4764, -0.3307 -0.5533 0.4764, 0.3307 -0.5533 0.4764, 0.2165 -0.5533 0.4764, 0.3307 -0.5721 0.4764, 0.3346 -0.5721 0.4764
            ]
        }
        coordIndex [
            0,1,2,-1,2,1,3,-1,2,3,4,-1,5,6,2,-1,2,6,7,-1,2,7,0,-1,8,9,2,-1,2,9,10,-1,2,10,5,-1,11,12,2,-1,2,12,13,-1,2,13,8,-1,14,15,2,-1,2,15,16,-1,2,16,11,-1,17,18,2,-1,2,18,19,-1,2,19,14,-1,20,21,2,-1,2,21,22,-1,2,22,17,-1,23,24,2,-1,2,24,25,-1,2,25,20,-1,26,27,2,-1,2,27,28,-1,2,28,23,-1,4,29,2,-1,2,29,30,-1,2,30,26,-1,31,32,33,-1,33,32,34,-1,33,34,35,-1,36,37,33,-1,33,37,38,-1,33,38,31,-1,39,40,33,-1,33,40,41,-1,33,41,36,-1,42,43,33,-1,33,43,44,-1,33,44,39,-1,45,46,33,-1,33,46,47,-1,33,47,42,-1,48,49,33,-1,33,49,50,-1,33,50,45,-1,51,52,33,-1,33,52,53,-1,33,53,48,-1,54,55,33,-1,33,55,56,-1,33,56,51,-1,57,58,33,-1,33,58,59,-1,33,59,54,-1,35,60,33,-1,33,60,61,-1,33,61,57,-1,62,63,64,-1,64,63,65,-1,66,67,68,-1,69,70,71,-1,72,73,74,-1,75,76,77,-1,78,79,80,-1,81,82,83,-1,84,85,86,-1,87,88,89,-1,90,91,92,-1,16,15,93,-1,93,15,94,-1,93,94,95,-1,95,94,96,-1,95,96,97,-1,97,96,98,-1,97,98,99,-1,99,98,100,-1,15,14,94,-1,94,14,101,-1,94,101,96,-1,96,101,102,-1,96,102,98,-1,98,102,103,-1,98,103,100,-1,100,103,104,-1,14,19,101,-1,101,19,105,-1,101,105,102,-1,102,105,106,-1,102,106,103,-1,103,106,107,-1,103,107,104,-1,104,107,108,-1,19,18,105,-1,105,18,109,-1,105,109,106,-1,106,109,110,-1,106,110,107,-1,107,110,111,-1,107,111,108,-1,108,111,112,-1,17,22,113,-1,113,22,114,-1,113,114,115,-1,115,114,116,-1,115,116,117,-1,117,116,118,-1,117,118,119,-1,119,118,120,-1,22,21,114,-1,114,21,121,-1,114,121,116,-1,116,121,122,-1,116,122,118,-1,118,122,123,-1,118,123,120,-1,120,123,124,-1,21,20,121,-1,121,20,125,-1,121,125,122,-1,122,125,126,-1,122,126,123,-1,123,126,127,-1,123,127,124,-1,124,127,128,-1,20,25,125,-1,125,25,129,-1,125,129,126,-1,126,129,130,-1,126,130,127,-1,127,130,131,-1,127,131,128,-1,128,131,132,-1,24,23,133,-1,133,23,134,-1,133,134,135,-1,135,134,136,-1,135,136,137,-1,137,136,138,-1,137,138,139,-1,139,138,140,-1,23,28,134,-1,134,28,141,-1,134,141,136,-1,136,141,142,-1,136,142,138,-1,138,142,143,-1,138,143,140,-1,140,143,144,-1,28,27,141,-1,141,27,145,-1,141,145,142,-1,142,145,146,-1,142,146,143,-1,143,146,147,-1,143,147,144,-1,144,147,148,-1,27,26,145,-1,145,26,149,-1,145,149,146,-1,146,149,150,-1,146,150,147,-1,147,150,151,-1,147,151,148,-1,148,151,152,-1,3,1,153,-1,153,1,154,-1,153,154,155,-1,155,154,156,-1,155,156,157,-1,157,156,158,-1,157,158,159,-1,159,158,92,-1,159,92,160,-1,160,92,91,-1,88,90,89,-1,89,90,92,-1,89,92,161,-1,161,92,158,-1,161,158,162,-1,162,158,156,-1,162,156,163,-1,163,156,154,-1,163,154,0,-1,0,154,1,-1,85,87,86,-1,86,87,89,-1,86,89,164,-1,164,89,161,-1,164,161,165,-1,165,161,162,-1,165,162,166,-1,166,162,163,-1,166,163,7,-1,7,163,0,-1,167,84,168,-1,168,84,86,-1,168,86,169,-1,169,86,164,-1,169,164,170,-1,170,164,165,-1,170,165,171,-1,171,165,166,-1,171,166,6,-1,6,166,7,-1,6,5,171,-1,171,5,172,-1,171,172,170,-1,170,172,173,-1,170,173,169,-1,169,173,174,-1,169,174,168,-1,168,174,175,-1,168,175,167,-1,167,175,176,-1,5,10,172,-1,172,10,177,-1,172,177,173,-1,173,177,178,-1,173,178,174,-1,174,178,179,-1,174,179,175,-1,175,179,83,-1,175,83,176,-1,176,83,82,-1,79,81,80,-1,80,81,83,-1,80,83,180,-1,180,83,179,-1,180,179,181,-1,181,179,178,-1,181,178,182,-1,182,178,177,-1,182,177,9,-1,9,177,10,-1,76,78,77,-1,77,78,80,-1,77,80,183,-1,183,80,180,-1,183,180,184,-1,184,180,181,-1,184,181,185,-1,185,181,182,-1,185,182,8,-1,8,182,9,-1,186,75,187,-1,187,75,77,-1,187,77,188,-1,188,77,183,-1,188,183,189,-1,189,183,184,-1,189,184,190,-1,190,184,185,-1,190,185,13,-1,13,185,8,-1,13,12,190,-1,190,12,191,-1,190,191,189,-1,189,191,192,-1,189,192,188,-1,188,192,193,-1,188,193,187,-1,187,193,194,-1,187,194,186,-1,186,194,195,-1,12,11,191,-1,191,11,196,-1,191,196,192,-1,192,196,197,-1,192,197,193,-1,193,197,198,-1,193,198,194,-1,194,198,74,-1,194,74,195,-1,195,74,73,-1,199,72,99,-1,99,72,74,-1,99,74,97,-1,97,74,198,-1,97,198,95,-1,95,198,197,-1,95,197,93,-1,93,197,196,-1,93,196,16,-1,16,196,11,-1,200,201,112,-1,112,201,202,-1,112,202,108,-1,108,202,203,-1,108,203,104,-1,104,203,204,-1,104,204,100,-1,100,204,205,-1,100,205,99,-1,99,205,206,-1,99,206,199,-1,207,200,119,-1,119,200,112,-1,119,112,117,-1,117,112,111,-1,117,111,115,-1,115,111,110,-1,115,110,113,-1,113,110,109,-1,113,109,17,-1,17,109,18,-1,208,209,132,-1,132,209,210,-1,132,210,128,-1,128,210,211,-1,128,211,124,-1,124,211,212,-1,124,212,120,-1,120,212,213,-1,120,213,119,-1,119,213,214,-1,119,214,207,-1,215,208,139,-1,139,208,132,-1,139,132,137,-1,137,132,131,-1,137,131,135,-1,135,131,130,-1,135,130,133,-1,133,130,129,-1,133,129,24,-1,24,129,25,-1,216,217,152,-1,152,217,218,-1,152,218,148,-1,148,218,219,-1,148,219,144,-1,144,219,220,-1,144,220,140,-1,140,220,221,-1,140,221,139,-1,139,221,222,-1,139,222,215,-1,70,216,71,-1,71,216,152,-1,71,152,223,-1,223,152,151,-1,223,151,224,-1,224,151,150,-1,224,150,225,-1,225,150,149,-1,225,149,30,-1,30,149,26,-1,67,69,68,-1,68,69,71,-1,68,71,226,-1,226,71,223,-1,226,223,227,-1,227,223,224,-1,227,224,228,-1,228,224,225,-1,228,225,29,-1,29,225,30,-1,229,66,230,-1,230,66,68,-1,230,68,231,-1,231,68,226,-1,231,226,232,-1,232,226,227,-1,232,227,233,-1,233,227,228,-1,233,228,4,-1,4,228,29,-1,4,3,233,-1,233,3,153,-1,233,153,232,-1,232,153,155,-1,232,155,231,-1,231,155,157,-1,231,157,230,-1,230,157,159,-1,230,159,229,-1,229,159,160,-1,234,235,236,-1,237,238,239,-1,240,241,242,-1,243,244,245,-1,246,247,248,-1,249,250,251,-1,252,253,254,-1,255,256,257,-1,258,259,260,-1,34,32,261,-1,261,32,262,-1,261,262,263,-1,263,262,264,-1,263,264,265,-1,265,264,266,-1,265,266,267,-1,267,266,268,-1,31,38,269,-1,269,38,270,-1,269,270,271,-1,271,270,272,-1,271,272,273,-1,273,272,274,-1,273,274,275,-1,275,274,276,-1,38,37,270,-1,270,37,277,-1,270,277,272,-1,272,277,278,-1,272,278,274,-1,274,278,279,-1,274,279,276,-1,276,279,280,-1,37,36,277,-1,277,36,281,-1,277,281,278,-1,278,281,282,-1,278,282,279,-1,279,282,283,-1,279,283,280,-1,280,283,284,-1,36,41,281,-1,281,41,285,-1,281,285,282,-1,282,285,286,-1,282,286,283,-1,283,286,287,-1,283,287,284,-1,284,287,288,-1,55,54,289,-1,289,54,290,-1,289,290,291,-1,291,290,292,-1,291,292,293,-1,293,292,294,-1,293,294,295,-1,295,294,296,-1,54,59,290,-1,290,59,297,-1,290,297,292,-1,292,297,298,-1,292,298,294,-1,294,298,299,-1,294,299,296,-1,296,299,300,-1,59,58,297,-1,297,58,301,-1,297,301,298,-1,298,301,302,-1,298,302,299,-1,299,302,303,-1,299,303,300,-1,300,303,304,-1,58,57,301,-1,301,57,305,-1,301,305,302,-1,302,305,306,-1,302,306,303,-1,303,306,307,-1,303,307,304,-1,304,307,308,-1,61,60,309,-1,309,60,310,-1,309,310,311,-1,311,310,312,-1,311,312,313,-1,313,312,314,-1,313,314,315,-1,315,314,316,-1,60,35,310,-1,310,35,317,-1,310,317,312,-1,312,317,318,-1,312,318,314,-1,314,318,319,-1,314,319,316,-1,316,319,320,-1,35,34,317,-1,317,34,261,-1,317,261,318,-1,318,261,263,-1,318,263,319,-1,319,263,265,-1,319,265,320,-1,320,265,267,-1,321,322,275,-1,275,322,268,-1,275,268,273,-1,273,268,266,-1,273,266,271,-1,271,266,264,-1,271,264,269,-1,269,264,262,-1,269,262,31,-1,31,262,32,-1,323,324,288,-1,288,324,325,-1,288,325,284,-1,284,325,326,-1,284,326,280,-1,280,326,327,-1,280,327,276,-1,276,327,328,-1,276,328,275,-1,275,328,329,-1,275,329,321,-1,259,323,260,-1,260,323,288,-1,260,288,330,-1,330,288,287,-1,330,287,331,-1,331,287,286,-1,331,286,332,-1,332,286,285,-1,332,285,40,-1,40,285,41,-1,256,258,257,-1,257,258,260,-1,257,260,333,-1,333,260,330,-1,333,330,334,-1,334,330,331,-1,334,331,335,-1,335,331,332,-1,335,332,39,-1,39,332,40,-1,336,255,337,-1,337,255,257,-1,337,257,338,-1,338,257,333,-1,338,333,339,-1,339,333,334,-1,339,334,340,-1,340,334,335,-1,340,335,44,-1,44,335,39,-1,44,43,340,-1,340,43,341,-1,340,341,339,-1,339,341,342,-1,339,342,338,-1,338,342,343,-1,338,343,337,-1,337,343,344,-1,337,344,336,-1,336,344,345,-1,43,42,341,-1,341,42,346,-1,341,346,342,-1,342,346,347,-1,342,347,343,-1,343,347,348,-1,343,348,344,-1,344,348,254,-1,344,254,345,-1,345,254,253,-1,250,252,251,-1,251,252,254,-1,251,254,349,-1,349,254,348,-1,349,348,350,-1,350,348,347,-1,350,347,351,-1,351,347,346,-1,351,346,47,-1,47,346,42,-1,247,249,248,-1,248,249,251,-1,248,251,352,-1,352,251,349,-1,352,349,353,-1,353,349,350,-1,353,350,354,-1,354,350,351,-1,354,351,46,-1,46,351,47,-1,355,246,356,-1,356,246,248,-1,356,248,357,-1,357,248,352,-1,357,352,358,-1,358,352,353,-1,358,353,359,-1,359,353,354,-1,359,354,45,-1,45,354,46,-1,45,50,359,-1,359,50,360,-1,359,360,358,-1,358,360,361,-1,358,361,357,-1,357,361,362,-1,357,362,356,-1,356,362,363,-1,356,363,355,-1,355,363,364,-1,50,49,360,-1,360,49,365,-1,360,365,361,-1,361,365,366,-1,361,366,362,-1,362,366,367,-1,362,367,363,-1,363,367,245,-1,363,245,364,-1,364,245,244,-1,241,243,242,-1,242,243,245,-1,242,245,368,-1,368,245,367,-1,368,367,369,-1,369,367,366,-1,369,366,370,-1,370,366,365,-1,370,365,48,-1,48,365,49,-1,238,240,239,-1,239,240,242,-1,239,242,371,-1,371,242,368,-1,371,368,372,-1,372,368,369,-1,372,369,373,-1,373,369,370,-1,373,370,53,-1,53,370,48,-1,374,237,375,-1,375,237,239,-1,375,239,376,-1,376,239,371,-1,376,371,377,-1,377,371,372,-1,377,372,378,-1,378,372,373,-1,378,373,52,-1,52,373,53,-1,52,51,378,-1,378,51,379,-1,378,379,377,-1,377,379,380,-1,377,380,376,-1,376,380,381,-1,376,381,375,-1,375,381,382,-1,375,382,374,-1,374,382,383,-1,51,56,379,-1,379,56,384,-1,379,384,380,-1,380,384,385,-1,380,385,381,-1,381,385,386,-1,381,386,382,-1,382,386,236,-1,382,236,383,-1,383,236,235,-1,387,234,295,-1,295,234,236,-1,295,236,293,-1,293,236,386,-1,293,386,291,-1,291,386,385,-1,291,385,289,-1,289,385,384,-1,289,384,55,-1,55,384,56,-1,388,389,308,-1,308,389,390,-1,308,390,304,-1,304,390,391,-1,304,391,300,-1,300,391,392,-1,300,392,296,-1,296,392,393,-1,296,393,295,-1,295,393,394,-1,295,394,387,-1,395,388,315,-1,315,388,308,-1,315,308,313,-1,313,308,307,-1,313,307,311,-1,311,307,306,-1,311,306,309,-1,309,306,305,-1,309,305,61,-1,61,305,57,-1,322,396,268,-1,268,396,397,-1,268,397,267,-1,267,397,398,-1,267,398,320,-1,320,398,399,-1,320,399,316,-1,316,399,400,-1,316,400,315,-1,315,400,401,-1,315,401,395,-1,402,403,404,-1,404,403,405,-1,406,407,408,-1,408,407,409,-1,410,411,412,-1,412,411,413,-1,414,415,64,-1,64,415,62,-1,415,416,62,-1,62,416,63,-1,416,417,63,-1,63,417,65,-1,417,414,65,-1,65,414,64,-1,91,418,419,-1,91,90,418,-1,418,90,88,-1,418,88,420,-1,88,87,420,-1,420,87,85,-1,420,85,421,-1,85,84,421,-1,421,84,167,-1,421,167,422,-1,167,176,422,-1,422,176,82,-1,422,82,423,-1,82,81,423,-1,423,81,79,-1,423,79,424,-1,79,78,424,-1,424,78,76,-1,424,76,425,-1,76,75,425,-1,425,75,186,-1,425,186,426,-1,186,195,426,-1,426,195,73,-1,426,73,427,-1,73,72,427,-1,427,72,199,-1,427,199,428,-1,199,206,428,-1,428,206,205,-1,428,205,429,-1,205,204,429,-1,429,204,203,-1,429,203,430,-1,203,202,430,-1,430,202,201,-1,430,201,431,-1,201,200,431,-1,431,200,207,-1,431,207,432,-1,207,214,432,-1,432,214,213,-1,432,213,433,-1,213,212,433,-1,433,212,211,-1,433,211,434,-1,211,210,434,-1,434,210,209,-1,434,209,435,-1,209,208,435,-1,435,208,215,-1,435,215,436,-1,215,222,436,-1,436,222,221,-1,436,221,437,-1,221,220,437,-1,437,220,219,-1,437,219,438,-1,219,218,438,-1,438,218,217,-1,438,217,439,-1,217,216,439,-1,439,216,70,-1,439,70,440,-1,70,69,440,-1,440,69,67,-1,440,67,441,-1,67,66,441,-1,441,66,229,-1,441,229,419,-1,419,229,160,-1,419,160,91,-1,396,442,443,-1,396,322,442,-1,442,322,321,-1,442,321,444,-1,321,329,444,-1,444,329,328,-1,444,328,445,-1,328,327,445,-1,445,327,326,-1,445,326,446,-1,326,325,446,-1,446,325,324,-1,446,324,447,-1,324,323,447,-1,447,323,259,-1,447,259,448,-1,259,258,448,-1,448,258,256,-1,448,256,449,-1,256,255,449,-1,449,255,336,-1,449,336,450,-1,336,345,450,-1,450,345,253,-1,450,253,451,-1,253,252,451,-1,451,252,250,-1,451,250,452,-1,250,249,452,-1,452,249,247,-1,452,247,453,-1,247,246,453,-1,453,246,355,-1,453,355,454,-1,355,364,454,-1,454,364,244,-1,454,244,455,-1,244,243,455,-1,455,243,241,-1,455,241,456,-1,241,240,456,-1,456,240,238,-1,456,238,457,-1,238,237,457,-1,457,237,374,-1,457,374,458,-1,374,383,458,-1,458,383,235,-1,458,235,459,-1,235,234,459,-1,459,234,387,-1,459,387,460,-1,387,394,460,-1,460,394,393,-1,460,393,461,-1,393,392,461,-1,461,392,391,-1,461,391,462,-1,391,390,462,-1,462,390,389,-1,462,389,463,-1,389,388,463,-1,463,388,395,-1,463,395,464,-1,395,401,464,-1,464,401,400,-1,464,400,465,-1,400,399,465,-1,465,399,398,-1,465,398,443,-1,443,398,397,-1,443,397,396,-1,466,467,468,-1,468,467,469,-1,470,471,472,-1,470,472,473,-1,473,472,474,-1,473,474,475,-1,475,474,476,-1,475,476,477,-1,477,476,478,-1,477,478,479,-1,479,478,480,-1,479,480,481,-1,481,480,482,-1,481,482,483,-1,483,482,484,-1,483,484,485,-1,485,484,486,-1,485,486,487,-1,487,486,488,-1,487,488,489,-1,489,488,490,-1,489,490,491,-1,491,490,492,-1,491,492,493,-1,493,492,494,-1,493,494,495,-1,495,494,403,-1,495,403,402,-1,404,405,407,-1,406,496,407,-1,407,496,497,-1,407,497,404,-1,402,404,497,-1,479,481,477,-1,477,481,475,-1,487,473,485,-1,485,473,475,-1,485,475,483,-1,483,475,481,-1,487,489,473,-1,473,489,491,-1,473,491,493,-1,497,470,402,-1,402,470,473,-1,402,473,495,-1,495,473,493,-1,498,499,500,-1,498,500,501,-1,499,502,500,-1,500,502,503,-1,500,503,504,-1,505,506,507,-1,508,509,510,-1,440,441,415,-1,415,441,419,-1,415,419,416,-1,509,511,512,-1,501,500,507,-1,507,500,513,-1,507,513,505,-1,514,515,516,-1,510,509,517,-1,517,509,512,-1,517,512,408,-1,508,510,516,-1,516,510,518,-1,516,518,514,-1,428,429,519,-1,519,429,430,-1,425,426,520,-1,520,426,427,-1,520,427,428,-1,412,521,522,-1,462,463,523,-1,523,463,464,-1,417,496,414,-1,414,496,406,-1,414,406,408,-1,524,421,422,-1,430,431,519,-1,519,431,432,-1,519,432,512,-1,512,432,433,-1,512,433,408,-1,408,433,434,-1,408,434,435,-1,428,519,520,-1,520,519,525,-1,520,525,526,-1,524,422,527,-1,435,436,408,-1,408,436,437,-1,408,437,414,-1,414,437,438,-1,414,438,415,-1,415,438,439,-1,415,439,440,-1,455,456,417,-1,417,456,457,-1,417,457,496,-1,496,457,458,-1,496,458,528,-1,520,503,425,-1,425,503,502,-1,425,502,424,-1,424,502,527,-1,424,527,423,-1,423,527,422,-1,419,418,416,-1,416,418,420,-1,416,420,412,-1,421,524,420,-1,420,524,410,-1,420,410,412,-1,529,530,531,-1,531,530,532,-1,531,532,533,-1,533,532,534,-1,458,459,528,-1,528,459,460,-1,528,460,523,-1,523,460,461,-1,523,461,462,-1,464,465,523,-1,523,465,443,-1,523,443,412,-1,412,443,442,-1,412,442,444,-1,444,445,412,-1,412,445,446,-1,412,446,447,-1,535,536,523,-1,523,536,537,-1,447,448,412,-1,412,448,449,-1,412,449,416,-1,416,449,450,-1,416,450,451,-1,451,452,416,-1,416,452,453,-1,416,453,417,-1,417,453,454,-1,417,454,455,-1,529,531,522,-1,522,531,538,-1,522,538,412,-1,412,538,539,-1,412,539,523,-1,523,539,540,-1,523,540,535,-1,537,541,523,-1,523,541,542,-1,523,542,543,-1,467,466,544,-1,544,466,545,-1,544,545,546,-1,546,545,547,-1,546,547,548,-1,548,547,549,-1,548,549,550,-1,550,549,551,-1,550,551,552,-1,552,551,553,-1,552,553,554,-1,554,553,555,-1,554,555,556,-1,556,555,557,-1,556,557,558,-1,558,557,559,-1,558,559,560,-1,560,559,561,-1,560,561,562,-1,562,561,563,-1,562,563,564,-1,564,563,565,-1,564,565,566,-1,566,565,567,-1,566,567,568,-1,568,567,569,-1,524,570,410,-1,410,570,468,-1,410,468,411,-1,411,468,469,-1,466,468,570,-1,570,569,466,-1,466,569,567,-1,466,567,565,-1,559,557,555,-1,565,563,466,-1,466,563,561,-1,466,561,545,-1,545,561,547,-1,555,553,559,-1,559,553,551,-1,559,551,561,-1,561,551,549,-1,561,549,547,-1,471,470,571,-1,571,470,497,-1,571,497,528,-1,528,497,496,-1,539,538,572,-1,572,538,573,-1,574,568,527,-1,527,568,569,-1,527,569,524,-1,524,569,570,-1,575,576,577,-1,577,576,578,-1,579,580,581,-1,581,580,582,-1,523,583,528,-1,528,583,571,-1,584,542,541,-1,584,541,585,-1,585,541,537,-1,585,537,586,-1,586,537,536,-1,586,536,587,-1,587,536,535,-1,587,535,588,-1,588,535,540,-1,588,540,589,-1,589,540,539,-1,589,539,572,-1,590,591,592,-1,592,591,584,-1,592,593,594,-1,594,595,592,-1,592,595,596,-1,592,596,597,-1,597,596,598,-1,585,586,584,-1,584,586,587,-1,584,587,588,-1,588,589,584,-1,584,589,572,-1,584,572,592,-1,592,572,573,-1,592,573,593,-1,522,592,597,-1,522,597,529,-1,529,597,598,-1,529,598,530,-1,530,598,596,-1,530,596,532,-1,532,596,595,-1,532,595,534,-1,534,595,594,-1,534,594,533,-1,533,594,593,-1,533,593,531,-1,531,593,573,-1,531,573,538,-1,502,599,527,-1,527,599,574,-1,510,600,601,-1,510,601,518,-1,518,601,602,-1,518,602,514,-1,514,602,603,-1,514,603,515,-1,515,603,604,-1,515,604,516,-1,516,604,605,-1,516,605,508,-1,508,605,606,-1,508,606,509,-1,577,578,582,-1,582,578,581,-1,607,498,501,-1,607,501,608,-1,608,501,507,-1,608,507,609,-1,609,507,506,-1,609,506,610,-1,610,506,505,-1,610,505,611,-1,611,505,513,-1,611,513,612,-1,612,513,500,-1,612,500,613,-1,614,615,525,-1,525,615,526,-1,616,617,614,-1,614,617,615,-1,618,619,580,-1,579,620,621,-1,622,576,623,-1,623,576,575,-1,575,624,625,-1,626,579,627,-1,627,579,621,-1,627,621,616,-1,580,579,618,-1,618,579,626,-1,618,626,625,-1,625,626,617,-1,625,617,575,-1,575,617,616,-1,575,616,623,-1,623,616,621,-1,543,628,523,-1,523,628,583,-1,543,542,629,-1,629,542,584,-1,629,584,591,-1,517,408,630,-1,630,408,409,-1,631,600,632,-1,632,600,510,-1,632,510,517,-1,633,634,590,-1,590,634,635,-1,590,635,591,-1,591,635,636,-1,591,636,629,-1,629,636,637,-1,638,521,413,-1,413,521,412,-1,590,592,633,-1,633,592,522,-1,633,522,521,-1,639,599,499,-1,499,599,502,-1,499,498,640,-1,640,498,607,-1,640,607,641,-1,642,643,644,-1,644,643,511,-1,644,511,606,-1,606,511,509,-1,645,644,631,-1,631,644,606,-1,605,604,606,-1,606,604,603,-1,606,603,602,-1,602,601,606,-1,606,601,600,-1,606,600,631,-1,643,642,623,-1,623,642,622,-1,646,647,613,-1,613,647,641,-1,613,641,607,-1,607,608,613,-1,613,608,609,-1,613,609,612,-1,612,609,610,-1,612,610,611,-1,613,500,646,-1,646,500,504,-1,646,504,648,-1,648,504,649,-1,625,624,649,-1,649,624,648,-1,650,651,627,-1,627,651,626,-1,520,526,615,-1,617,626,615,-1,615,626,651,-1,615,651,520,-1,504,503,649,-1,649,503,652,-1,649,652,625,-1,625,652,618,-1,653,619,654,-1,654,619,618,-1,654,618,655,-1,655,618,652,-1,656,657,658,-1,658,657,621,-1,658,621,659,-1,659,621,620,-1,512,511,643,-1,623,621,643,-1,643,621,657,-1,643,657,512,-1,525,519,614,-1,614,519,650,-1,614,650,616,-1,616,650,627,-1,
        ]
    }
}
Shape{
    appearance Appearance {
        material  Material 	{
            diffuseColor 0.7529411764705882 0.7529411764705882 0.7529411764705882
            specularColor 0.3764705882352941 0.3764705882352941 0.3764705882352941
            ambientIntensity 0.7529
            transparency 0.0
            shininess 0.5
        }
    }
    geometry IndexedFaceSet {
        ccw TRUE
        solid FALSE
        coord DEF co Coordinate {
            point [
                0.3346 -0.5329 0.2953, 0.4724 -0.5329 0.2953, 0.3346 -0.5722 0.2953, 0.4724 -0.5722 0.2953, 0.4724 -0.5722 0.0787, 0.4724 -0.5329 0.1575, 0.4724 -0.5329 0.0787, 0.4751 -0.5329 0.0584, 0.4751 -0.5722 0.0584, 0.483 -0.5329 0.0394, 0.483 -0.5722 0.0394, 0.4955 -0.5329 0.0231, 0.4955 -0.5722 0.0231, 0.5118 -0.5329 0.0105, 0.5118 -0.5722 0.0105, 0.5308 -0.5329 0.0027, 0.5308 -0.5722 0.0027, 0.5512 -0.5329 0.0, 0.5512 -0.5722 0.0, 0.6496 -0.5329 0.0, 0.6496 -0.5722 0.0, 0.6598 -0.5329 0.0013, 0.6598 -0.5722 0.0013, 0.6693 -0.5329 0.0053, 0.6693 -0.5722 0.0053, 0.6774 -0.5329 0.0115, 0.6774 -0.5722 0.0115, 0.6837 -0.5329 0.0197, 0.6837 -0.5722 0.0197, 0.6876 -0.5329 0.0292, 0.6876 -0.5722 0.0292, 0.689 -0.5329 0.0394, 0.689 -0.5722 0.0394, 0.689 -0.5329 0.0984, 0.689 -0.5722 0.0984, 0.6876 -0.5329 0.1086, 0.6876 -0.5722 0.1086, 0.6837 -0.5329 0.1181, 0.6837 -0.5722 0.1181, 0.6774 -0.5329 0.1263, 0.6774 -0.5722 0.1263, 0.6693 -0.5329 0.1325, 0.6693 -0.5722 0.1325, 0.6598 -0.5329 0.1365, 0.6598 -0.5722 0.1365, 0.6496 -0.5329 0.1378, 0.6496 -0.5722 0.1378, 0.6004 -0.5329 0.1378, 0.6004 -0.5722 0.1378, 0.6496 -0.0998 0.3346, 0.6496 0.0971 0.3346, 0.689 -0.0998 0.3346, 0.689 0.0971 0.3346, 0.689 -0.1392 0.374, 0.6496 -0.1392 0.374, 0.6496 -0.1378 0.3638, 0.689 -0.1378 0.3638, 0.6496 -0.1339 0.3543, 0.689 -0.1339 0.3543, 0.6496 -0.1276 0.3462, 0.689 -0.1276 0.3462, 0.6496 -0.1195 0.3399, 0.689 -0.1195 0.3399, 0.6496 -0.11 0.336, 0.689 -0.11 0.336, 0.6496 0.1072 0.336, 0.689 0.1072 0.336, 0.6496 0.1167 0.3399, 0.689 0.1167 0.3399, 0.6496 0.1249 0.3462, 0.689 0.1249 0.3462, 0.6496 0.1311 0.3543, 0.689 0.1311 0.3543, 0.6496 0.1351 0.3638, 0.689 0.1351 0.3638, 0.6496 0.1364 0.374, 0.689 0.1364 0.374
            ]
        }
        coordIndex [
            0,1,2,-1,2,1,3,-1,3,1,4,-1,4,1,5,-1,4,5,6,-1,4,6,7,-1,4,7,8,-1,8,7,9,-1,8,9,10,-1,10,9,11,-1,10,11,12,-1,12,11,13,-1,12,13,14,-1,14,13,15,-1,14,15,16,-1,16,15,17,-1,16,17,18,-1,19,20,17,-1,17,20,18,-1,20,19,21,-1,20,21,22,-1,22,21,23,-1,22,23,24,-1,24,23,25,-1,24,25,26,-1,26,25,27,-1,26,27,28,-1,28,27,29,-1,28,29,30,-1,30,29,31,-1,30,31,32,-1,33,34,31,-1,31,34,32,-1,34,33,35,-1,34,35,36,-1,36,35,37,-1,36,37,38,-1,38,37,39,-1,38,39,40,-1,40,39,41,-1,40,41,42,-1,42,41,43,-1,42,43,44,-1,44,43,45,-1,44,45,46,-1,47,48,45,-1,45,48,46,-1,49,50,51,-1,51,50,52,-1,53,54,55,-1,53,55,56,-1,56,55,57,-1,56,57,58,-1,58,57,59,-1,58,59,60,-1,60,59,61,-1,60,61,62,-1,62,61,63,-1,62,63,64,-1,64,63,49,-1,64,49,51,-1,52,50,65,-1,52,65,66,-1,66,65,67,-1,66,67,68,-1,68,67,69,-1,68,69,70,-1,70,69,71,-1,70,71,72,-1,72,71,73,-1,72,73,74,-1,74,73,75,-1,74,75,76,-1,
        ]
    }
}
Shape{
    appearance Appearance {
        material  Material 	{
            diffuseColor 0.25098039215686274 0.25098039215686274 0.25098039215686274
            specularColor 0.12549019607843137 0.12549019607843137 0.12549019607843137
            ambientIntensity 0.251
            transparency 0.0
            shininess 0.5
        }
    }
    geometry IndexedFaceSet {
        ccw TRUE
        solid FALSE
        coord DEF co Coordinate {
            point [
                0.6386 0.4908 0.1575, 0.6386 0.4908 0.0197, 0.4528 0.5301 0.1575, 0.5906 0.5009 0.0197, 0.4528 0.5301 0.0197, 0.5906 0.5009 0.0, 0.4528 0.5301 0.0, 0.5906 -0.5037 0.0197, 0.6386 -0.4935 0.0197, 0.6386 -0.4935 0.1575, 0.4528 -0.5329 0.0, 0.5906 -0.5037 0.0, 0.4528 -0.5329 0.0197, 0.4528 -0.5329 0.1575, 0.4724 -0.5329 0.1575, 0.4528 -0.5329 0.2756, 0.4724 -0.5329 0.2953, 0.3346 -0.5329 0.2756, 0.3346 -0.5329 0.2953
            ]
        }
        coordIndex [
            0,1,2,-1,2,1,3,-1,2,3,4,-1,4,3,5,-1,4,5,6,-1,7,8,9,-1,10,11,12,-1,12,11,7,-1,12,7,13,-1,13,7,9,-1,13,14,15,-1,15,14,16,-1,15,16,17,-1,17,16,18,-1,
        ]
    }
}
Shape{
    appearance Appearance {
        material  Material 	{
            diffuseColor 0.7529411764705882 0.7529411764705882 0.7529411764705882
            specularColor 0.3764705882352941 0.3764705882352941 0.3764705882352941
            ambientIntensity 0.7529
            transparency 0.0
            shininess 0.5
        }
    }
    geometry IndexedFaceSet {
        ccw TRUE
        solid FALSE
        coord DEF co Coordinate {
            point [
                0.5118 -0.5329 0.0105, 0.5807 -0.5329 0.1431, 0.5308 -0.5329 0.0027, 0.5902 -0.5329 0.1391, 0.5512 -0.5329 0.0, 0.6004 -0.5329 0.1378, 0.6496 -0.5329 0.0, 0.6598 -0.5329 0.0013, 0.4724 -0.5329 0.1575, 0.5663 -0.5329 0.1575, 0.4724 -0.5329 0.0787, 0.5726 -0.5329 0.1493, 0.4955 -0.5329 0.0231, 0.483 -0.5329 0.0394, 0.4751 -0.5329 0.0584, 0.6876 -0.5329 0.0292, 0.6837 -0.5329 0.0197, 0.6496 -0.5329 0.1378, 0.6598 -0.5329 0.1365, 0.6837 -0.5329 0.1181, 0.6693 -0.5329 0.1325, 0.6774 -0.5329 0.1263, 0.6876 -0.5329 0.1086, 0.689 -0.5329 0.0984, 0.689 -0.5329 0.0394, 0.6774 -0.5329 0.0115, 0.6693 -0.5329 0.0053
            ]
        }
        coordIndex [
            0,1,2,-1,2,1,3,-1,2,3,4,-1,4,3,5,-1,4,5,6,-1,6,5,7,-1,8,9,10,-1,10,9,11,-1,0,12,1,-1,1,12,13,-1,1,13,11,-1,11,13,14,-1,11,14,10,-1,15,16,5,-1,17,18,19,-1,19,18,20,-1,19,20,21,-1,19,22,17,-1,17,22,23,-1,17,23,5,-1,5,23,24,-1,5,24,15,-1,16,25,5,-1,5,25,26,-1,5,26,7,-1,
        ]
    }
}
Shape{
    appearance Appearance {
        material  Material 	{
            diffuseColor 0.25098039215686274 0.25098039215686274 0.25098039215686274
            specularColor 0.12549019607843137 0.12549019607843137 0.12549019607843137
            ambientIntensity 0.251
            transparency 0.0
            shininess 0.5
        }
    }
    geometry IndexedFaceSet {
        ccw TRUE
        solid FALSE
        coord DEF co Coordinate {
            point [
                0.5807 -0.5329 0.1575, 0.5807 -0.5722 0.1575, 0.5807 -0.5329 0.315, 0.5807 -0.5722 0.2362
            ]
        }
        coordIndex [
            0,1,2,-1,2,1,3,-1,
        ]
    }
}
Shape{
    appearance Appearance {
        material  Material 	{
            diffuseColor 0.7529411764705882 0.7529411764705882 0.7529411764705882
            specularColor 0.3764705882352941 0.3764705882352941 0.3764705882352941
            ambientIntensity 0.7529
            transparency 0.0
            shininess 0.5
        }
    }
    geometry IndexedFaceSet {
        ccw TRUE
        solid FALSE
        coord DEF co Coordinate {
            point [
                0.5663 0.5301 0.1575, 0.4724 0.5301 0.1575, 0.5726 0.5301 0.1493, 0.4724 0.5301 0.0787, 0.6876 0.5301 0.0292, 0.689 0.5301 0.0394, 0.6496 0.5301 0.0, 0.6496 0.5301 0.1378, 0.6004 0.5301 0.1378, 0.5512 0.5301 0.0, 0.5902 0.5301 0.1391, 0.5308 0.5301 0.0027, 0.5807 0.5301 0.1431, 0.5118 0.5301 0.0105, 0.4751 0.5301 0.0584, 0.483 0.5301 0.0394, 0.4955 0.5301 0.0231, 0.6693 0.5301 0.0053, 0.6774 0.5301 0.0115, 0.6837 0.5301 0.0197, 0.6598 0.5301 0.0013, 0.6876 0.5301 0.1086, 0.6598 0.5301 0.1365, 0.689 0.5301 0.0984, 0.6837 0.5301 0.1181, 0.6774 0.5301 0.1263, 0.6693 0.5301 0.1325
            ]
        }
        coordIndex [
            0,1,2,-1,2,1,3,-1,4,5,6,-1,7,8,9,-1,9,8,10,-1,9,10,11,-1,11,10,12,-1,11,12,13,-1,3,14,2,-1,2,14,15,-1,2,15,12,-1,12,15,16,-1,12,16,13,-1,17,18,19,-1,4,6,19,-1,19,6,20,-1,19,20,17,-1,21,22,23,-1,23,22,7,-1,23,7,5,-1,5,7,9,-1,5,9,6,-1,21,24,22,-1,22,24,25,-1,22,25,26,-1,
        ]
    }
}
Shape{
    appearance Appearance {
        material  Material 	{
            diffuseColor 0.25098039215686274 0.25098039215686274 0.25098039215686274
            specularColor 0.12549019607843137 0.12549019607843137 0.12549019607843137
            ambientIntensity 0.251
            transparency 0.0
            shininess 0.5
        }
    }
    geometry IndexedFaceSet {
        ccw TRUE
        solid FALSE
        coord DEF co Coordinate {
            point [
                0.5807 0.5301 0.1575, 0.5807 0.5301 0.315, 0.5807 0.5695 0.1575, 0.5807 0.5695 0.2362
            ]
        }
        coordIndex [
            0,1,2,-1,2,1,3,-1,
        ]
    }
}
Shape{
    appearance Appearance {
        material  Material 	{
            diffuseColor 0.7529411764705882 0.7529411764705882 0.7529411764705882
            specularColor 0.3764705882352941 0.3764705882352941 0.3764705882352941
            ambientIntensity 0.7529
            transparency 0.0
            shininess 0.5
        }
    }
    geometry IndexedFaceSet {
        ccw TRUE
        solid FALSE
        coord DEF co Coordinate {
            point [
                -0.6496 0.5301 0.1378, -0.6496 0.5695 0.1378, -0.6598 0.5695 0.1365, -0.6598 0.5301 0.1365, -0.6693 0.5695 0.1325, -0.6693 0.5301 0.1325, -0.6774 0.5695 0.1263, -0.6774 0.5301 0.1263, -0.6837 0.5695 0.1181, -0.6837 0.5301 0.1181, -0.6876 0.5695 0.1086, -0.6876 0.5301 0.1086, -0.689 0.5695 0.0984, -0.689 0.5301 0.0984, -0.689 0.5301 0.0394, -0.689 0.5695 0.0394, -0.6876 0.5695 0.0292, -0.6876 0.5301 0.0292, -0.6837 0.5695 0.0197, -0.6837 0.5301 0.0197, -0.6774 0.5695 0.0115, -0.6774 0.5301 0.0115, -0.6693 0.5695 0.0053, -0.6693 0.5301 0.0053, -0.6598 0.5695 0.0013, -0.6598 0.5301 0.0013, -0.6496 0.5695 0.0, -0.6496 0.5301 0.0, -0.5512 0.5301 0.0, -0.5512 0.5695 0.0, -0.5308 0.5695 0.0027, -0.5308 0.5301 0.0027, -0.5118 0.5695 0.0105, -0.5118 0.5301 0.0105, -0.4955 0.5695 0.0231, -0.4955 0.5301 0.0231, -0.483 0.5695 0.0394, -0.483 0.5301 0.0394, -0.4751 0.5695 0.0584, -0.4751 0.5301 0.0584, -0.4724 0.5695 0.0787, -0.4724 0.5301 0.0787, -0.4724 0.5695 0.2953, -0.4724 0.5301 0.2953, -0.4724 0.5301 0.1575, 0.4724 0.5301 0.2953, 0.4724 0.5695 0.2953, 0.4724 0.5301 0.1575, 0.4724 0.5695 0.0787, 0.4724 0.5301 0.0787, 0.4751 0.5695 0.0584, 0.4751 0.5301 0.0584, 0.483 0.5695 0.0394, 0.483 0.5301 0.0394, 0.4955 0.5695 0.0231, 0.4955 0.5301 0.0231, 0.5118 0.5695 0.0105, 0.5118 0.5301 0.0105, 0.5308 0.5695 0.0027, 0.5308 0.5301 0.0027, 0.5512 0.5695 0.0, 0.5512 0.5301 0.0, 0.6496 0.5301 0.0, 0.6496 0.5695 0.0, 0.6598 0.5695 0.0013, 0.6598 0.5301 0.0013, 0.6693 0.5695 0.0053, 0.6693 0.5301 0.0053, 0.6774 0.5695 0.0115, 0.6774 0.5301 0.0115, 0.6837 0.5695 0.0197, 0.6837 0.5301 0.0197, 0.6876 0.5695 0.0292, 0.6876 0.5301 0.0292, 0.689 0.5695 0.0394, 0.689 0.5301 0.0394, 0.689 0.5301 0.0984, 0.689 0.5695 0.0984, 0.6876 0.5695 0.1086, 0.6876 0.5301 0.1086, 0.6837 0.5695 0.1181, 0.6837 0.5301 0.1181, 0.6774 0.5695 0.1263, 0.6774 0.5301 0.1263, 0.6693 0.5695 0.1325, 0.6693 0.5301 0.1325, 0.6598 0.5695 0.1365, 0.6598 0.5301 0.1365, 0.6496 0.5695 0.1378, 0.6496 0.5301 0.1378, 0.6004 0.5301 0.1378, 0.6004 0.5695 0.1378, -0.6004 0.5301 0.1378, -0.6004 0.5695 0.1378, -0.6496 -0.0998 0.3346, -0.689 -0.0998 0.3346, -0.6496 0.0971 0.3346, -0.689 0.0971 0.3346, -0.689 0.1072 0.336, -0.6496 0.1072 0.336, -0.689 0.1167 0.3399, -0.6496 0.1167 0.3399, -0.689 0.1249 0.3462, -0.6496 0.1249 0.3462, -0.689 0.1311 0.3543, -0.6496 0.1311 0.3543, -0.689 0.1351 0.3638, -0.6496 0.1351 0.3638, -0.689 0.1364 0.374, -0.6496 0.1364 0.374, -0.6496 -0.1392 0.374, -0.689 -0.1392 0.374, -0.689 -0.1378 0.3638, -0.6496 -0.1378 0.3638, -0.689 -0.1339 0.3543, -0.6496 -0.1339 0.3543, -0.689 -0.1276 0.3462, -0.6496 -0.1276 0.3462, -0.689 -0.1195 0.3399, -0.6496 -0.1195 0.3399, -0.689 -0.11 0.336, -0.6496 -0.11 0.336
            ]
        }
        coordIndex [
            0,1,2,-1,0,2,3,-1,3,2,4,-1,3,4,5,-1,5,4,6,-1,5,6,7,-1,7,6,8,-1,7,8,9,-1,9,8,10,-1,9,10,11,-1,11,10,12,-1,11,12,13,-1,13,12,14,-1,14,12,15,-1,14,15,16,-1,14,16,17,-1,17,16,18,-1,17,18,19,-1,19,18,20,-1,19,20,21,-1,21,20,22,-1,21,22,23,-1,23,22,24,-1,23,24,25,-1,25,24,26,-1,25,26,27,-1,28,27,29,-1,29,27,26,-1,28,29,30,-1,28,30,31,-1,31,30,32,-1,31,32,33,-1,33,32,34,-1,33,34,35,-1,35,34,36,-1,35,36,37,-1,37,36,38,-1,37,38,39,-1,39,38,40,-1,39,40,41,-1,42,43,40,-1,40,43,44,-1,40,44,41,-1,43,42,45,-1,45,42,46,-1,45,46,47,-1,47,46,48,-1,47,48,49,-1,49,48,50,-1,49,50,51,-1,51,50,52,-1,51,52,53,-1,53,52,54,-1,53,54,55,-1,55,54,56,-1,55,56,57,-1,57,56,58,-1,57,58,59,-1,59,58,60,-1,59,60,61,-1,62,61,63,-1,63,61,60,-1,62,63,64,-1,62,64,65,-1,65,64,66,-1,65,66,67,-1,67,66,68,-1,67,68,69,-1,69,68,70,-1,69,70,71,-1,71,70,72,-1,71,72,73,-1,73,72,74,-1,73,74,75,-1,75,74,76,-1,76,74,77,-1,76,77,78,-1,76,78,79,-1,79,78,80,-1,79,80,81,-1,81,80,82,-1,81,82,83,-1,83,82,84,-1,83,84,85,-1,85,84,86,-1,85,86,87,-1,87,86,88,-1,87,88,89,-1,90,89,91,-1,91,89,88,-1,0,92,1,-1,1,92,93,-1,94,95,96,-1,96,95,97,-1,96,97,98,-1,96,98,99,-1,99,98,100,-1,99,100,101,-1,101,100,102,-1,101,102,103,-1,103,102,104,-1,103,104,105,-1,105,104,106,-1,105,106,107,-1,107,106,108,-1,107,108,109,-1,110,111,112,-1,110,112,113,-1,113,112,114,-1,113,114,115,-1,115,114,116,-1,115,116,117,-1,117,116,118,-1,117,118,119,-1,119,118,120,-1,119,120,121,-1,121,120,95,-1,121,95,94,-1,
        ]
    }
}
Shape{
    appearance Appearance {
        material  Material 	{
            diffuseColor 0.25098039215686274 0.25098039215686274 0.25098039215686274
            specularColor 0.12549019607843137 0.12549019607843137 0.12549019607843137
            ambientIntensity 0.251
            transparency 0.0
            shininess 0.5
        }
    }
    geometry IndexedFaceSet {
        ccw TRUE
        solid FALSE
        coord DEF co Coordinate {
            point [
                -0.5807 0.5695 0.1575, -0.5807 0.5695 0.2362, -0.5807 0.5301 0.1575, -0.5807 0.5301 0.315
            ]
        }
        coordIndex [
            0,1,2,-1,2,1,3,-1,
        ]
    }
}
Shape{
    appearance Appearance {
        material  Material 	{
            diffuseColor 0.7529411764705882 0.7529411764705882 0.7529411764705882
            specularColor 0.3764705882352941 0.3764705882352941 0.3764705882352941
            ambientIntensity 0.7529
            transparency 0.0
            shininess 0.5
        }
    }
    geometry IndexedFaceSet {
        ccw TRUE
        solid FALSE
        coord DEF co Coordinate {
            point [
                -0.5118 0.5301 0.0105, -0.5807 0.5301 0.1431, -0.5308 0.5301 0.0027, -0.5902 0.5301 0.1391, -0.5512 0.5301 0.0, -0.6004 0.5301 0.1378, -0.6496 0.5301 0.0, -0.6598 0.5301 0.0013, -0.4724 0.5301 0.1575, -0.5663 0.5301 0.1575, -0.4724 0.5301 0.0787, -0.5726 0.5301 0.1493, -0.4955 0.5301 0.0231, -0.483 0.5301 0.0394, -0.4751 0.5301 0.0584, -0.6837 0.5301 0.1181, -0.6598 0.5301 0.1365, -0.6774 0.5301 0.1263, -0.6693 0.5301 0.1325, -0.6876 0.5301 0.1086, -0.689 0.5301 0.0984, -0.6496 0.5301 0.1378, -0.6876 0.5301 0.0292, -0.6837 0.5301 0.0197, -0.689 0.5301 0.0394, -0.6774 0.5301 0.0115, -0.6693 0.5301 0.0053
            ]
        }
        coordIndex [
            0,1,2,-1,2,1,3,-1,2,3,4,-1,4,3,5,-1,4,5,6,-1,6,5,7,-1,8,9,10,-1,10,9,11,-1,0,12,1,-1,1,12,13,-1,1,13,11,-1,11,13,14,-1,11,14,10,-1,15,16,17,-1,17,16,18,-1,15,19,16,-1,16,19,20,-1,16,20,21,-1,22,23,5,-1,21,20,5,-1,5,20,24,-1,5,24,22,-1,23,25,5,-1,5,25,26,-1,5,26,7,-1,
        ]
    }
}
Shape{
    appearance Appearance {
        material  Material 	{
            diffuseColor 0.25098039215686274 0.25098039215686274 0.25098039215686274
            specularColor 0.12549019607843137 0.12549019607843137 0.12549019607843137
            ambientIntensity 0.251
            transparency 0.0
            shininess 0.5
        }
    }
    geometry IndexedFaceSet {
        ccw TRUE
        solid FALSE
        coord DEF co Coordinate {
            point [
                -0.5906 0.5009 0.0197, -0.6386 0.4908 0.0197, -0.6386 0.4908 0.1575, -0.4528 0.5301 0.0, -0.5906 0.5009 0.0, -0.4528 0.5301 0.0197, -0.4528 0.5301 0.1575, -0.3346 -0.5329 0.2756, -0.3346 -0.5329 0.2953, -0.4528 -0.5329 0.2756, -0.4724 -0.5329 0.2953, -0.4528 -0.5329 0.1575, -0.4724 -0.5329 0.1575, -0.6386 -0.4935 0.1575, -0.6386 -0.4935 0.0197, -0.5906 -0.5037 0.0197, -0.4528 -0.5329 0.0197, -0.5906 -0.5037 0.0, -0.4528 -0.5329 0.0, -0.5807 -0.5722 0.1575, -0.5807 -0.5329 0.1575, -0.5807 -0.5722 0.2362, -0.5807 -0.5329 0.315
            ]
        }
        coordIndex [
            0,1,2,-1,3,4,5,-1,5,4,0,-1,5,0,6,-1,6,0,2,-1,7,8,9,-1,9,8,10,-1,9,10,11,-1,11,10,12,-1,13,14,11,-1,11,14,15,-1,11,15,16,-1,16,15,17,-1,16,17,18,-1,19,20,21,-1,21,20,22,-1,
        ]
    }
}
Shape{
    appearance Appearance {
        material  Material 	{
            diffuseColor 0.7529411764705882 0.7529411764705882 0.7529411764705882
            specularColor 0.3764705882352941 0.3764705882352941 0.3764705882352941
            ambientIntensity 0.7529
            transparency 0.0
            shininess 0.5
        }
    }
    geometry IndexedFaceSet {
        ccw TRUE
        solid FALSE
        coord DEF co Coordinate {
            point [
                -0.5726 -0.5329 0.1493, -0.5663 -0.5329 0.1575, -0.4724 -0.5329 0.1575, -0.4724 -0.5329 0.0787, -0.4751 -0.5329 0.0584, -0.5807 -0.5329 0.1431, -0.483 -0.5329 0.0394, -0.4955 -0.5329 0.0231, -0.6496 -0.5329 0.1378, -0.6004 -0.5329 0.1378, -0.5512 -0.5329 0.0, -0.5902 -0.5329 0.1391, -0.5308 -0.5329 0.0027, -0.5118 -0.5329 0.0105, -0.6496 -0.5329 0.0, -0.6598 -0.5329 0.0013, -0.689 -0.5329 0.0394, -0.6693 -0.5329 0.0053, -0.6774 -0.5329 0.0115, -0.6837 -0.5329 0.0197, -0.6876 -0.5329 0.0292, -0.6876 -0.5329 0.1086, -0.6598 -0.5329 0.1365, -0.689 -0.5329 0.0984, -0.6837 -0.5329 0.1181, -0.6774 -0.5329 0.1263, -0.6693 -0.5329 0.1325, -0.6496 -0.5722 0.1378, -0.6004 -0.5722 0.1378, -0.6598 -0.5722 0.1365, -0.6693 -0.5722 0.1325, -0.6774 -0.5722 0.1263, -0.6837 -0.5722 0.1181, -0.6876 -0.5722 0.1086, -0.689 -0.5722 0.0984, -0.689 -0.5722 0.0394, -0.6876 -0.5722 0.0292, -0.6837 -0.5722 0.0197, -0.6774 -0.5722 0.0115, -0.6693 -0.5722 0.0053, -0.6598 -0.5722 0.0013, -0.6496 -0.5722 0.0, -0.5512 -0.5722 0.0, -0.5308 -0.5722 0.0027, -0.5118 -0.5722 0.0105, -0.4955 -0.5722 0.0231, -0.483 -0.5722 0.0394, -0.4751 -0.5722 0.0584, -0.4724 -0.5722 0.0787, -0.4724 -0.5329 0.2953, -0.4724 -0.5722 0.2953, -0.3346 -0.5722 0.2953, -0.3346 -0.5329 0.2953, -0.2953 -0.1982 0.4921, -0.2953 -0.1982 0.5315, -0.2362 -0.1982 0.4921, -0.2362 -0.1982 0.5315, 0.1181 0.1287 0.4338, -0.1181 0.1287 0.4338, 0.1181 0.1364 0.4724, -0.1181 0.1364 0.4724, -0.1356 0.1268 0.4342, -0.1356 0.1345 0.4728, -0.1523 0.1211 0.4354, -0.1523 0.1288 0.474, -0.1672 0.1119 0.4372, -0.1672 0.1196 0.4758, -0.1797 0.0996 0.4396, -0.1797 0.1074 0.4783, -0.1891 0.085 0.4426, -0.1891 0.0927 0.4812, -0.1949 0.0687 0.4458, -0.1949 0.0764 0.4844, -0.1969 0.0515 0.4493, -0.1969 0.0592 0.4879, 0.1356 0.1345 0.4728, 0.1356 0.1268 0.4342, 0.1523 0.1288 0.474, 0.1523 0.1211 0.4354, 0.1672 0.1196 0.4758, 0.1672 0.1119 0.4372, 0.1797 0.1074 0.4783, 0.1797 0.0996 0.4396, 0.1891 0.0927 0.4812, 0.1891 0.085 0.4426, 0.1949 0.0764 0.4844, 0.1949 0.0687 0.4458, 0.1969 0.0592 0.4879, 0.1969 0.0515 0.4493, 0.3307 -0.5533 0.4764, 0.3307 -0.5721 0.4764, 0.3307 -0.5702 0.4877, 0.3307 -0.5643 0.502, 0.3307 -0.5549 0.5142, 0.3307 -0.5533 0.5157
            ]
        }
        coordIndex [
            0,1,2,-1,2,3,0,-1,0,3,4,-1,0,4,5,-1,5,4,6,-1,5,6,7,-1,8,9,10,-1,10,9,11,-1,10,11,12,-1,12,11,5,-1,12,5,13,-1,13,5,7,-1,14,15,16,-1,16,15,17,-1,17,18,16,-1,16,18,19,-1,16,19,20,-1,21,22,23,-1,23,22,8,-1,23,8,16,-1,16,8,10,-1,16,10,14,-1,21,24,22,-1,22,24,25,-1,22,25,26,-1,8,27,9,-1,9,27,28,-1,27,8,22,-1,27,22,29,-1,29,22,26,-1,29,26,30,-1,30,26,25,-1,30,25,31,-1,31,25,24,-1,31,24,32,-1,32,24,21,-1,32,21,33,-1,33,21,23,-1,33,23,34,-1,16,35,23,-1,23,35,34,-1,35,16,20,-1,35,20,36,-1,36,20,19,-1,36,19,37,-1,37,19,18,-1,37,18,38,-1,38,18,17,-1,38,17,39,-1,39,17,15,-1,39,15,40,-1,40,15,14,-1,40,14,41,-1,10,42,14,-1,14,42,41,-1,42,10,12,-1,42,12,43,-1,43,12,13,-1,43,13,44,-1,44,13,7,-1,44,7,45,-1,45,7,6,-1,45,6,46,-1,46,6,4,-1,46,4,47,-1,47,4,3,-1,47,3,48,-1,49,50,2,-1,2,50,48,-1,2,48,3,-1,51,50,52,-1,52,50,49,-1,53,54,55,-1,55,54,56,-1,57,58,59,-1,59,58,60,-1,60,58,61,-1,60,61,62,-1,62,61,63,-1,62,63,64,-1,64,63,65,-1,64,65,66,-1,66,65,67,-1,66,67,68,-1,68,67,69,-1,68,69,70,-1,70,69,71,-1,70,71,72,-1,72,71,73,-1,72,73,74,-1,57,59,75,-1,57,75,76,-1,76,75,77,-1,76,77,78,-1,78,77,79,-1,78,79,80,-1,80,79,81,-1,80,81,82,-1,82,81,83,-1,82,83,84,-1,84,83,85,-1,84,85,86,-1,86,85,87,-1,86,87,88,-1,89,90,91,-1,91,92,89,-1,89,92,93,-1,89,93,94,-1,
        ]
    }
}
Shape{
    appearance Appearance {
        material  Material 	{
            diffuseColor 0.25098039215686274 0.25098039215686274 0.25098039215686274
            specularColor 0.12549019607843137 0.12549019607843137 0.12549019607843137
            ambientIntensity 0.251
            transparency 0.0
            shininess 0.5
        }
    }
    geometry IndexedFaceSet {
        ccw TRUE
        solid FALSE
        coord DEF co Coordinate {
            point [
                0.3346 -0.5722 0.2874, 0.3346 -0.5722 0.2756, 0.3346 -0.5329 0.2756, 0.3346 -0.5329 0.2953, 0.3346 -0.5722 0.2953, 0.3346 -0.6904 0.2874, 0.3346 -0.6904 0.5157, 0.3346 -0.8281 0.5157, 0.3346 -0.6904 0.4764, 0.3346 -0.8281 0.2087, 0.3346 -0.6904 0.2087, 0.3346 -0.5722 0.4724, 0.3346 -0.5721 0.4764, -0.3346 -0.6904 0.2087, -0.3346 -0.8281 0.2087, -0.3346 -0.6904 0.2874, -0.3346 -0.8281 0.5157, -0.3346 -0.6904 0.4764, -0.3346 -0.6904 0.5157, -0.3346 -0.5329 0.2756, -0.3346 -0.5722 0.2756, -0.3346 -0.5329 0.2953, -0.3346 -0.5722 0.2874, -0.3346 -0.5722 0.2953, -0.3346 -0.5722 0.4724, -0.3346 -0.5721 0.4764
            ]
        }
        coordIndex [
            0,1,2,-1,2,3,0,-1,0,3,4,-1,0,4,5,-1,6,7,8,-1,8,7,9,-1,8,9,5,-1,5,9,10,-1,5,4,8,-1,8,4,11,-1,8,11,12,-1,13,14,15,-1,15,14,16,-1,15,16,17,-1,17,16,18,-1,19,20,21,-1,21,20,22,-1,21,22,23,-1,23,22,15,-1,23,15,24,-1,24,15,17,-1,24,17,25,-1,
        ]
    }
}
Shape{
    appearance Appearance {
        material  Material 	{
            diffuseColor 0.7529411764705882 0.7529411764705882 0.7529411764705882
            specularColor 0.3764705882352941 0.3764705882352941 0.3764705882352941
            ambientIntensity 0.7529
            transparency 0.0
            shininess 0.5
        }
    }
    geometry IndexedFaceSet {
        ccw TRUE
        solid FALSE
        coord DEF co Coordinate {
            point [
                -0.3307 -0.5533 0.4764, -0.3307 -0.5533 0.5157, -0.3307 -0.5549 0.5142, -0.3307 -0.5643 0.502, -0.3307 -0.5702 0.4877, -0.3307 -0.5721 0.4764
            ]
        }
        coordIndex [
            0,1,2,-1,2,3,0,-1,0,3,4,-1,0,4,5,-1,
        ]
    }
}
Shape{
    appearance Appearance {
        material  Material 	{
            diffuseColor 0.25098039215686274 0.25098039215686274 0.25098039215686274
            specularColor 0.12549019607843137 0.12549019607843137 0.12549019607843137
            ambientIntensity 0.251
            transparency 0.0
            shininess 0.5
        }
    }
    geometry IndexedFaceSet {
        ccw TRUE
        solid FALSE
        coord DEF co Coordinate {
            point [
                0.0984 -0.5533 0.4764, 0.0984 -0.5533 0.0197, 0.2165 -0.5533 0.0197, 0.3307 -0.5533 0.4764, 0.3307 -0.5533 0.5157, 0.2165 -0.5533 0.4764, -0.3307 -0.5533 0.5157, -0.3307 -0.5533 0.4764, -0.2165 -0.5533 0.4764, -0.2165 -0.5533 0.0197, -0.0984 -0.5533 0.0197, -0.0984 -0.5533 0.4764
            ]
        }
        coordIndex [
            0,1,2,-1,3,4,5,-1,5,4,6,-1,6,7,8,-1,9,10,8,-1,8,10,11,-1,8,11,6,-1,6,11,0,-1,6,0,5,-1,5,0,2,-1,
        ]
    }
}
Shape{
    appearance Appearance {
        material  Material 	{
            diffuseColor 0.7529411764705882 0.7529411764705882 0.7529411764705882
            specularColor 0.3764705882352941 0.3764705882352941 0.3764705882352941
            ambientIntensity 0.7529
            transparency 0.0
            shininess 0.5
        }
    }
    geometry IndexedFaceSet {
        ccw TRUE
        solid FALSE
        coord DEF co Coordinate {
            point [
                0.3346 -0.5722 0.4724, 0.3346 -0.5722 0.2953, 0.561 -0.5722 0.4724, 0.4724 -0.5722 0.2953, 0.561 -0.5722 0.1772, 0.4724 -0.5722 0.0787, 0.5726 -0.5722 0.1493, 0.5663 -0.5722 0.1575, 0.5624 -0.5722 0.167, 0.4955 -0.5722 0.0231, 0.5807 -0.5722 0.1431, 0.483 -0.5722 0.0394, 0.4751 -0.5722 0.0584, 0.6496 -0.5722 0.1378, 0.6004 -0.5722 0.1378, 0.5512 -0.5722 0.0, 0.5902 -0.5722 0.1391, 0.5308 -0.5722 0.0027, 0.5118 -0.5722 0.0105, 0.6496 -0.5722 0.0, 0.689 -0.5722 0.0394, 0.6598 -0.5722 0.0013, 0.689 -0.5722 0.0984, 0.6876 -0.5722 0.1086, 0.6837 -0.5722 0.0197, 0.6876 -0.5722 0.0292, 0.6774 -0.5722 0.0115, 0.6693 -0.5722 0.0053, 0.6837 -0.5722 0.1181, 0.6774 -0.5722 0.1263, 0.6598 -0.5722 0.1365, 0.6693 -0.5722 0.1325, 0.561 -0.5329 0.1772, 0.5624 -0.5329 0.167, 0.5663 -0.5329 0.1575, 0.5726 -0.5329 0.1493, 0.5807 -0.5329 0.1431, 0.5902 -0.5329 0.1391, 0.6004 -0.5329 0.1378
            ]
        }
        coordIndex [
            0,1,2,-1,2,1,3,-1,2,3,4,-1,4,3,5,-1,6,7,5,-1,5,7,8,-1,5,8,4,-1,9,10,11,-1,11,10,6,-1,11,6,12,-1,12,6,5,-1,13,14,15,-1,15,14,16,-1,15,16,17,-1,17,16,10,-1,17,10,18,-1,18,10,9,-1,15,19,20,-1,20,19,21,-1,15,20,13,-1,13,20,22,-1,13,22,23,-1,24,25,26,-1,26,25,20,-1,26,20,27,-1,27,20,21,-1,23,28,13,-1,13,28,29,-1,13,29,30,-1,30,29,31,-1,32,4,33,-1,33,4,8,-1,33,8,34,-1,34,8,7,-1,34,7,35,-1,35,7,6,-1,35,6,36,-1,36,6,10,-1,36,10,37,-1,37,10,16,-1,37,16,38,-1,38,16,14,-1,
        ]
    }
}
Shape{
    appearance Appearance {
        material  Material 	{
            diffuseColor 0.25098039215686274 0.25098039215686274 0.25098039215686274
            specularColor 0.12549019607843137 0.12549019607843137 0.12549019607843137
            ambientIntensity 0.251
            transparency 0.0
            shininess 0.5
        }
    }
    geometry IndexedFaceSet {
        ccw TRUE
        solid FALSE
        coord DEF co Coordinate {
            point [
                0.5807 -0.5329 0.1575, 0.5807 -0.5329 0.315, 0.561 -0.5329 0.315, 0.561 -0.5329 0.1772, 0.5624 -0.5329 0.167, 0.5663 -0.5329 0.1575
            ]
        }
        coordIndex [
            0,1,2,-1,2,3,0,-1,0,3,4,-1,0,4,5,-1,
        ]
    }
}
Shape{
    appearance Appearance {
        material  Material 	{
            diffuseColor 0.7529411764705882 0.7529411764705882 0.7529411764705882
            specularColor 0.3764705882352941 0.3764705882352941 0.3764705882352941
            ambientIntensity 0.7529
            transparency 0.0
            shininess 0.5
        }
    }
    geometry IndexedFaceSet {
        ccw TRUE
        solid FALSE
        coord DEF co Coordinate {
            point [
                0.689 0.1364 0.4724, 0.689 -0.1392 0.4724, 0.689 0.0971 0.3346, 0.689 -0.1392 0.374, 0.689 -0.0998 0.3346, 0.689 -0.1378 0.3638, 0.689 -0.11 0.336, 0.689 0.1311 0.3543, 0.689 0.1351 0.3638, 0.689 0.1364 0.374, 0.689 0.1249 0.3462, 0.689 0.1072 0.336, 0.689 0.1167 0.3399, 0.689 -0.1339 0.3543, 0.689 -0.1276 0.3462, 0.689 -0.1195 0.3399
            ]
        }
        coordIndex [
            0,1,2,-1,2,1,3,-1,2,3,4,-1,4,3,5,-1,4,5,6,-1,7,8,2,-1,2,8,9,-1,2,9,0,-1,7,2,10,-1,10,2,11,-1,10,11,12,-1,13,14,5,-1,5,14,15,-1,5,15,6,-1,
        ]
    }
}
Shape{
    appearance Appearance {
        material  Material 	{
            diffuseColor 0.25098039215686274 0.25098039215686274 0.25098039215686274
            specularColor 0.12549019607843137 0.12549019607843137 0.12549019607843137
            ambientIntensity 0.251
            transparency 0.0
            shininess 0.5
        }
    }
    geometry IndexedFaceSet {
        ccw TRUE
        solid FALSE
        coord DEF co Coordinate {
            point [
                0.6386 -0.4935 0.0197, 0.689 -0.4935 0.0197, 0.6386 -0.4935 0.1575, 0.689 -0.4935 0.1575, 0.6386 0.4908 0.1575, 0.689 0.4908 0.1575, 0.6386 0.4908 0.0197, 0.689 0.4908 0.0197
            ]
        }
        coordIndex [
            0,1,2,-1,2,1,3,-1,4,5,6,-1,6,5,7,-1,
        ]
    }
}
Shape{
    appearance Appearance {
        material  Material 	{
            diffuseColor 0.7529411764705882 0.7529411764705882 0.7529411764705882
            specularColor 0.3764705882352941 0.3764705882352941 0.3764705882352941
            ambientIntensity 0.7529
            transparency 0.0
            shininess 0.5
        }
    }
    geometry IndexedFaceSet {
        ccw TRUE
        solid FALSE
        coord DEF co Coordinate {
            point [
                0.4528 0.5301 0.1575, 0.4724 0.5301 0.1575, 0.6386 0.4908 0.1575, 0.5663 0.5301 0.1575, 0.5807 0.5301 0.1575, 0.5807 0.5695 0.1575, 0.689 0.5695 0.1575, 0.689 0.4908 0.1575
            ]
        }
        coordIndex [
            0,1,2,-1,2,1,3,-1,2,3,4,-1,4,5,2,-1,2,5,6,-1,2,6,7,-1,
        ]
    }
}
Shape{
    appearance Appearance {
        material  Material 	{
            diffuseColor 0.25098039215686274 0.25098039215686274 0.25098039215686274
            specularColor 0.12549019607843137 0.12549019607843137 0.12549019607843137
            ambientIntensity 0.251
            transparency 0.0
            shininess 0.5
        }
    }
    geometry IndexedFaceSet {
        ccw TRUE
        solid FALSE
        coord DEF co Coordinate {
            point [
                0.689 0.5695 0.2362, 0.689 0.5695 0.1575, 0.5807 0.5695 0.2362, 0.5807 0.5695 0.1575, 0.6496 0.1561 0.4882, 0.6496 0.1561 0.2953, 0.689 0.1561 0.4882, 0.689 0.1561 0.2953, 0.689 -0.1589 0.2953, 0.6496 -0.1589 0.2953, 0.689 -0.1589 0.4882, 0.6496 -0.1589 0.4882, 0.561 -0.4738 0.4331, 0.561 -0.5329 0.315, 0.5807 -0.5329 0.315, 0.5709 -0.4568 0.4672, 0.5668 -0.4599 0.4609, 0.5732 -0.4556 0.4694, 0.5637 -0.464 0.4528, 0.5756 -0.4548 0.4711, 0.5807 -0.5722 0.2362, 0.689 -0.5722 0.2362, 0.689 -0.4541 0.4724, 0.5807 -0.4541 0.4724, 0.5617 -0.4687 0.4433, 0.5794 -0.4542 0.4724, 0.5781 -0.4543 0.4721, 0.5807 -0.5722 0.1575, 0.689 -0.5722 0.1575, 0.4724 -0.5329 0.1575, 0.4528 -0.5329 0.1575, 0.6386 -0.4935 0.1575, 0.689 -0.4935 0.1575, 0.5807 -0.5329 0.1575, 0.5663 -0.5329 0.1575
            ]
        }
        coordIndex [
            0,1,2,-1,2,1,3,-1,4,5,6,-1,6,5,7,-1,8,7,9,-1,9,7,5,-1,10,8,11,-1,11,8,9,-1,12,13,14,-1,15,16,17,-1,17,16,18,-1,17,18,19,-1,20,21,14,-1,14,21,22,-1,14,22,12,-1,12,22,23,-1,12,23,24,-1,24,23,25,-1,24,25,18,-1,18,25,26,-1,18,26,19,-1,20,27,21,-1,21,27,28,-1,29,30,31,-1,31,32,28,-1,28,27,33,-1,28,33,31,-1,31,33,34,-1,31,34,29,-1,
        ]
    }
}
Shape{
    appearance Appearance {
        material  Material 	{
            diffuseColor 0.7529411764705882 0.7529411764705882 0.7529411764705882
            specularColor 0.3764705882352941 0.3764705882352941 0.3764705882352941
            ambientIntensity 0.7529
            transparency 0.0
            shininess 0.5
        }
    }
    geometry IndexedFaceSet {
        ccw TRUE
        solid FALSE
        coord DEF co Coordinate {
            point [
                0.561 0.5695 0.1772, 0.561 0.5301 0.1772, 0.5624 0.5695 0.167, 0.5624 0.5301 0.167, 0.5663 0.5695 0.1575, 0.5663 0.5301 0.1575, 0.5726 0.5695 0.1493, 0.5726 0.5301 0.1493, 0.5807 0.5695 0.1431, 0.5807 0.5301 0.1431, 0.5902 0.5695 0.1391, 0.5902 0.5301 0.1391, 0.6004 0.5695 0.1378, 0.6004 0.5301 0.1378
            ]
        }
        coordIndex [
            0,1,2,-1,2,1,3,-1,2,3,4,-1,4,3,5,-1,4,5,6,-1,6,5,7,-1,6,7,8,-1,8,7,9,-1,8,9,10,-1,10,9,11,-1,10,11,12,-1,12,11,13,-1,
        ]
    }
}
Shape{
    appearance Appearance {
        material  Material 	{
            diffuseColor 0.25098039215686274 0.25098039215686274 0.25098039215686274
            specularColor 0.12549019607843137 0.12549019607843137 0.12549019607843137
            ambientIntensity 0.251
            transparency 0.0
            shininess 0.5
        }
    }
    geometry IndexedFaceSet {
        ccw TRUE
        solid FALSE
        coord DEF co Coordinate {
            point [
                0.561 0.5301 0.315, 0.5807 0.5301 0.315, 0.561 0.5301 0.1772, 0.5807 0.5301 0.1575, 0.5624 0.5301 0.167, 0.5663 0.5301 0.1575, 0.5807 0.4514 0.4724, 0.689 0.4514 0.4724, 0.562 0.4668 0.4416, 0.689 0.5695 0.2362, 0.5807 0.5695 0.2362, 0.561 0.4711 0.4331, 0.5763 0.4519 0.4715, 0.5653 0.4588 0.4576, 0.5742 0.4525 0.4702, 0.5684 0.4557 0.4639, 0.5722 0.4533 0.4685, 0.563 0.4625 0.4502, 0.5785 0.4515 0.4722
            ]
        }
        coordIndex [
            0,1,2,-1,2,1,3,-1,2,3,4,-1,4,3,5,-1,6,7,8,-1,9,10,7,-1,7,10,1,-1,1,0,7,-1,7,0,11,-1,7,11,8,-1,12,13,14,-1,14,13,15,-1,14,15,16,-1,8,17,6,-1,6,17,13,-1,6,13,18,-1,18,13,12,-1,
        ]
    }
}
Shape{
    appearance Appearance {
        material  Material 	{
            diffuseColor 0.7529411764705882 0.7529411764705882 0.7529411764705882
            specularColor 0.3764705882352941 0.3764705882352941 0.3764705882352941
            ambientIntensity 0.7529
            transparency 0.0
            shininess 0.5
        }
    }
    geometry IndexedFaceSet {
        ccw TRUE
        solid FALSE
        coord DEF co Coordinate {
            point [
                0.5118 0.5695 0.0105, 0.5807 0.5695 0.1431, 0.5308 0.5695 0.0027, 0.5902 0.5695 0.1391, 0.5512 0.5695 0.0, 0.6004 0.5695 0.1378, 0.6496 0.5695 0.0, 0.561 0.5695 0.1772, 0.4724 0.5695 0.0787, 0.561 0.5695 0.4724, 0.4724 0.5695 0.2953, -0.561 0.5695 0.4724, -0.4724 0.5695 0.2953, -0.561 0.5695 0.1772, -0.4724 0.5695 0.0787, -0.5624 0.5695 0.167, -0.5663 0.5695 0.1575, -0.4955 0.5695 0.0231, -0.5118 0.5695 0.0105, -0.5807 0.5695 0.1431, -0.5308 0.5695 0.0027, -0.5902 0.5695 0.1391, -0.5512 0.5695 0.0, -0.6004 0.5695 0.1378, -0.5726 0.5695 0.1493, -0.4751 0.5695 0.0584, -0.483 0.5695 0.0394, 0.5624 0.5695 0.167, 0.5663 0.5695 0.1575, 0.4751 0.5695 0.0584, 0.5726 0.5695 0.1493, 0.483 0.5695 0.0394, 0.4955 0.5695 0.0231, -0.6876 0.5695 0.0292, -0.689 0.5695 0.0394, -0.6496 0.5695 0.0, 0.689 0.5695 0.0394, 0.689 0.5695 0.0984, 0.6496 0.5695 0.1378, 0.6598 0.5695 0.1365, -0.6693 0.5695 0.0053, -0.6774 0.5695 0.0115, -0.6837 0.5695 0.0197, 0.6837 0.5695 0.1181, 0.6876 0.5695 0.1086, 0.6774 0.5695 0.1263, 0.6693 0.5695 0.1325, 0.6876 0.5695 0.0292, 0.6837 0.5695 0.0197, 0.6774 0.5695 0.0115, -0.6598 0.5695 0.0013, -0.689 0.5695 0.0984, -0.6496 0.5695 0.1378, -0.6876 0.5695 0.1086, -0.6837 0.5695 0.1181, 0.6693 0.5695 0.0053, 0.6598 0.5695 0.0013, -0.6774 0.5695 0.1263, -0.6693 0.5695 0.1325, -0.6598 0.5695 0.1365
            ]
        }
        coordIndex [
            0,1,2,-1,2,1,3,-1,2,3,4,-1,4,3,5,-1,4,5,6,-1,7,8,9,-1,9,8,10,-1,9,10,11,-1,11,10,12,-1,11,12,13,-1,13,12,14,-1,13,14,15,-1,15,14,16,-1,17,18,19,-1,19,18,20,-1,19,20,21,-1,21,20,22,-1,21,22,23,-1,16,14,24,-1,24,14,25,-1,24,25,19,-1,19,25,26,-1,19,26,17,-1,7,27,8,-1,8,27,28,-1,8,28,29,-1,29,28,30,-1,29,30,31,-1,31,30,1,-1,31,1,32,-1,32,1,0,-1,33,34,35,-1,35,34,22,-1,36,5,37,-1,37,5,38,-1,37,38,39,-1,40,41,42,-1,43,44,45,-1,45,44,37,-1,45,37,46,-1,46,37,39,-1,36,47,5,-1,5,47,48,-1,5,48,49,-1,33,35,42,-1,42,35,50,-1,42,50,40,-1,22,34,23,-1,23,34,51,-1,23,51,52,-1,52,51,53,-1,52,53,54,-1,49,55,5,-1,5,55,56,-1,5,56,6,-1,57,58,54,-1,54,58,59,-1,54,59,52,-1,
        ]
    }
}
Shape{
    appearance Appearance {
        material  Material 	{
            diffuseColor 0.25098039215686274 0.25098039215686274 0.25098039215686274
            specularColor 0.12549019607843137 0.12549019607843137 0.12549019607843137
            ambientIntensity 0.251
            transparency 0.0
            shininess 0.5
        }
    }
    geometry IndexedFaceSet {
        ccw TRUE
        solid FALSE
        coord DEF co Coordinate {
            point [
                -0.5807 0.5301 0.1575, -0.5807 0.5301 0.315, -0.561 0.5301 0.315, -0.561 0.5301 0.1772, -0.5624 0.5301 0.167, -0.5663 0.5301 0.1575
            ]
        }
        coordIndex [
            0,1,2,-1,2,3,0,-1,0,3,4,-1,0,4,5,-1,
        ]
    }
}
Shape{
    appearance Appearance {
        material  Material 	{
            diffuseColor 0.7529411764705882 0.7529411764705882 0.7529411764705882
            specularColor 0.3764705882352941 0.3764705882352941 0.3764705882352941
            ambientIntensity 0.7529
            transparency 0.0
            shininess 0.5
        }
    }
    geometry IndexedFaceSet {
        ccw TRUE
        solid FALSE
        coord DEF co Coordinate {
            point [
                -0.6004 0.5695 0.1378, -0.6004 0.5301 0.1378, -0.5902 0.5695 0.1391, -0.5902 0.5301 0.1391, -0.5807 0.5695 0.1431, -0.5807 0.5301 0.1431, -0.5726 0.5695 0.1493, -0.5726 0.5301 0.1493, -0.5663 0.5695 0.1575, -0.5663 0.5301 0.1575, -0.5624 0.5695 0.167, -0.5624 0.5301 0.167, -0.561 0.5695 0.1772, -0.561 0.5301 0.1772, -0.6496 0.1364 0.4882, -0.6496 0.1364 0.374, -0.689 0.1364 0.374, -0.689 0.1364 0.4724, -0.6884 0.1364 0.4804, -0.6868 0.1364 0.4882, -0.689 -0.1392 0.374, -0.689 -0.1392 0.4724, -0.689 0.0971 0.3346, -0.689 0.1351 0.3638, -0.689 0.1311 0.3543, -0.689 0.1249 0.3462, -0.689 0.1072 0.336, -0.689 0.1167 0.3399, -0.689 -0.11 0.336, -0.689 -0.1378 0.3638, -0.689 -0.0998 0.3346, -0.689 -0.1195 0.3399, -0.689 -0.1276 0.3462, -0.689 -0.1339 0.3543, -0.6496 -0.1392 0.374, -0.6496 -0.1392 0.4882, -0.6884 -0.1392 0.4804, -0.6868 -0.1392 0.4882
            ]
        }
        coordIndex [
            0,1,2,-1,2,1,3,-1,2,3,4,-1,4,3,5,-1,4,5,6,-1,6,5,7,-1,6,7,8,-1,8,7,9,-1,8,9,10,-1,10,9,11,-1,10,11,12,-1,12,11,13,-1,14,15,16,-1,16,17,14,-1,14,17,18,-1,14,18,19,-1,20,21,17,-1,22,16,23,-1,23,24,22,-1,22,24,25,-1,22,25,26,-1,26,25,27,-1,28,29,30,-1,30,29,20,-1,30,20,22,-1,22,20,17,-1,22,17,16,-1,28,31,29,-1,29,31,32,-1,29,32,33,-1,20,34,21,-1,21,34,35,-1,21,35,36,-1,36,35,37,-1,
        ]
    }
}
Shape{
    appearance Appearance {
        material  Material 	{
            diffuseColor 0.25098039215686274 0.25098039215686274 0.25098039215686274
            specularColor 0.12549019607843137 0.12549019607843137 0.12549019607843137
            ambientIntensity 0.251
            transparency 0.0
            shininess 0.5
        }
    }
    geometry IndexedFaceSet {
        ccw TRUE
        solid FALSE
        coord DEF co Coordinate {
            point [
                -0.689 -0.5722 0.2362, -0.689 -0.5722 0.1575, -0.5807 -0.5722 0.2362, -0.5807 -0.5722 0.1575, -0.6496 -0.1589 0.2953, -0.689 -0.1589 0.2953, -0.6496 -0.1589 0.4882, -0.689 -0.1589 0.4882, -0.6496 0.1561 0.2953, -0.689 0.1561 0.2953, -0.689 0.1561 0.4882, -0.6496 0.1561 0.4882, -0.561 0.4711 0.4331, -0.561 0.5301 0.315, -0.5807 0.5301 0.315, -0.5763 0.4519 0.4715, -0.5742 0.4525 0.4702, -0.5634 0.4627 0.4497, -0.5615 0.4667 0.4418, -0.689 0.4514 0.4724, -0.689 0.5695 0.2362, -0.5807 0.5695 0.2362, -0.5785 0.4515 0.4722, -0.5807 0.4514 0.4724, -0.5722 0.4533 0.4685, -0.5684 0.4557 0.4639, -0.5653 0.4588 0.4576, -0.5807 0.5695 0.1575, -0.689 0.5695 0.1575, -0.4724 0.5301 0.1575, -0.4528 0.5301 0.1575, -0.6386 0.4908 0.1575, -0.689 0.4908 0.1575, -0.5807 0.5301 0.1575, -0.5663 0.5301 0.1575, -0.6386 0.4908 0.0197, -0.689 0.4908 0.0197, -0.6386 -0.4935 0.1575, -0.689 -0.4935 0.1575, -0.6386 -0.4935 0.0197, -0.689 -0.4935 0.0197, -0.4528 -0.5329 0.1575, -0.4724 -0.5329 0.1575, -0.5663 -0.5329 0.1575, -0.5807 -0.5329 0.1575, -0.689 -0.4541 0.4724, -0.5807 -0.5329 0.315, -0.561 -0.5329 0.315, -0.561 -0.4738 0.4331, -0.5807 -0.4541 0.4724, -0.5617 -0.4687 0.4433, -0.5794 -0.4542 0.4724, -0.5637 -0.464 0.4528, -0.5781 -0.4543 0.4721, -0.5668 -0.4599 0.4609, -0.5709 -0.4568 0.4672, -0.5732 -0.4556 0.4694, -0.5756 -0.4548 0.4711, -0.561 -0.5329 0.1772, -0.5624 -0.5329 0.167
            ]
        }
        coordIndex [
            0,1,2,-1,2,1,3,-1,4,5,6,-1,6,5,7,-1,4,8,5,-1,5,8,9,-1,9,8,10,-1,10,8,11,-1,12,13,14,-1,15,16,17,-1,18,12,19,-1,19,12,14,-1,19,14,20,-1,20,14,21,-1,15,17,22,-1,18,19,17,-1,17,19,23,-1,17,23,22,-1,16,24,17,-1,17,24,25,-1,17,25,26,-1,21,27,20,-1,20,27,28,-1,29,30,31,-1,31,32,28,-1,28,27,33,-1,28,33,31,-1,31,33,34,-1,31,34,29,-1,35,36,31,-1,31,36,32,-1,37,38,39,-1,39,38,40,-1,41,42,37,-1,37,42,43,-1,37,43,44,-1,44,3,37,-1,37,3,1,-1,37,1,38,-1,0,2,45,-1,45,2,46,-1,46,47,45,-1,45,47,48,-1,45,48,49,-1,49,48,50,-1,49,50,51,-1,51,50,52,-1,51,52,53,-1,54,55,56,-1,54,56,52,-1,52,56,57,-1,52,57,53,-1,47,46,58,-1,58,46,44,-1,58,44,59,-1,59,44,43,-1,
        ]
    }
}
Shape{
    appearance Appearance {
        material  Material 	{
            diffuseColor 0.7529411764705882 0.7529411764705882 0.7529411764705882
            specularColor 0.3764705882352941 0.3764705882352941 0.3764705882352941
            ambientIntensity 0.7529
            transparency 0.0
            shininess 0.5
        }
    }
    geometry IndexedFaceSet {
        ccw TRUE
        solid FALSE
        coord DEF co Coordinate {
            point [
                -0.6004 -0.5329 0.1378, -0.6004 -0.5722 0.1378, -0.5902 -0.5329 0.1391, -0.5902 -0.5722 0.1391, -0.5807 -0.5329 0.1431, -0.5807 -0.5722 0.1431, -0.5726 -0.5329 0.1493, -0.5726 -0.5722 0.1493, -0.5663 -0.5329 0.1575, -0.5663 -0.5722 0.1575, -0.5624 -0.5329 0.167, -0.5624 -0.5722 0.167, -0.561 -0.5329 0.1772, -0.561 -0.5722 0.1772, -0.6496 -0.5722 0.0, -0.5512 -0.5722 0.0, -0.689 -0.5722 0.0394, -0.3346 -0.5722 0.2953, -0.3346 -0.5722 0.4724, -0.4724 -0.5722 0.2953, -0.561 -0.5722 0.4724, -0.4724 -0.5722 0.0787, -0.689 -0.5722 0.0984, -0.6876 -0.5722 0.1086, -0.6496 -0.5722 0.1378, -0.4751 -0.5722 0.0584, -0.483 -0.5722 0.0394, -0.4955 -0.5722 0.0231, -0.5308 -0.5722 0.0027, -0.5118 -0.5722 0.0105, -0.6693 -0.5722 0.1325, -0.6774 -0.5722 0.1263, -0.6837 -0.5722 0.1181, -0.6837 -0.5722 0.0197, -0.6774 -0.5722 0.0115, -0.6693 -0.5722 0.0053, -0.6876 -0.5722 0.0292, -0.6598 -0.5722 0.0013, -0.6598 -0.5722 0.1365
            ]
        }
        coordIndex [
            0,1,2,-1,2,1,3,-1,2,3,4,-1,4,3,5,-1,4,5,6,-1,6,5,7,-1,6,7,8,-1,8,7,9,-1,8,9,10,-1,10,9,11,-1,10,11,12,-1,12,11,13,-1,14,15,16,-1,17,18,19,-1,19,18,20,-1,19,20,21,-1,21,20,13,-1,16,15,22,-1,23,22,24,-1,13,11,21,-1,21,11,9,-1,21,9,25,-1,25,9,7,-1,25,7,26,-1,26,7,5,-1,26,5,27,-1,24,22,1,-1,1,22,15,-1,1,15,3,-1,3,15,28,-1,3,28,5,-1,5,28,29,-1,5,29,27,-1,30,31,32,-1,33,34,35,-1,16,36,14,-1,14,36,33,-1,14,33,37,-1,37,33,35,-1,23,24,32,-1,32,24,38,-1,32,38,30,-1,
        ]
    }
}
Shape{
    appearance Appearance {
        material  Material 	{
            diffuseColor 0.25098039215686274 0.25098039215686274 0.25098039215686274
            specularColor 0.12549019607843137 0.12549019607843137 0.12549019607843137
            ambientIntensity 0.251
            transparency 0.0
            shininess 0.5
        }
    }
    geometry IndexedFaceSet {
        ccw TRUE
        solid FALSE
        coord DEF co Coordinate {
            point [
                -0.3346 0.2742 0.4134, -0.3346 -0.1589 0.4134, -0.2953 0.3136 0.4134, 0.315 0.3083 0.4134, 0.3055 0.3122 0.4134, 0.2953 0.3136 0.4134, -0.3055 -0.1969 0.4134, -0.3333 -0.169 0.4134, -0.3294 -0.1785 0.4134, -0.3231 -0.1867 0.4134, -0.315 -0.193 0.4134, -0.2953 -0.1982 0.4134, 0.3346 -0.1589 0.4134, 0.3346 0.2742 0.4134, 0.3333 0.2844 0.4134, 0.3294 -0.1785 0.4134, 0.3055 -0.1969 0.4134, 0.3231 -0.1867 0.4134, 0.315 -0.193 0.4134, 0.2953 -0.1982 0.4134, 0.3333 -0.169 0.4134, 0.3294 0.2939 0.4134, 0.3231 0.3021 0.4134, -0.315 0.3083 0.4134, -0.3231 0.3021 0.4134, -0.3294 0.2939 0.4134, -0.3055 0.3122 0.4134, -0.3333 0.2844 0.4134
            ]
        }
        coordIndex [
            0,1,2,-1,3,4,5,-1,2,1,5,-1,6,1,7,-1,7,8,6,-1,6,8,9,-1,6,9,10,-1,6,11,1,-1,1,11,12,-1,1,12,5,-1,5,12,13,-1,5,13,14,-1,15,16,17,-1,17,16,18,-1,11,19,12,-1,12,19,16,-1,12,16,20,-1,20,16,15,-1,14,21,5,-1,5,21,22,-1,5,22,3,-1,23,24,25,-1,2,26,0,-1,0,26,23,-1,0,23,27,-1,27,23,25,-1,
        ]
    }
}
Shape{
    appearance Appearance {
        material  Material 	{
            diffuseColor 0.7529411764705882 0.7529411764705882 0.7529411764705882
            specularColor 0.3764705882352941 0.3764705882352941 0.3764705882352941
            ambientIntensity 0.7529
            transparency 0.0
            shininess 0.5
        }
    }
    geometry IndexedFaceSet {
        ccw TRUE
        solid FALSE
        coord DEF co Coordinate {
            point [
                0.1969 -0.1589 0.4913, -0.1969 -0.1589 0.4913, 0.1969 0.0515 0.4493, -0.1969 0.0515 0.4493, 0.1181 0.1287 0.4338, 0.1797 0.0996 0.4396, 0.1891 0.085 0.4426, 0.1356 0.1268 0.4342, 0.1523 0.1211 0.4354, 0.1672 0.1119 0.4372, -0.1797 0.0996 0.4396, -0.1672 0.1119 0.4372, -0.1891 0.085 0.4426, -0.1949 0.0687 0.4458, 0.1949 0.0687 0.4458, -0.1181 0.1287 0.4338, -0.1356 0.1268 0.4342, -0.1523 0.1211 0.4354, 0.5919 0.186 0.4921, 0.3294 -0.1785 0.4921, 0.3333 -0.169 0.4921, 0.689 0.4514 0.4921, 0.689 0.2152 0.4921, 0.5807 0.4514 0.4921, 0.6299 0.2152 0.4921, 0.6197 0.2138 0.4921, 0.6102 0.2099 0.4921, 0.6021 0.2036 0.4921, 0.5919 0.1656 0.4921, 0.5958 0.1561 0.4921, 0.6856 -0.1392 0.4921, 0.6021 0.148 0.4921, 0.6102 0.1417 0.4921, 0.6197 0.1378 0.4921, 0.6299 0.1364 0.4921, 0.6856 0.1364 0.4921, -0.6197 -0.2166 0.4921, -0.6102 -0.2126 0.4921, -0.5807 -0.4541 0.4921, 0.6021 -0.2064 0.4921, 0.5807 -0.4541 0.4921, 0.6102 -0.2126 0.4921, -0.5919 0.186 0.4921, -0.5958 0.1955 0.4921, -0.315 0.3083 0.4921, -0.3055 0.3122 0.4921, 0.3346 -0.1589 0.4921, 0.3346 0.2742 0.4921, 0.5958 0.1955 0.4921, 0.3333 0.2844 0.4921, 0.3294 0.2939 0.4921, 0.3231 0.3021 0.4921, 0.5906 0.1758 0.4921, 0.6021 -0.1507 0.4921, 0.5958 -0.1589 0.4921, -0.3346 -0.1589 0.4921, -0.6102 0.1417 0.4921, -0.6021 0.148 0.4921, -0.5906 0.1758 0.4921, -0.3231 0.3021 0.4921, -0.3294 0.2939 0.4921, 0.6299 -0.1392 0.4921, 0.6197 -0.1405 0.4921, 0.6102 -0.1444 0.4921, 0.5919 -0.1683 0.4921, 0.2953 -0.1982 0.4921, 0.3055 -0.1969 0.4921, 0.689 -0.2179 0.4921, 0.689 -0.4541 0.4921, 0.6299 -0.2179 0.4921, 0.6197 -0.2166 0.4921, -0.6102 -0.1444 0.4921, -0.6197 -0.1405 0.4921, -0.6021 0.2036 0.4921, -0.6102 0.2099 0.4921, -0.5807 0.4514 0.4921, -0.689 0.2152 0.4921, -0.689 0.4514 0.4921, -0.6299 0.2152 0.4921, -0.6197 0.2138 0.4921, 0.3231 -0.1867 0.4921, 0.315 -0.193 0.4921, -0.689 -0.4541 0.4921, -0.689 -0.2179 0.4921, -0.6299 -0.2179 0.4921, -0.5906 -0.1785 0.4921, -0.5919 -0.1683 0.4921, -0.5958 -0.1589 0.4921, -0.6021 -0.1507 0.4921, -0.5958 0.1561 0.4921, -0.5919 0.1656 0.4921, -0.3346 0.2742 0.4921, -0.3333 0.2844 0.4921, 0.315 0.3083 0.4921, 0.3055 0.3122 0.4921, 0.2953 0.3136 0.4921, -0.2953 0.3136 0.4921, -0.3333 -0.169 0.4921, -0.3294 -0.1785 0.4921, -0.5919 -0.1887 0.4921, -0.3231 -0.1867 0.4921, -0.5958 -0.1982 0.4921, -0.315 -0.193 0.4921, -0.3055 -0.1969 0.4921, 0.2362 -0.1982 0.4921, -0.2007 -0.1759 0.4921, -0.2054 -0.1834 0.4921, -0.2117 -0.1896 0.4921, 0.2054 -0.1834 0.4921, 0.2117 -0.1896 0.4921, -0.6856 -0.1392 0.4921, -0.6856 0.1364 0.4921, -0.6299 -0.1392 0.4921, -0.6299 0.1364 0.4921, -0.6197 0.1378 0.4921, 0.5906 -0.1785 0.4921, 0.5919 -0.1887 0.4921, 0.5958 -0.1982 0.4921, 0.2191 -0.1943 0.4921, 0.2275 -0.1972 0.4921, -0.2953 -0.1982 0.4921, -0.6021 -0.2064 0.4921, -0.2362 -0.1982 0.4921, -0.2275 -0.1972 0.4921, -0.2191 -0.1943 0.4921, -0.1969 -0.1589 0.4921, 0.1969 -0.1589 0.4921, -0.1978 -0.1676 0.4921, 0.1978 -0.1676 0.4921, 0.2007 -0.1759 0.4921, 0.1181 0.1364 0.4724, 0.1969 -0.1397 0.5277, 0.1969 0.0592 0.4879, -0.1969 -0.1397 0.5277, -0.1969 0.0592 0.4879, -0.1181 0.1364 0.4724, 0.1949 0.0764 0.4844, 0.1891 0.0927 0.4812, 0.1797 0.1074 0.4783, 0.1672 0.1196 0.4758, 0.1523 0.1288 0.474, 0.1356 0.1345 0.4728, -0.1356 0.1345 0.4728, -0.1891 0.0927 0.4812, -0.1949 0.0764 0.4844, -0.1523 0.1288 0.474, -0.1672 0.1196 0.4758, -0.1797 0.1074 0.4783, -0.1969 -0.1589 0.5305, 0.1969 -0.1589 0.5305, -0.561 -0.5722 0.4724, -0.3346 -0.5722 0.4724, -0.561 -0.5702 0.4877, -0.3346 -0.5721 0.4764, 0.3307 -0.5702 0.4877, 0.3307 -0.5721 0.4764, 0.3346 -0.5721 0.4764, 0.3346 -0.5722 0.4724, 0.561 -0.5722 0.4724, 0.561 -0.5702 0.4877, 0.561 -0.5643 0.502, 0.3307 -0.5643 0.502, 0.561 -0.5549 0.5142, 0.3307 -0.5549 0.5142, -0.3307 -0.5549 0.5142, -0.3307 -0.5533 0.5157, -0.561 -0.5427 0.5236, 0.3307 -0.5533 0.5157, 0.561 -0.5427 0.5236, -0.561 -0.5549 0.5142, -0.561 -0.5643 0.502, -0.3307 -0.5643 0.502, -0.3307 -0.5702 0.4877, -0.3307 -0.5721 0.4764, 0.561 -0.5285 0.5295, -0.561 -0.5285 0.5295, 0.561 -0.5132 0.5315, -0.561 -0.5132 0.5315, 0.561 -0.5722 0.1772, 0.561 -0.5329 0.1772, 0.561 -0.5329 0.315, 0.561 -0.4738 0.4331, 0.561 -0.4738 0.5315, 0.5756 -0.4548 0.4711, 0.5781 -0.4543 0.4721, 0.5756 -0.4548 0.5315, 0.5794 -0.4542 0.4724, 0.5807 -0.4541 0.4724, 0.5807 -0.4541 0.4882, 0.5807 -0.4541 0.5315, 0.5732 -0.4556 0.4694, 0.5709 -0.4568 0.5315, 0.5709 -0.4568 0.4672, 0.5668 -0.4599 0.5315, 0.5668 -0.4599 0.4609, 0.5637 -0.464 0.5315, 0.5637 -0.464 0.4528, 0.5617 -0.4687 0.5315, 0.5617 -0.4687 0.4433, 0.689 -0.4541 0.5315, 0.6299 -0.2179 0.5315, 0.689 -0.2179 0.5315, 0.6299 0.1364 0.5315, 0.6299 -0.1392 0.5315, 0.6443 -0.1392 0.5297, 0.6443 0.1364 0.5297, 0.6578 -0.1392 0.5245, 0.6578 0.1364 0.5245, 0.6697 -0.1392 0.5161, 0.6697 0.1364 0.5161, 0.6791 -0.1392 0.5051, 0.6791 0.1364 0.5051, 0.689 0.2152 0.5315, 0.6299 0.2152 0.5315
            ]
        }
        coordIndex [
            0,1,2,-1,2,1,3,-1,4,5,6,-1,4,7,5,-1,5,7,8,-1,5,8,9,-1,10,11,12,-1,12,11,13,-1,6,14,4,-1,4,14,2,-1,4,2,15,-1,15,2,3,-1,15,3,16,-1,16,3,13,-1,16,13,17,-1,17,13,11,-1,18,19,20,-1,21,22,23,-1,23,22,24,-1,24,25,23,-1,23,25,26,-1,23,26,27,-1,28,29,30,-1,30,29,31,-1,30,31,32,-1,32,33,30,-1,30,33,34,-1,30,34,35,-1,36,37,38,-1,38,39,40,-1,40,39,41,-1,42,43,44,-1,44,43,45,-1,20,46,18,-1,18,46,47,-1,18,47,48,-1,48,47,49,-1,48,49,27,-1,27,49,50,-1,27,50,51,-1,52,53,54,-1,55,56,57,-1,42,44,58,-1,58,44,59,-1,58,59,60,-1,30,61,28,-1,28,61,62,-1,28,62,52,-1,52,62,63,-1,52,63,53,-1,64,65,66,-1,67,68,69,-1,69,68,40,-1,69,40,70,-1,70,40,41,-1,56,71,72,-1,43,73,45,-1,45,73,74,-1,45,74,75,-1,76,77,78,-1,78,77,75,-1,78,75,79,-1,79,75,74,-1,18,52,19,-1,19,52,54,-1,19,54,80,-1,80,54,64,-1,80,64,81,-1,81,64,66,-1,82,83,38,-1,38,83,84,-1,38,84,36,-1,85,86,55,-1,55,86,87,-1,55,87,56,-1,56,87,88,-1,56,88,71,-1,57,89,55,-1,55,89,90,-1,55,90,91,-1,91,90,58,-1,91,58,92,-1,92,58,60,-1,51,93,27,-1,27,93,94,-1,27,94,23,-1,23,94,95,-1,23,95,75,-1,75,95,96,-1,75,96,45,-1,55,97,85,-1,85,97,98,-1,85,98,99,-1,99,98,100,-1,99,100,101,-1,101,100,102,-1,101,102,103,-1,104,65,38,-1,105,104,106,-1,106,104,107,-1,105,108,109,-1,110,111,112,-1,112,111,113,-1,112,113,72,-1,72,113,114,-1,72,114,56,-1,64,115,65,-1,65,115,116,-1,65,116,38,-1,38,116,117,-1,38,117,39,-1,109,118,105,-1,105,118,119,-1,105,119,104,-1,103,120,101,-1,101,120,38,-1,101,38,121,-1,121,38,37,-1,120,122,38,-1,38,122,123,-1,38,123,104,-1,104,123,124,-1,104,124,107,-1,125,126,127,-1,127,126,128,-1,127,128,105,-1,105,128,129,-1,105,129,108,-1,130,131,132,-1,133,131,134,-1,134,131,130,-1,134,130,135,-1,132,136,130,-1,130,136,137,-1,130,137,138,-1,138,139,130,-1,130,139,140,-1,130,140,141,-1,142,143,135,-1,135,143,144,-1,135,144,134,-1,145,146,142,-1,142,146,147,-1,142,147,143,-1,3,1,134,-1,134,1,125,-1,134,125,133,-1,133,125,148,-1,131,149,126,-1,0,2,126,-1,126,2,132,-1,126,132,131,-1,150,151,152,-1,152,151,153,-1,154,155,156,-1,157,158,156,-1,156,158,159,-1,156,159,154,-1,154,159,160,-1,154,160,161,-1,161,160,162,-1,161,162,163,-1,164,165,166,-1,163,162,167,-1,167,162,168,-1,167,168,165,-1,166,169,164,-1,164,169,170,-1,164,170,171,-1,171,170,152,-1,171,152,172,-1,172,152,153,-1,172,153,173,-1,165,168,166,-1,166,168,174,-1,166,174,175,-1,175,174,176,-1,175,176,177,-1,178,179,180,-1,181,182,180,-1,180,182,176,-1,180,176,174,-1,174,168,180,-1,180,168,162,-1,180,162,160,-1,160,159,180,-1,180,159,158,-1,180,158,178,-1,183,184,185,-1,185,184,186,-1,186,187,188,-1,186,188,185,-1,185,188,40,-1,185,40,189,-1,183,185,190,-1,190,185,191,-1,190,191,192,-1,192,191,193,-1,192,193,194,-1,194,193,195,-1,194,195,196,-1,196,195,197,-1,196,197,198,-1,198,197,182,-1,198,182,181,-1,68,199,40,-1,40,199,189,-1,200,201,69,-1,69,201,67,-1,202,203,204,-1,202,204,205,-1,205,204,206,-1,205,206,207,-1,207,206,208,-1,207,208,209,-1,209,208,210,-1,209,210,211,-1,211,210,30,-1,211,30,35,-1,212,213,22,-1,22,213,24,-1,201,199,67,-1,67,199,68,-1,
        ]
    }
}
Shape{
    appearance Appearance {
        material  Material 	{
            diffuseColor 0.25098039215686274 0.25098039215686274 0.25098039215686274
            specularColor 0.12549019607843137 0.12549019607843137 0.12549019607843137
            ambientIntensity 0.251
            transparency 0.0
            shininess 0.5
        }
    }
    geometry IndexedFaceSet {
        ccw TRUE
        solid FALSE
        coord DEF co Coordinate {
            point [
                0.689 0.4514 0.4724, 0.5807 0.4514 0.4724, 0.689 0.4514 0.4882, 0.5807 0.4514 0.4882
            ]
        }
        coordIndex [
            0,1,2,-1,2,1,3,-1,
        ]
    }
}
Shape{
    appearance Appearance {
        material  Material 	{
            diffuseColor 0.7529411764705882 0.7529411764705882 0.7529411764705882
            specularColor 0.3764705882352941 0.3764705882352941 0.3764705882352941
            ambientIntensity 0.7529
            transparency 0.0
            shininess 0.5
        }
    }
    geometry IndexedFaceSet {
        ccw TRUE
        solid FALSE
        coord DEF co Coordinate {
            point [
                0.5742 0.4525 0.4702, 0.5722 0.4533 0.4685, 0.5722 0.4533 0.5315, 0.5684 0.4557 0.4639, 0.5684 0.4557 0.5315, 0.5653 0.4588 0.4576, 0.5653 0.4588 0.5315, 0.563 0.4625 0.4502, 0.563 0.4625 0.5315, 0.562 0.4668 0.4416, 0.5615 0.4667 0.5315, 0.561 0.4711 0.4331, 0.561 0.4711 0.5315, 0.5807 0.4514 0.4882, 0.5807 0.4514 0.4724, 0.5785 0.4515 0.4722, 0.5763 0.4519 0.5315, 0.5807 0.4514 0.5315, 0.5807 0.4514 0.4921, 0.5763 0.4519 0.4715, 0.561 0.5301 0.1772, 0.561 0.5695 0.1772, 0.561 0.5301 0.315, 0.561 0.5695 0.4724, 0.561 0.5675 0.4877, 0.561 0.5616 0.502, 0.561 0.5522 0.5142, 0.561 0.54 0.5236, 0.561 0.5104 0.5315, 0.561 0.5257 0.5295, -0.561 0.5104 0.5315, -0.561 0.5257 0.5295, -0.561 0.54 0.5236, -0.561 0.5522 0.5142, -0.561 0.5616 0.502, -0.561 0.5675 0.4877, -0.561 0.5695 0.4724, -0.561 0.5695 0.1772, -0.561 0.5301 0.1772, -0.561 0.5301 0.315, -0.561 0.4711 0.4331, -0.561 0.4711 0.5315, -0.5763 0.4519 0.5315, -0.5763 0.4519 0.4715, -0.5785 0.4515 0.4722, -0.5807 0.4514 0.4724, -0.5807 0.4514 0.4882, -0.5807 0.4514 0.4921, -0.5807 0.4514 0.5315, -0.5742 0.4525 0.4702, -0.5722 0.4533 0.5315, -0.5722 0.4533 0.4685, -0.5684 0.4557 0.5315, -0.5684 0.4557 0.4639, -0.5653 0.4588 0.5315, -0.5653 0.4588 0.4576, -0.563 0.4625 0.5315, -0.5634 0.4627 0.4497, -0.5615 0.4667 0.5315, -0.5615 0.4667 0.4418
            ]
        }
        coordIndex [
            0,1,2,-1,2,1,3,-1,2,3,4,-1,4,3,5,-1,4,5,6,-1,6,5,7,-1,6,7,8,-1,8,7,9,-1,8,9,10,-1,10,9,11,-1,10,11,12,-1,13,14,15,-1,16,17,18,-1,0,2,19,-1,19,2,16,-1,19,16,15,-1,15,16,18,-1,15,18,13,-1,20,21,22,-1,22,21,23,-1,22,23,24,-1,24,25,22,-1,22,25,26,-1,22,26,27,-1,12,11,28,-1,28,11,22,-1,28,22,29,-1,29,22,27,-1,30,28,29,-1,30,29,31,-1,31,29,27,-1,31,27,32,-1,32,27,26,-1,32,26,33,-1,33,26,25,-1,33,25,34,-1,34,25,24,-1,34,24,35,-1,35,24,23,-1,35,23,36,-1,37,38,39,-1,40,41,39,-1,39,41,30,-1,39,30,31,-1,31,32,39,-1,39,32,33,-1,39,33,34,-1,34,35,39,-1,39,35,36,-1,39,36,37,-1,42,43,44,-1,45,46,44,-1,44,46,47,-1,44,47,42,-1,42,47,48,-1,43,42,49,-1,49,42,50,-1,49,50,51,-1,51,50,52,-1,51,52,53,-1,53,52,54,-1,53,54,55,-1,55,54,56,-1,55,56,57,-1,57,56,58,-1,57,58,59,-1,59,58,41,-1,59,41,40,-1,
        ]
    }
}
Shape{
    appearance Appearance {
        material  Material 	{
            diffuseColor 0.25098039215686274 0.25098039215686274 0.25098039215686274
            specularColor 0.12549019607843137 0.12549019607843137 0.12549019607843137
            ambientIntensity 0.251
            transparency 0.0
            shininess 0.5
        }
    }
    geometry IndexedFaceSet {
        ccw TRUE
        solid FALSE
        coord DEF co Coordinate {
            point [
                -0.5807 0.4514 0.4724, -0.689 0.4514 0.4724, -0.5807 0.4514 0.4882, -0.689 0.4514 0.4882
            ]
        }
        coordIndex [
            0,1,2,-1,2,1,3,-1,
        ]
    }
}
Shape{
    appearance Appearance {
        material  Material 	{
            diffuseColor 0.7529411764705882 0.7529411764705882 0.7529411764705882
            specularColor 0.3764705882352941 0.3764705882352941 0.3764705882352941
            ambientIntensity 0.7529
            transparency 0.0
            shininess 0.5
        }
    }
    geometry IndexedFaceSet {
        ccw TRUE
        solid FALSE
        coord DEF co Coordinate {
            point [
                -0.6299 0.2152 0.4921, -0.6299 0.2152 0.5315, -0.689 0.2152 0.4921, -0.689 0.2152 0.5315, -0.6197 0.2138 0.5315, -0.6197 0.2138 0.4921, -0.6102 0.2099 0.5315, -0.6102 0.2099 0.4921, -0.6021 0.2036 0.5315, -0.6021 0.2036 0.4921, -0.5958 0.1955 0.5315, -0.5958 0.1955 0.4921, -0.5919 0.186 0.5315, -0.5919 0.186 0.4921, -0.5906 0.1758 0.5315, -0.5906 0.1758 0.4921, -0.5919 0.1656 0.5315, -0.5919 0.1656 0.4921, -0.5958 0.1561 0.5315, -0.5958 0.1561 0.4921, -0.6021 0.148 0.5315, -0.6021 0.148 0.4921, -0.6102 0.1417 0.5315, -0.6102 0.1417 0.4921, -0.6197 0.1378 0.5315, -0.6197 0.1378 0.4921, -0.6299 0.1364 0.5315, -0.6299 0.1364 0.4921, -0.6299 -0.1392 0.5315, -0.6443 0.1364 0.5297, -0.6443 -0.1392 0.5297, -0.6578 0.1364 0.5245, -0.6578 -0.1392 0.5245, -0.6697 0.1364 0.5161, -0.6697 -0.1392 0.5161, -0.6791 0.1364 0.5051, -0.6791 -0.1392 0.5051, -0.6856 0.1364 0.4921, -0.6856 -0.1392 0.4921, -0.6299 -0.1392 0.4921, -0.6197 -0.1405 0.5315, -0.6197 -0.1405 0.4921, -0.6102 -0.1444 0.5315, -0.6102 -0.1444 0.4921, -0.6021 -0.1507 0.5315, -0.6021 -0.1507 0.4921, -0.5958 -0.1589 0.5315, -0.5958 -0.1589 0.4921, -0.5919 -0.1683 0.5315, -0.5919 -0.1683 0.4921, -0.5906 -0.1785 0.5315, -0.5906 -0.1785 0.4921, -0.5919 -0.1887 0.5315, -0.5919 -0.1887 0.4921, -0.5958 -0.1982 0.5315, -0.5958 -0.1982 0.4921, -0.6021 -0.2064 0.5315, -0.6021 -0.2064 0.4921, -0.6102 -0.2126 0.5315, -0.6102 -0.2126 0.4921, -0.6197 -0.2166 0.5315, -0.6197 -0.2166 0.4921, -0.6299 -0.2179 0.5315, -0.6299 -0.2179 0.4921, -0.689 -0.2179 0.4921, -0.689 -0.2179 0.5315, -0.689 -0.4541 0.5315, -0.689 -0.4541 0.4921, -0.5807 -0.4541 0.4921, -0.5807 -0.4541 0.5315, -0.561 -0.4738 0.4331, -0.561 -0.4738 0.5315, -0.5617 -0.4687 0.5315, -0.5617 -0.4687 0.4433, -0.5637 -0.464 0.5315, -0.5637 -0.464 0.4528, -0.5668 -0.4599 0.5315, -0.5668 -0.4599 0.4609, -0.5709 -0.4568 0.5315, -0.5709 -0.4568 0.4672, -0.5794 -0.4542 0.4724, -0.5781 -0.4543 0.4721, -0.5756 -0.4548 0.5315, -0.5756 -0.4548 0.4711, -0.5732 -0.4556 0.4694, -0.5807 -0.4541 0.4724, -0.5807 -0.4541 0.4882, -0.561 -0.5329 0.1772, -0.561 -0.5722 0.1772, -0.561 -0.5329 0.315, -0.561 -0.5722 0.4724, -0.561 -0.5702 0.4877, -0.561 -0.5643 0.502, -0.561 -0.5549 0.5142, -0.561 -0.5427 0.5236, -0.561 -0.5132 0.5315, -0.561 -0.5285 0.5295, -0.2007 -0.1759 0.4921, -0.1978 -0.1676 0.5312, -0.1978 -0.1676 0.4921, -0.1969 -0.1589 0.5305, -0.1969 -0.1589 0.4921, -0.2054 -0.1834 0.4921, -0.202 -0.1783 0.5315, -0.2007 -0.1759 0.5315, -0.2362 -0.1982 0.4921, -0.2362 -0.1982 0.5315, -0.2275 -0.1972 0.4921, -0.2275 -0.1972 0.5315, -0.2191 -0.1943 0.4921, -0.2191 -0.1943 0.5315, -0.2117 -0.1896 0.4921, -0.2117 -0.1896 0.5315, -0.2054 -0.1834 0.5315, -0.2953 -0.1982 0.5315, -0.2953 -0.1982 0.4921, -0.3055 -0.1969 0.5315, -0.3055 -0.1969 0.4921, -0.315 -0.193 0.5315, -0.315 -0.193 0.4921, -0.3231 -0.1867 0.5315, -0.3231 -0.1867 0.4921, -0.3294 -0.1785 0.5315, -0.3294 -0.1785 0.4921, -0.3333 -0.169 0.5315, -0.3333 -0.169 0.4921, -0.3346 -0.1589 0.5315, -0.3346 -0.1589 0.4921
            ]
        }
        coordIndex [
            0,1,2,-1,2,1,3,-1,1,0,4,-1,4,0,5,-1,4,5,6,-1,6,5,7,-1,6,7,8,-1,8,7,9,-1,8,9,10,-1,10,9,11,-1,10,11,12,-1,12,11,13,-1,12,13,14,-1,14,13,15,-1,14,15,16,-1,16,15,17,-1,16,17,18,-1,18,17,19,-1,18,19,20,-1,20,19,21,-1,20,21,22,-1,22,21,23,-1,22,23,24,-1,24,23,25,-1,24,25,26,-1,26,25,27,-1,28,26,29,-1,28,29,30,-1,30,29,31,-1,30,31,32,-1,32,31,33,-1,32,33,34,-1,34,33,35,-1,34,35,36,-1,36,35,37,-1,36,37,38,-1,28,39,40,-1,40,39,41,-1,40,41,42,-1,42,41,43,-1,42,43,44,-1,44,43,45,-1,44,45,46,-1,46,45,47,-1,46,47,48,-1,48,47,49,-1,48,49,50,-1,50,49,51,-1,50,51,52,-1,52,51,53,-1,52,53,54,-1,54,53,55,-1,54,55,56,-1,56,55,57,-1,56,57,58,-1,58,57,59,-1,58,59,60,-1,60,59,61,-1,60,61,62,-1,62,61,63,-1,64,65,63,-1,63,65,62,-1,66,65,67,-1,67,65,64,-1,68,69,67,-1,67,69,66,-1,70,71,72,-1,70,72,73,-1,73,72,74,-1,73,74,75,-1,75,74,76,-1,75,76,77,-1,77,76,78,-1,77,78,79,-1,80,81,82,-1,82,81,83,-1,82,83,78,-1,78,83,84,-1,78,84,79,-1,85,80,86,-1,86,80,82,-1,86,82,68,-1,68,82,69,-1,87,88,89,-1,89,88,90,-1,89,90,91,-1,91,92,89,-1,89,92,93,-1,89,93,94,-1,71,70,95,-1,95,70,89,-1,95,89,96,-1,96,89,94,-1,97,98,99,-1,99,98,100,-1,99,100,101,-1,102,103,97,-1,97,103,104,-1,97,104,98,-1,105,106,107,-1,107,106,108,-1,107,108,109,-1,109,108,110,-1,109,110,111,-1,111,110,112,-1,111,112,102,-1,102,112,113,-1,102,113,103,-1,114,115,116,-1,116,115,117,-1,116,117,118,-1,118,117,119,-1,118,119,120,-1,120,119,121,-1,120,121,122,-1,122,121,123,-1,122,123,124,-1,124,123,125,-1,124,125,126,-1,126,125,127,-1,
        ]
    }
}
Shape{
    appearance Appearance {
        material  Material 	{
            diffuseColor 0.25098039215686274 0.25098039215686274 0.25098039215686274
            specularColor 0.12549019607843137 0.12549019607843137 0.12549019607843137
            ambientIntensity 0.251
            transparency 0.0
            shininess 0.5
        }
    }
    geometry IndexedFaceSet {
        ccw TRUE
        solid FALSE
        coord DEF co Coordinate {
            point [
                -0.3346 -0.1589 0.4134, -0.3346 0.2742 0.4134, -0.3346 -0.1589 0.4882, -0.3346 0.2742 0.4882, -0.3333 0.2844 0.4882, -0.3333 0.2844 0.4134, -0.3294 0.2939 0.4882, -0.3294 0.2939 0.4134, -0.3231 0.3021 0.4882, -0.3231 0.3021 0.4134, -0.315 0.3083 0.4882, -0.315 0.3083 0.4134, -0.3055 0.3122 0.4882, -0.3055 0.3122 0.4134, -0.2953 0.3136 0.4882, -0.2953 0.3136 0.4134, 0.2953 0.3136 0.4882, 0.2953 0.3136 0.4134, 0.3055 0.3122 0.4882, 0.3055 0.3122 0.4134, 0.315 0.3083 0.4882, 0.315 0.3083 0.4134, 0.3231 0.3021 0.4882, 0.3231 0.3021 0.4134, 0.3294 0.2939 0.4882, 0.3294 0.2939 0.4134, 0.3333 0.2844 0.4882, 0.3333 0.2844 0.4134, 0.3346 0.2742 0.4882, 0.3346 0.2742 0.4134
            ]
        }
        coordIndex [
            0,1,2,-1,2,1,3,-1,3,1,4,-1,4,1,5,-1,4,5,6,-1,6,5,7,-1,6,7,8,-1,8,7,9,-1,8,9,10,-1,10,9,11,-1,10,11,12,-1,12,11,13,-1,12,13,14,-1,14,13,15,-1,14,15,16,-1,16,15,17,-1,16,17,18,-1,18,17,19,-1,18,19,20,-1,20,19,21,-1,20,21,22,-1,22,21,23,-1,22,23,24,-1,24,23,25,-1,24,25,26,-1,26,25,27,-1,26,27,28,-1,28,27,29,-1,
        ]
    }
}
Shape{
    appearance Appearance {
        material  Material 	{
            diffuseColor 0.7529411764705882 0.7529411764705882 0.7529411764705882
            specularColor 0.3764705882352941 0.3764705882352941 0.3764705882352941
            ambientIntensity 0.7529
            transparency 0.0
            shininess 0.5
        }
    }
    geometry IndexedFaceSet {
        ccw TRUE
        solid FALSE
        coord DEF co Coordinate {
            point [
                0.3346 -0.1589 0.5315, 0.3346 -0.1589 0.4921, 0.3333 -0.169 0.5315, 0.3333 -0.169 0.4921, 0.3294 -0.1785 0.5315, 0.3294 -0.1785 0.4921, 0.3231 -0.1867 0.5315, 0.3231 -0.1867 0.4921, 0.315 -0.193 0.5315, 0.315 -0.193 0.4921, 0.3055 -0.1969 0.5315, 0.3055 -0.1969 0.4921, 0.2953 -0.1982 0.5315, 0.2953 -0.1982 0.4921, 0.2362 -0.1982 0.5315, 0.2362 -0.1982 0.4921, 0.2275 -0.1972 0.5315, 0.2275 -0.1972 0.4921, 0.2191 -0.1943 0.5315, 0.2191 -0.1943 0.4921, 0.2117 -0.1896 0.5315, 0.2117 -0.1896 0.4921, 0.2054 -0.1834 0.5315, 0.2054 -0.1834 0.4921, 0.202 -0.1783 0.5315, 0.2007 -0.1759 0.4921, 0.2007 -0.1759 0.5315, 0.1978 -0.1676 0.4921, 0.1978 -0.1676 0.5312, 0.1969 -0.1589 0.4921, 0.1969 -0.1589 0.5305, 0.1969 -0.1397 0.5277, -0.1969 -0.1397 0.5277, -0.1978 -0.1676 0.5312, -0.1969 -0.1589 0.5305, -0.2007 -0.1759 0.5315, -0.202 -0.1783 0.5315, -0.561 -0.5132 0.5315, -0.2362 -0.1982 0.5315, -0.561 -0.4738 0.5315, -0.5617 -0.4687 0.5315, -0.6102 -0.1444 0.5315, -0.6021 -0.1507 0.5315, -0.6197 0.1378 0.5315, -0.5637 -0.464 0.5315, -0.2953 -0.1982 0.5315, -0.5668 -0.4599 0.5315, -0.2191 -0.1943 0.5315, -0.2275 -0.1972 0.5315, 0.5617 -0.4687 0.5315, 0.561 -0.4738 0.5315, 0.561 -0.5132 0.5315, -0.3333 -0.169 0.5315, -0.3346 -0.1589 0.5315, -0.5756 -0.4548 0.5315, -0.3346 0.2742 0.5315, -0.3333 0.2844 0.5315, 0.3333 0.2844 0.5315, 0.3346 0.2742 0.5315, 0.5756 -0.4548 0.5315, 0.5709 -0.4568 0.5315, -0.5958 -0.1589 0.5315, -0.5919 -0.1683 0.5315, -0.5906 -0.1785 0.5315, 0.5637 -0.464 0.5315, 0.6102 -0.2126 0.5315, 0.6021 -0.2064 0.5315, -0.6299 0.1364 0.5315, -0.6299 -0.1392 0.5315, -0.6197 -0.1405 0.5315, -0.2054 -0.1834 0.5315, -0.2117 -0.1896 0.5315, 0.5668 -0.4599 0.5315, 0.5958 -0.1589 0.5315, 0.6021 -0.1507 0.5315, 0.689 0.2152 0.5315, 0.689 0.4514 0.5315, 0.6299 0.2152 0.5315, 0.5807 0.4514 0.5315, 0.6197 0.2138 0.5315, 0.5763 0.4519 0.5315, 0.5722 0.4533 0.5315, 0.5684 0.4557 0.5315, 0.5653 0.4588 0.5315, -0.3055 -0.1969 0.5315, -0.315 -0.193 0.5315, -0.5709 -0.4568 0.5315, -0.3231 -0.1867 0.5315, -0.3294 -0.1785 0.5315, -0.5615 0.4667 0.5315, -0.6102 0.2099 0.5315, -0.6021 0.2036 0.5315, -0.5919 -0.1887 0.5315, -0.689 -0.2179 0.5315, -0.689 -0.4541 0.5315, -0.6299 -0.2179 0.5315, -0.5807 -0.4541 0.5315, -0.6197 -0.2166 0.5315, -0.6102 -0.2126 0.5315, 0.689 -0.4541 0.5315, 0.689 -0.2179 0.5315, 0.5807 -0.4541 0.5315, 0.6299 -0.2179 0.5315, 0.6197 -0.2166 0.5315, 0.5919 -0.1683 0.5315, 0.3294 0.2939 0.5315, 0.6102 0.1417 0.5315, 0.3231 0.3021 0.5315, 0.6021 0.148 0.5315, 0.315 0.3083 0.5315, -0.5958 -0.1982 0.5315, -0.6021 -0.2064 0.5315, 0.5958 -0.1982 0.5315, 0.5919 -0.1887 0.5315, 0.5906 -0.1785 0.5315, 0.561 0.4711 0.5315, 0.561 0.5104 0.5315, 0.3055 0.3122 0.5315, 0.6299 -0.1392 0.5315, 0.6299 0.1364 0.5315, 0.6197 -0.1405 0.5315, 0.6197 0.1378 0.5315, 0.6102 -0.1444 0.5315, -0.315 0.3083 0.5315, -0.561 0.5104 0.5315, -0.3231 0.3021 0.5315, -0.561 0.4711 0.5315, 0.5958 0.1561 0.5315, 0.5919 0.1656 0.5315, 0.5906 0.1758 0.5315, 0.5615 0.4667 0.5315, -0.6197 0.2138 0.5315, -0.563 0.4625 0.5315, -0.5653 0.4588 0.5315, -0.5763 0.4519 0.5315, -0.6299 0.2152 0.5315, -0.5807 0.4514 0.5315, -0.689 0.2152 0.5315, -0.689 0.4514 0.5315, -0.5906 0.1758 0.5315, -0.5919 0.1656 0.5315, -0.5958 0.1561 0.5315, -0.6021 0.148 0.5315, -0.6102 0.1417 0.5315, -0.3055 0.3122 0.5315, -0.2953 0.3136 0.5315, 0.2953 0.3136 0.5315, -0.5684 0.4557 0.5315, -0.5722 0.4533 0.5315, -0.3294 0.2939 0.5315, -0.5958 0.1955 0.5315, -0.5919 0.186 0.5315, 0.563 0.4625 0.5315, 0.6102 0.2099 0.5315, 0.5919 0.186 0.5315, 0.5958 0.1955 0.5315, 0.6021 0.2036 0.5315
            ]
        }
        coordIndex [
            0,1,2,-1,2,1,3,-1,2,3,4,-1,4,3,5,-1,4,5,6,-1,6,5,7,-1,6,7,8,-1,8,7,9,-1,8,9,10,-1,10,9,11,-1,10,11,12,-1,12,11,13,-1,14,15,16,-1,16,15,17,-1,16,17,18,-1,18,17,19,-1,18,19,20,-1,20,19,21,-1,20,21,22,-1,22,21,23,-1,22,23,24,-1,24,23,25,-1,24,25,26,-1,26,25,27,-1,26,27,28,-1,28,27,29,-1,28,29,30,-1,30,31,32,-1,26,28,33,-1,33,28,30,-1,33,30,34,-1,34,30,32,-1,26,33,24,-1,24,33,35,-1,24,35,36,-1,37,38,39,-1,39,38,40,-1,41,42,43,-1,40,38,44,-1,44,38,45,-1,44,45,46,-1,47,48,49,-1,49,48,38,-1,49,38,50,-1,50,38,37,-1,50,37,51,-1,52,53,54,-1,54,53,55,-1,54,55,56,-1,57,58,59,-1,59,58,0,-1,59,0,2,-1,2,4,59,-1,59,4,6,-1,59,6,60,-1,42,61,43,-1,43,61,62,-1,43,62,63,-1,16,64,14,-1,14,64,12,-1,65,66,59,-1,67,68,43,-1,43,68,69,-1,43,69,41,-1,64,70,49,-1,49,70,71,-1,49,71,47,-1,60,6,72,-1,72,6,8,-1,72,8,64,-1,64,8,10,-1,64,10,12,-1,73,74,57,-1,75,76,77,-1,77,76,78,-1,77,78,79,-1,79,78,80,-1,80,81,79,-1,79,81,82,-1,79,82,83,-1,45,84,46,-1,46,84,85,-1,46,85,86,-1,86,85,87,-1,86,87,54,-1,54,87,88,-1,54,88,52,-1,24,36,22,-1,22,36,70,-1,22,70,20,-1,20,70,64,-1,20,64,18,-1,18,64,16,-1,89,90,91,-1,63,92,54,-1,93,94,95,-1,95,94,96,-1,95,96,97,-1,97,96,54,-1,97,54,98,-1,99,100,101,-1,101,100,102,-1,101,102,59,-1,59,102,103,-1,59,103,65,-1,73,57,104,-1,105,106,107,-1,107,106,108,-1,107,108,109,-1,92,110,54,-1,54,110,111,-1,54,111,98,-1,66,112,59,-1,59,112,113,-1,59,113,57,-1,57,113,114,-1,57,114,104,-1,115,116,117,-1,118,119,120,-1,120,119,121,-1,105,57,106,-1,106,57,74,-1,106,74,121,-1,121,74,122,-1,121,122,120,-1,123,124,125,-1,125,124,126,-1,108,127,109,-1,109,127,128,-1,109,128,129,-1,115,117,130,-1,90,89,131,-1,131,89,132,-1,131,132,133,-1,131,134,135,-1,135,134,136,-1,135,136,137,-1,137,136,138,-1,139,140,56,-1,56,140,141,-1,56,141,54,-1,54,141,142,-1,54,142,63,-1,63,142,143,-1,63,143,43,-1,123,144,124,-1,124,144,145,-1,124,145,116,-1,116,145,146,-1,116,146,117,-1,133,147,131,-1,131,147,148,-1,131,148,134,-1,126,89,125,-1,125,89,91,-1,125,91,149,-1,149,91,150,-1,149,150,56,-1,56,150,151,-1,56,151,139,-1,83,152,79,-1,79,152,130,-1,79,130,153,-1,153,130,117,-1,129,154,109,-1,109,154,155,-1,109,155,117,-1,117,155,156,-1,117,156,153,-1,
        ]
    }
}
Shape{
    appearance Appearance {
        material  Material 	{
            diffuseColor 0.25098039215686274 0.25098039215686274 0.25098039215686274
            specularColor 0.12549019607843137 0.12549019607843137 0.12549019607843137
            ambientIntensity 0.251
            transparency 0.0
            shininess 0.5
        }
    }
    geometry IndexedFaceSet {
        ccw TRUE
        solid FALSE
        coord DEF co Coordinate {
            point [
                0.1969 -0.1589 0.4921, -0.1969 -0.1589 0.4921, 0.1969 -0.1589 0.4913, -0.1969 -0.1589 0.4913, -0.5807 -0.4541 0.4921, 0.5807 -0.4541 0.4921, -0.5807 -0.4541 0.4882, 0.5807 -0.4541 0.4882, 0.689 -0.4541 0.4882, 0.689 -0.1589 0.4882, 0.6496 -0.1589 0.4882, 0.3231 -0.1867 0.4882, 0.315 -0.193 0.4882, -0.6496 0.1364 0.4882, -0.6868 0.1364 0.4882, -0.6868 -0.1392 0.4882, 0.6868 -0.1392 0.4882, 0.6868 0.1364 0.4882, 0.6496 -0.1392 0.4882, 0.6496 0.1364 0.4882, -0.689 0.4514 0.4882, -0.689 0.1561 0.4882, -0.6496 0.1561 0.4882, 0.6496 0.1561 0.4882, 0.315 0.3083 0.4882, 0.3231 0.3021 0.4882, -0.5807 0.4514 0.4882, -0.3055 -0.1969 0.4882, -0.315 -0.193 0.4882, -0.6496 -0.1589 0.4882, 0.2953 0.3136 0.4882, 0.5807 0.4514 0.4882, -0.2953 0.3136 0.4882, 0.3055 0.3122 0.4882, 0.689 0.4514 0.4882, 0.689 0.1561 0.4882, -0.3346 0.2742 0.4882, -0.6496 -0.1392 0.4882, -0.3346 -0.1589 0.4882, -0.3333 -0.169 0.4882, 0.3346 0.2742 0.4882, 0.3346 -0.1589 0.4882, 0.3333 -0.169 0.4882, 0.3294 -0.1785 0.4882, 0.3294 0.2939 0.4882, 0.3333 0.2844 0.4882, -0.3333 0.2844 0.4882, -0.3294 0.2939 0.4882, -0.3231 0.3021 0.4882, -0.315 0.3083 0.4882, -0.3055 0.3122 0.4882, 0.3055 -0.1969 0.4882, 0.2953 -0.1982 0.4882, -0.2953 -0.1982 0.4882, -0.3231 -0.1867 0.4882, -0.3294 -0.1785 0.4882, -0.689 -0.1589 0.4882, -0.689 -0.4541 0.4882, -0.5807 0.4514 0.4921, 0.5807 0.4514 0.4921
            ]
        }
        coordIndex [
            0,1,2,-1,2,1,3,-1,4,5,6,-1,6,5,7,-1,8,9,7,-1,7,9,10,-1,11,12,7,-1,13,14,15,-1,16,17,18,-1,18,17,19,-1,20,21,22,-1,23,24,25,-1,20,22,26,-1,27,28,29,-1,30,31,32,-1,32,31,26,-1,30,33,31,-1,31,33,24,-1,31,24,34,-1,34,24,23,-1,34,23,35,-1,36,37,38,-1,38,37,29,-1,38,29,39,-1,40,41,10,-1,10,41,42,-1,10,42,7,-1,7,42,43,-1,7,43,11,-1,25,44,23,-1,23,44,45,-1,23,45,19,-1,19,45,40,-1,19,40,18,-1,18,40,10,-1,15,37,13,-1,13,37,36,-1,13,36,22,-1,22,36,46,-1,22,46,47,-1,47,48,22,-1,22,48,49,-1,22,49,26,-1,26,49,50,-1,26,50,32,-1,12,51,7,-1,7,51,52,-1,7,52,53,-1,28,54,29,-1,29,54,55,-1,29,55,39,-1,53,27,7,-1,7,27,29,-1,7,29,6,-1,6,29,56,-1,6,56,57,-1,26,31,58,-1,58,31,59,-1,
        ]
    }
}
Shape{
    appearance Appearance {
        material  Material 	{
            diffuseColor 0.7529411764705882 0.7529411764705882 0.7529411764705882
            specularColor 0.3764705882352941 0.3764705882352941 0.3764705882352941
            ambientIntensity 0.7529
            transparency 0.0
            shininess 0.5
        }
    }
    geometry IndexedFaceSet {
        ccw TRUE
        solid FALSE
        coord DEF co Coordinate {
            point [
                -0.7581 -0.4148 0.0164, -0.7581 -0.1707 0.0164, -0.7536 -0.1707 0.0083, -0.7536 -0.4148 0.0083, -0.7473 -0.1707 0.0015, -0.7473 -0.4148 0.0015, -0.7396 -0.1707 -0.0036, -0.7396 -0.4148 -0.0036, -0.731 -0.1707 -0.0068, -0.731 -0.4148 -0.0068, -0.7218 -0.1707 -0.0079, -0.7218 -0.4148 -0.0079, -0.5512 -0.4148 -0.0079, -0.5512 -0.1707 -0.0079, -0.5512 -0.4148 0.0, -0.5512 -0.1707 0.0, -0.7218 -0.1707 0.0315, -0.7218 -0.4148 0.0315, -0.689 -0.1707 0.0315, -0.689 -0.4148 0.0315, -0.5906 -0.4148 0.0, -0.5906 -0.4148 0.0197, -0.689 -0.4148 0.0197, -0.8101 -0.4148 0.2435, -0.8465 -0.4148 0.2283, -0.7581 0.1679 0.0164, -0.7581 0.412 0.0164, -0.7536 0.412 0.0083, -0.7536 0.1679 0.0083, -0.7473 0.412 0.0015, -0.7473 0.1679 0.0015, -0.7396 0.412 -0.0036, -0.7396 0.1679 -0.0036, -0.731 0.412 -0.0068, -0.731 0.1679 -0.0068, -0.7218 0.412 -0.0079, -0.7218 0.1679 -0.0079, -0.5512 0.1679 -0.0079, -0.5512 0.412 -0.0079, -0.5512 0.1679 0.0, -0.5512 0.412 0.0, -0.7218 0.412 0.0315, -0.7218 0.1679 0.0315, -0.689 0.412 0.0315, -0.689 0.1679 0.0315, -0.689 0.412 0.0197, -0.5906 0.412 0.0197, -0.5906 0.412 0.0, -0.8465 0.412 0.2283, -0.8101 0.412 0.2435, 0.689 -0.4148 0.0315, 0.7218 -0.4148 0.0315, 0.689 -0.1707 0.0315, 0.7218 -0.1707 0.0315, 0.5512 -0.1707 -0.0079, 0.5512 -0.4148 -0.0079, 0.5512 -0.1707 0.0, 0.5512 -0.4148 0.0, 0.7218 -0.4148 -0.0079, 0.7218 -0.1707 -0.0079, 0.731 -0.1707 -0.0068, 0.731 -0.4148 -0.0068, 0.7396 -0.1707 -0.0036, 0.7396 -0.4148 -0.0036, 0.7473 -0.1707 0.0015, 0.7473 -0.4148 0.0015, 0.7536 -0.1707 0.0083, 0.7536 -0.4148 0.0083, 0.7581 -0.1707 0.0164, 0.7581 -0.4148 0.0164, 0.5906 -0.4148 0.0, 0.5906 -0.4148 0.0197, 0.8465 -0.4148 0.2283, 0.8101 -0.4148 0.2435, 0.689 -0.4148 0.0197, 0.689 0.1679 0.0315, 0.7218 0.1679 0.0315, 0.689 0.412 0.0315, 0.7218 0.412 0.0315, 0.5512 0.412 -0.0079, 0.5512 0.1679 -0.0079, 0.5512 0.412 0.0, 0.5512 0.1679 0.0, 0.7218 0.1679 -0.0079, 0.7218 0.412 -0.0079, 0.731 0.412 -0.0068, 0.731 0.1679 -0.0068, 0.7396 0.412 -0.0036, 0.7396 0.1679 -0.0036, 0.7473 0.412 0.0015, 0.7473 0.1679 0.0015, 0.7536 0.412 0.0083, 0.7536 0.1679 0.0083, 0.7581 0.412 0.0164, 0.7581 0.1679 0.0164, 0.5906 0.412 0.0, 0.5906 0.412 0.0197, 0.689 0.412 0.0197, 0.8101 0.412 0.2435, 0.8465 0.412 0.2283, 0.8206 0.2202 0.1662, 0.7779 0.2202 0.1662, 0.8206 0.1679 0.1662, 0.7779 0.1679 0.1662, 0.8465 0.2202 0.2283, 0.8101 0.2202 0.2435, 0.8206 -0.1707 0.1662, 0.7779 -0.1707 0.1662, 0.8206 -0.2229 0.1662, 0.7779 -0.2229 0.1662, 0.8465 -0.2229 0.2283, 0.8101 -0.2229 0.2435, -0.8206 0.2202 0.1662, -0.8206 0.1679 0.1662, -0.7779 0.2202 0.1662, -0.7779 0.1679 0.1662, -0.8465 0.2202 0.2283, -0.8101 0.2202 0.2435, -0.8206 -0.2229 0.1662, -0.8465 -0.2229 0.2283, -0.7779 -0.2229 0.1662, -0.8101 -0.2229 0.2435, -0.8206 -0.1707 0.1662, -0.7779 -0.1707 0.1662
            ]
        }
        coordIndex [
            0,1,2,-1,0,2,3,-1,3,2,4,-1,3,4,5,-1,5,4,6,-1,5,6,7,-1,7,6,8,-1,7,8,9,-1,9,8,10,-1,9,10,11,-1,12,11,13,-1,13,11,10,-1,14,12,15,-1,15,12,13,-1,16,17,18,-1,18,17,19,-1,12,14,20,-1,12,20,11,-1,11,20,21,-1,11,21,22,-1,23,24,17,-1,17,24,0,-1,0,3,17,-1,17,3,5,-1,17,5,7,-1,22,19,11,-1,11,19,17,-1,11,17,9,-1,9,17,7,-1,25,26,27,-1,25,27,28,-1,28,27,29,-1,28,29,30,-1,30,29,31,-1,30,31,32,-1,32,31,33,-1,32,33,34,-1,34,33,35,-1,34,35,36,-1,37,36,38,-1,38,36,35,-1,39,37,40,-1,40,37,38,-1,41,42,43,-1,43,42,44,-1,45,46,47,-1,48,49,26,-1,26,49,41,-1,26,41,27,-1,27,41,29,-1,35,33,41,-1,41,33,31,-1,41,31,29,-1,40,38,47,-1,47,38,35,-1,47,35,45,-1,45,35,41,-1,45,41,43,-1,50,51,52,-1,52,51,53,-1,54,55,56,-1,56,55,57,-1,58,55,59,-1,59,55,54,-1,58,59,60,-1,58,60,61,-1,61,60,62,-1,61,62,63,-1,63,62,64,-1,63,64,65,-1,65,64,66,-1,65,66,67,-1,67,66,68,-1,67,68,69,-1,57,55,70,-1,70,55,58,-1,70,58,71,-1,72,73,69,-1,69,73,51,-1,69,51,67,-1,67,51,65,-1,58,61,51,-1,51,61,63,-1,51,63,65,-1,71,58,74,-1,74,58,51,-1,74,51,50,-1,75,76,77,-1,77,76,78,-1,79,80,81,-1,81,80,82,-1,83,80,84,-1,84,80,79,-1,83,84,85,-1,83,85,86,-1,86,85,87,-1,86,87,88,-1,88,87,89,-1,88,89,90,-1,90,89,91,-1,90,91,92,-1,92,91,93,-1,92,93,94,-1,79,81,95,-1,96,97,95,-1,95,97,84,-1,95,84,79,-1,98,99,78,-1,78,99,93,-1,93,91,78,-1,78,91,89,-1,78,89,87,-1,97,77,84,-1,84,77,78,-1,84,78,85,-1,85,78,87,-1,100,101,102,-1,102,101,103,-1,104,105,100,-1,100,105,101,-1,106,107,108,-1,108,107,109,-1,108,109,110,-1,110,109,111,-1,112,113,114,-1,114,113,115,-1,116,112,117,-1,117,112,114,-1,118,119,120,-1,120,119,121,-1,122,118,123,-1,123,118,120,-1,
        ]
    }
}
Shape{
    appearance Appearance {
        material  Material 	{
            diffuseColor 1.0 1.0 1.0
            specularColor 0.5019607843137255 0.5019607843137255 0.5019607843137255
            ambientIntensity 1.0
            transparency 0.0
            shininess 0.5
        }
    }
    geometry IndexedFaceSet {
        ccw TRUE
        solid FALSE
        coord DEF co Coordinate {
            point [
                0.0365 0.5699 0.0982, 0.0365 0.5695 0.0982, 0.0345 0.5695 0.1005, 0.0345 0.5699 0.1005, 0.0302 0.5695 0.1064, 0.0302 0.5699 0.1064, 0.0268 0.5695 0.1129, 0.0268 0.5699 0.1129, 0.0244 0.5695 0.1198, 0.0244 0.5699 0.1198, 0.0229 0.5695 0.1269, 0.0229 0.5699 0.1269, 0.0224 0.5695 0.1342, 0.0224 0.5699 0.1342, 0.0224 0.5695 0.1354, 0.0224 0.5699 0.1354, 0.0232 0.5695 0.1421, 0.0232 0.5699 0.1421, 0.0249 0.5695 0.1492, 0.0249 0.5699 0.1492, 0.0277 0.5695 0.156, 0.0277 0.5699 0.156, 0.0313 0.5695 0.1624, 0.0313 0.5699 0.1624, 0.0359 0.5695 0.1683, 0.0359 0.5699 0.1683, 0.0411 0.5695 0.1734, 0.0411 0.5699 0.1734, 0.0469 0.5695 0.1778, 0.0469 0.5699 0.1778, 0.0532 0.5695 0.1813, 0.0532 0.5699 0.1813, 0.06 0.5695 0.184, 0.06 0.5699 0.184, 0.0606 0.5695 0.1854, 0.0606 0.5699 0.1854, 0.0639 0.5695 0.1926, 0.0639 0.5699 0.1926, 0.0685 0.5695 0.2002, 0.0685 0.5699 0.2002, 0.0741 0.5695 0.2074, 0.0741 0.5699 0.2074, 0.0805 0.5695 0.2139, 0.0805 0.5699 0.2139, 0.0833 0.5695 0.2163, 0.0833 0.5699 0.2163, 0.0907 0.5695 0.2215, 0.0907 0.5699 0.2215, 0.0985 0.5695 0.2259, 0.0985 0.5699 0.2259, 0.1067 0.5695 0.2293, 0.1067 0.5699 0.2293, 0.115 0.5695 0.2317, 0.115 0.5699 0.2317, 0.1235 0.5695 0.2332, 0.1235 0.5699 0.2332, 0.1321 0.5695 0.2337, 0.1321 0.5699 0.2337, 0.136 0.5695 0.2336, 0.136 0.5699 0.2336, 0.1448 0.5695 0.2326, 0.1448 0.5699 0.2326, 0.1534 0.5695 0.2307, 0.1534 0.5699 0.2307, 0.1618 0.5695 0.2277, 0.1618 0.5699 0.2277, 0.1699 0.5695 0.2238, 0.1699 0.5699 0.2238, 0.1776 0.5695 0.2189, 0.1776 0.5699 0.2189, 0.1822 0.5695 0.2153, 0.1822 0.5699 0.2153, 0.1878 0.5695 0.2099, 0.1878 0.5699 0.2099, 0.1943 0.5695 0.2022, 0.1943 0.5699 0.2022, 0.1987 0.5695 0.2027, 0.1987 0.5699 0.2027, 0.2031 0.5695 0.2029, 0.2031 0.5699 0.2029, 0.2049 0.5695 0.2029, 0.2049 0.5699 0.2029, 0.2123 0.5695 0.2022, 0.2123 0.5699 0.2022, 0.2199 0.5695 0.2006, 0.2199 0.5699 0.2006, 0.2273 0.5695 0.1979, 0.2273 0.5699 0.1979, 0.2342 0.5695 0.1944, 0.2342 0.5699 0.1944, 0.2407 0.5695 0.19, 0.2407 0.5699 0.19, 0.2467 0.5695 0.1847, 0.2467 0.5699 0.1847, 0.2478 0.5695 0.1836, 0.2478 0.5699 0.1836, 0.2525 0.5695 0.1779, 0.2525 0.5699 0.1779, 0.2568 0.5695 0.1714, 0.2568 0.5699 0.1714, 0.2602 0.5695 0.1643, 0.2602 0.5699 0.1643, 0.2626 0.5695 0.1569, 0.2626 0.5699 0.1569, 0.2641 0.5695 0.1493, 0.2641 0.5699 0.1493, 0.2646 0.5695 0.1414, 0.2646 0.5699 0.1414, 0.2643 0.5695 0.1355, 0.2643 0.5699 0.1355, 0.263 0.5695 0.1277, 0.263 0.5699 0.1277, 0.2607 0.5695 0.1201, 0.2607 0.5699 0.1201, 0.2575 0.5695 0.1129, 0.2575 0.5699 0.1129, 0.2535 0.5695 0.1062, 0.2535 0.5699 0.1062, 0.2486 0.5695 0.1001, 0.2486 0.5699 0.1001, 0.2457 0.5695 0.0971, 0.2457 0.5699 0.0971, 0.2396 0.5695 0.092, 0.2396 0.5699 0.092, 0.2331 0.5695 0.0877, 0.2331 0.5699 0.0877, 0.2259 0.5695 0.0844, 0.2259 0.5699 0.0844, 0.2182 0.5695 0.0819, 0.2182 0.5699 0.0819, 0.2164 0.5695 0.0772, 0.2164 0.5699 0.0772, 0.2133 0.5695 0.0719, 0.2133 0.5699 0.0719, 0.2093 0.5695 0.0672, 0.2093 0.5699 0.0672, 0.2046 0.5695 0.0633, 0.2046 0.5699 0.0633, 0.1998 0.5695 0.0603, 0.1998 0.5699 0.0603, 0.1943 0.5695 0.058, 0.1943 0.5699 0.058, 0.1884 0.5695 0.0565, 0.1884 0.5699 0.0565, 0.1822 0.5695 0.0561, 0.1822 0.5699 0.0561, 0.1773 0.5695 0.0564, 0.1773 0.5699 0.0564, 0.1712 0.5695 0.0577, 0.1712 0.5699 0.0577, 0.1654 0.5695 0.06, 0.1654 0.5699 0.06, 0.1601 0.5695 0.0632, 0.1601 0.5699 0.0632, 0.1554 0.5695 0.0672, 0.1554 0.5699 0.0672, 0.1517 0.5695 0.0714, 0.1517 0.5699 0.0714, 0.1485 0.5695 0.0766, 0.1485 0.5699 0.0766, 0.1462 0.5695 0.0821, 0.1462 0.5699 0.0821, 0.1447 0.5695 0.0879, 0.1447 0.5699 0.0879, 0.1442 0.5695 0.094, 0.1442 0.5699 0.094, 0.1442 0.5699 0.0978, 0.1442 0.5695 0.0978, 0.0911 0.5699 0.1259, 0.0911 0.5695 0.1259, 0.1029 0.5699 0.146, 0.1029 0.5695 0.146, 0.1537 0.5699 0.1194, 0.1537 0.5695 0.1194, 0.155 0.5695 0.1209, 0.155 0.5699 0.1209, 0.1595 0.5695 0.1249, 0.1595 0.5699 0.1249, 0.1646 0.5695 0.1281, 0.1646 0.5699 0.1281, 0.1702 0.5695 0.1304, 0.1702 0.5699 0.1304, 0.176 0.5695 0.1318, 0.176 0.5699 0.1318, 0.1822 0.5695 0.1323, 0.1822 0.5699 0.1323, 0.1851 0.5695 0.1322, 0.1851 0.5699 0.1322, 0.1913 0.5695 0.1312, 0.1913 0.5699 0.1312, 0.1972 0.5695 0.1292, 0.1972 0.5699 0.1292, 0.2027 0.5695 0.1262, 0.2027 0.5699 0.1262, 0.2076 0.5695 0.1224, 0.2076 0.5699 0.1224, 0.2119 0.5695 0.1179, 0.2119 0.5699 0.1179, 0.2153 0.5695 0.1128, 0.2153 0.5699 0.1128, 0.2179 0.5695 0.1073, 0.2179 0.5699 0.1073, 0.2191 0.5695 0.1079, 0.2191 0.5699 0.1079, 0.2242 0.5695 0.1109, 0.2242 0.5699 0.1109, 0.229 0.5695 0.115, 0.229 0.5699 0.115, 0.2331 0.5695 0.1196, 0.2331 0.5699 0.1196, 0.2364 0.5695 0.1248, 0.2364 0.5699 0.1248, 0.2387 0.5695 0.1303, 0.2387 0.5699 0.1303, 0.2401 0.5695 0.1361, 0.2401 0.5699 0.1361, 0.2406 0.5695 0.1422, 0.2406 0.5699 0.1422, 0.2403 0.5695 0.1471, 0.2403 0.5699 0.1471, 0.239 0.5695 0.1532, 0.239 0.5699 0.1532, 0.2367 0.5695 0.159, 0.2367 0.5699 0.159, 0.2335 0.5695 0.1643, 0.2335 0.5699 0.1643, 0.2295 0.5695 0.169, 0.2295 0.5699 0.169, 0.2252 0.5695 0.1727, 0.2252 0.5699 0.1727, 0.2201 0.5695 0.1759, 0.2201 0.5699 0.1759, 0.2146 0.5695 0.1782, 0.2146 0.5699 0.1782, 0.2088 0.5695 0.1797, 0.2088 0.5699 0.1797, 0.2027 0.5695 0.1802, 0.2027 0.5699 0.1802, 0.2002 0.5695 0.1801, 0.2002 0.5699 0.1801, 0.1945 0.5695 0.1792, 0.1945 0.5699 0.1792, 0.1882 0.5695 0.1773, 0.1882 0.5699 0.1773, 0.1826 0.5695 0.1745, 0.1826 0.5699 0.1745, 0.182 0.5695 0.176, 0.182 0.5699 0.176, 0.1792 0.5695 0.1824, 0.1792 0.5699 0.1824, 0.1753 0.5695 0.1887, 0.1753 0.5699 0.1887, 0.1706 0.5695 0.1943, 0.1706 0.5699 0.1943, 0.1653 0.5695 0.1992, 0.1653 0.5699 0.1992, 0.1593 0.5695 0.2034, 0.1593 0.5699 0.2034, 0.1529 0.5695 0.2066, 0.1529 0.5699 0.2066, 0.1462 0.5695 0.209, 0.1462 0.5699 0.209, 0.1391 0.5695 0.2104, 0.1391 0.5699 0.2104, 0.1317 0.5695 0.2109, 0.1317 0.5699 0.2109, 0.1269 0.5695 0.2107, 0.1269 0.5699 0.2107, 0.1196 0.5695 0.2095, 0.1196 0.5699 0.2095, 0.1126 0.5695 0.2073, 0.1126 0.5699 0.2073, 0.1059 0.5695 0.2042, 0.1059 0.5699 0.2042, 0.0997 0.5695 0.2002, 0.0997 0.5699 0.2002, 0.0941 0.5695 0.1953, 0.0941 0.5699 0.1953, 0.0893 0.5695 0.1898, 0.0893 0.5699 0.1898, 0.0853 0.5695 0.1838, 0.0853 0.5699 0.1838, 0.0821 0.5695 0.1773, 0.0821 0.5699 0.1773, 0.0799 0.5695 0.1706, 0.0799 0.5699 0.1706, 0.0786 0.5695 0.1635, 0.0786 0.5699 0.1635, 0.0755 0.5699 0.1635, 0.0755 0.5695 0.1635, 0.0724 0.5695 0.1633, 0.0724 0.5699 0.1633, 0.067 0.5695 0.1622, 0.067 0.5699 0.1622, 0.0619 0.5695 0.1601, 0.0619 0.5699 0.1601, 0.0573 0.5695 0.1572, 0.0573 0.5699 0.1572, 0.0533 0.5695 0.1534, 0.0533 0.5699 0.1534, 0.0502 0.5695 0.1491, 0.0502 0.5699 0.1491, 0.0478 0.5695 0.1443, 0.0478 0.5699 0.1443, 0.0464 0.5695 0.1392, 0.0464 0.5699 0.1392, 0.0459 0.5695 0.1339, 0.0459 0.5699 0.1339, 0.0461 0.5695 0.1307, 0.0461 0.5699 0.1307, 0.0472 0.5695 0.1252, 0.0472 0.5699 0.1252, 0.0492 0.5695 0.1201, 0.0492 0.5699 0.1201, 0.0522 0.5695 0.1155, 0.0522 0.5699 0.1155, 0.0543 0.5695 0.1131, 0.0543 0.5699 0.1131, 0.0584 0.5695 0.1096, 0.0584 0.5699 0.1096, 0.063 0.5695 0.1069, 0.063 0.5699 0.1069, 0.0679 0.5695 0.1051, 0.0679 0.5699 0.1051, 0.0733 0.5695 0.1043, 0.0733 0.5699 0.1043, 0.0903 0.5699 0.1043, 0.0903 0.5695 0.1043, 0.0908 0.5695 0.1043, 0.0908 0.5699 0.1043, 0.0919 0.5695 0.1045, 0.0919 0.5699 0.1045, 0.0926 0.5695 0.1046, 0.0926 0.5699 0.1046, 0.0938 0.5695 0.1046, 0.0938 0.5699 0.1046, 0.0967 0.5695 0.1039, 0.0967 0.5699 0.1039, 0.0993 0.5695 0.1025, 0.0993 0.5699 0.1025, 0.1014 0.5695 0.1007, 0.1014 0.5699 0.1007, 0.103 0.5695 0.0983, 0.103 0.5699 0.0983, 0.104 0.5695 0.0957, 0.104 0.5699 0.0957, 0.1044 0.5695 0.0929, 0.1044 0.5699 0.0929, 0.1043 0.5695 0.0913, 0.1043 0.5699 0.0913, 0.1036 0.5695 0.0887, 0.1036 0.5699 0.0887, 0.1021 0.5695 0.086, 0.1021 0.5699 0.086, 0.1008 0.5695 0.0845, 0.1008 0.5699 0.0845, 0.0986 0.5695 0.0827, 0.0986 0.5699 0.0827, 0.0961 0.5695 0.0816, 0.0961 0.5699 0.0816, 0.0934 0.5695 0.0811, 0.0934 0.5699 0.0811, 0.071 0.5699 0.0811, 0.071 0.5695 0.0811, 0.0682 0.5695 0.0814, 0.0682 0.5699 0.0814, 0.0611 0.5695 0.0829, 0.0611 0.5699 0.0829, 0.0543 0.5695 0.0854, 0.0543 0.5699 0.0854, 0.0478 0.5695 0.0888, 0.0478 0.5699 0.0888, 0.0419 0.5695 0.0931, 0.0419 0.5699 0.0931, 0.1702 0.5699 0.0855, 0.1726 0.5699 0.0827, 0.1757 0.5699 0.0805, 0.179 0.5699 0.108, 0.1757 0.5699 0.1067, 0.1727 0.5699 0.1046, 0.1708 0.5699 0.1026, 0.1826 0.5699 0.1084, 0.1689 0.5699 0.0994, 0.1679 0.5699 0.0958, 0.1678 0.5699 0.0921, 0.1686 0.5699 0.0887, 0.1792 0.5699 0.0792, 0.1826 0.5699 0.0788, 0.1972 0.5699 0.0915, 0.1962 0.5699 0.0879, 0.1943 0.5699 0.0847, 0.1925 0.5699 0.0826, 0.186 0.5699 0.108, 0.1895 0.5699 0.1067, 0.1925 0.5699 0.1046, 0.1861 0.5699 0.0793, 0.1895 0.5699 0.0805, 0.1973 0.5699 0.0952, 0.1965 0.5699 0.0987, 0.1949 0.5699 0.1018, 0.1965 0.5695 0.0987, 0.1973 0.5695 0.0952, 0.186 0.5695 0.108, 0.1895 0.5695 0.1067, 0.1925 0.5695 0.1046, 0.1949 0.5695 0.1018, 0.179 0.5695 0.108, 0.1826 0.5695 0.1084, 0.1792 0.5695 0.0792, 0.1757 0.5695 0.0805, 0.1726 0.5695 0.0827, 0.1702 0.5695 0.0855, 0.1757 0.5695 0.1067, 0.1826 0.5695 0.0788, 0.1861 0.5695 0.0793, 0.1895 0.5695 0.0805, 0.1727 0.5695 0.1046, 0.1708 0.5695 0.1026, 0.1689 0.5695 0.0994, 0.1925 0.5695 0.0826, 0.1943 0.5695 0.0847, 0.1962 0.5695 0.0879, 0.1972 0.5695 0.0915, 0.1686 0.5695 0.0887, 0.1678 0.5695 0.0921, 0.1679 0.5695 0.0958, -0.2433 0.5699 0.0888, -0.2433 0.5695 0.0888, -0.2447 0.5695 0.0902, -0.2447 0.5699 0.0902, -0.2462 0.5695 0.092, -0.2462 0.5699 0.092, -0.2476 0.5695 0.0939, -0.2476 0.5699 0.0939, -0.2487 0.5695 0.096, -0.2487 0.5699 0.096, -0.2496 0.5695 0.0982, -0.2496 0.5699 0.0982, -0.2504 0.5695 0.1005, -0.2504 0.5699 0.1005, -0.2509 0.5695 0.1031, -0.2509 0.5699 0.1031, -0.2513 0.5695 0.1058, -0.2513 0.5699 0.1058, -0.2514 0.5695 0.1087, -0.2514 0.5699 0.1087, -0.2513 0.5695 0.111, -0.2513 0.5699 0.111, -0.251 0.5695 0.1136, -0.251 0.5699 0.1136, -0.2505 0.5695 0.1159, -0.2505 0.5699 0.1159, -0.2498 0.5695 0.1182, -0.2498 0.5699 0.1182, -0.2489 0.5695 0.1203, -0.2489 0.5699 0.1203, -0.2479 0.5695 0.1223, -0.2479 0.5699 0.1223, -0.2466 0.5695 0.1242, -0.2466 0.5699 0.1242, -0.2451 0.5695 0.1259, -0.2451 0.5699 0.1259, -0.2433 0.5695 0.1276, -0.2433 0.5699 0.1276, -0.2428 0.5695 0.128, -0.2428 0.5699 0.128, -0.241 0.5695 0.1295, -0.241 0.5699 0.1295, -0.2389 0.5695 0.1308, -0.2389 0.5699 0.1308, -0.2366 0.5695 0.132, -0.2366 0.5699 0.132, -0.2343 0.5695 0.1329, -0.2343 0.5699 0.1329, -0.2317 0.5695 0.1337, -0.2317 0.5699 0.1337, -0.229 0.5695 0.1342, -0.229 0.5699 0.1342, -0.2262 0.5695 0.1346, -0.2262 0.5699 0.1346, -0.2232 0.5695 0.1347, -0.2232 0.5699 0.1347, -0.2079 0.5699 0.1347, -0.2079 0.5695 0.1347, -0.2079 0.5699 0.0813, -0.2079 0.5695 0.0813, -0.2226 0.5699 0.0813, -0.2226 0.5695 0.0813, -0.2245 0.5695 0.0813, -0.2245 0.5699 0.0813, -0.2274 0.5695 0.0816, -0.2274 0.5699 0.0816, -0.2301 0.5695 0.082, -0.2301 0.5699 0.082, -0.2326 0.5695 0.0827, -0.2326 0.5699 0.0827, -0.235 0.5695 0.0835, -0.235 0.5699 0.0835, -0.2373 0.5695 0.0845, -0.2373 0.5699 0.0845, -0.2394 0.5695 0.0857, -0.2394 0.5699 0.0857, -0.2414 0.5695 0.0871, -0.2414 0.5699 0.0871, -0.2396 0.5699 0.1222, -0.2383 0.5699 0.1235, -0.2366 0.5699 0.1248, -0.2335 0.5699 0.0895, -0.2353 0.5699 0.0905, -0.2369 0.5699 0.0916, -0.2384 0.5699 0.0929, -0.2392 0.5699 0.0937, -0.2404 0.5699 0.0953, -0.2415 0.5699 0.097, -0.2424 0.5699 0.0988, -0.2432 0.5699 0.1009, -0.2438 0.5699 0.1133, -0.2433 0.5699 0.1154, -0.2426 0.5699 0.1174, -0.2418 0.5699 0.1191, -0.2408 0.5699 0.1207, -0.2437 0.5699 0.1032, -0.244 0.5699 0.1057, -0.2441 0.5699 0.1085, -0.244 0.5699 0.1109, -0.2348 0.5699 0.1259, -0.2328 0.5699 0.1268, -0.2307 0.5699 0.1275, -0.2283 0.5699 0.1281, -0.2257 0.5699 0.1284, -0.2229 0.5699 0.1285, -0.2148 0.5699 0.1285, -0.2148 0.5699 0.0874, -0.2226 0.5699 0.0874, -0.2244 0.5699 0.0874, -0.227 0.5699 0.0877, -0.2293 0.5699 0.0881, -0.2315 0.5699 0.0887, -0.2353 0.5695 0.0905, -0.2369 0.5695 0.0916, -0.2348 0.5695 0.1259, -0.2366 0.5695 0.1248, -0.2383 0.5695 0.1235, -0.2396 0.5695 0.1222, -0.2408 0.5695 0.1207, -0.2418 0.5695 0.1191, -0.2426 0.5695 0.1174, -0.2433 0.5695 0.1154, -0.2384 0.5695 0.0929, -0.2392 0.5695 0.0937, -0.2404 0.5695 0.0953, -0.2437 0.5695 0.1032, -0.2432 0.5695 0.1009, -0.2424 0.5695 0.0988, -0.2415 0.5695 0.097, -0.2335 0.5695 0.0895, -0.2315 0.5695 0.0887, -0.2293 0.5695 0.0881, -0.227 0.5695 0.0877, -0.2244 0.5695 0.0874, -0.2226 0.5695 0.0874, -0.2148 0.5695 0.0874, -0.2148 0.5695 0.1285, -0.2229 0.5695 0.1285, -0.2257 0.5695 0.1284, -0.2283 0.5695 0.1281, -0.2307 0.5695 0.1275, -0.2328 0.5695 0.1268, -0.2438 0.5695 0.1133, -0.244 0.5695 0.1109, -0.2441 0.5695 0.1085, -0.244 0.5695 0.1057, -0.1446 0.5699 0.0907, -0.1446 0.5695 0.0907, -0.1441 0.5695 0.0889, -0.1441 0.5699 0.0889, -0.1438 0.5695 0.0876, -0.1438 0.5699 0.0876, -0.1436 0.5699 0.0876, -0.1436 0.5695 0.0876, -0.1428 0.5699 0.0908, -0.1428 0.5695 0.0908, -0.1328 0.5699 0.1194, -0.1328 0.5695 0.1194, -0.1253 0.5699 0.1194, -0.1253 0.5695 0.1194, -0.1403 0.5699 0.0814, -0.1403 0.5695 0.0814, -0.1374 0.5699 0.0744, -0.1374 0.5695 0.0744, -0.1366 0.5695 0.0729, -0.1366 0.5699 0.0729, -0.1358 0.5695 0.0717, -0.1358 0.5699 0.0717, -0.1349 0.5695 0.0708, -0.1349 0.5699 0.0708, -0.134 0.5695 0.07, -0.134 0.5699 0.07, -0.1329 0.5695 0.0695, -0.1329 0.5699 0.0695, -0.1318 0.5695 0.0692, -0.1318 0.5699 0.0692, -0.1305 0.5695 0.0691, -0.1305 0.5699 0.0691, -0.1297 0.5695 0.0691, -0.1297 0.5699 0.0691, -0.1282 0.5695 0.0693, -0.1282 0.5699 0.0693, -0.1267 0.5695 0.0698, -0.1267 0.5699 0.0698, -0.1267 0.5699 0.0639, -0.1267 0.5695 0.0639, -0.1272 0.5695 0.0637, -0.1272 0.5699 0.0637, -0.129 0.5695 0.0634, -0.129 0.5699 0.0634, -0.131 0.5695 0.0633, -0.131 0.5699 0.0633, -0.1323 0.5695 0.0634, -0.1323 0.5699 0.0634, -0.1339 0.5695 0.0637, -0.1339 0.5699 0.0637, -0.1354 0.5695 0.0642, -0.1354 0.5699 0.0642, -0.1368 0.5695 0.0649, -0.1368 0.5699 0.0649, -0.1382 0.5695 0.0659, -0.1382 0.5699 0.0659, -0.1395 0.5695 0.0671, -0.1395 0.5699 0.0671, -0.1409 0.5695 0.0686, -0.1409 0.5699 0.0686, -0.1422 0.5695 0.0706, -0.1422 0.5699 0.0706, -0.1435 0.5695 0.0729, -0.1435 0.5699 0.0729, -0.1446 0.5695 0.0755, -0.1446 0.5699 0.0755, -0.1619 0.5699 0.1194, -0.1619 0.5695 0.1194, -0.155 0.5699 0.1194, -0.155 0.5695 0.1194, -0.1064 0.5699 0.0804, -0.1064 0.5695 0.0804, -0.1081 0.5695 0.0804, -0.1081 0.5699 0.0804, -0.11 0.5695 0.0806, -0.11 0.5699 0.0806, -0.1118 0.5695 0.0809, -0.1118 0.5699 0.0809, -0.1134 0.5695 0.0814, -0.1134 0.5699 0.0814, -0.1149 0.5695 0.0819, -0.1149 0.5699 0.0819, -0.1163 0.5695 0.0826, -0.1163 0.5699 0.0826, -0.1176 0.5695 0.0834, -0.1176 0.5699 0.0834, -0.1183 0.5695 0.0839, -0.1183 0.5699 0.0839, -0.1192 0.5695 0.0848, -0.1192 0.5699 0.0848, -0.12 0.5695 0.0857, -0.12 0.5699 0.0857, -0.1207 0.5695 0.0867, -0.1207 0.5699 0.0867, -0.1212 0.5695 0.0878, -0.1212 0.5699 0.0878, -0.1215 0.5695 0.089, -0.1215 0.5699 0.089, -0.1218 0.5695 0.0903, -0.1218 0.5699 0.0903, -0.1219 0.5695 0.0917, -0.1219 0.5699 0.0917, -0.1218 0.5695 0.0925, -0.1218 0.5699 0.0925, -0.1217 0.5695 0.0937, -0.1217 0.5699 0.0937, -0.1214 0.5695 0.0949, -0.1214 0.5699 0.0949, -0.1209 0.5695 0.096, -0.1209 0.5699 0.096, -0.1203 0.5695 0.097, -0.1203 0.5699 0.097, -0.1196 0.5695 0.098, -0.1196 0.5699 0.098, -0.1192 0.5695 0.0984, -0.1192 0.5699 0.0984, -0.1182 0.5695 0.0992, -0.1182 0.5699 0.0992, -0.117 0.5695 0.1001, -0.117 0.5699 0.1001, -0.1155 0.5695 0.101, -0.1155 0.5699 0.101, -0.1135 0.5695 0.1019, -0.1135 0.5699 0.1019, -0.111 0.5695 0.1029, -0.111 0.5699 0.1029, -0.1083 0.5695 0.104, -0.1083 0.5699 0.104, -0.1065 0.5695 0.1049, -0.1065 0.5699 0.1049, -0.1053 0.5695 0.1056, -0.1053 0.5699 0.1056, -0.1045 0.5695 0.1062, -0.1045 0.5699 0.1062, -0.1042 0.5695 0.1065, -0.1042 0.5699 0.1065, -0.1037 0.5695 0.1071, -0.1037 0.5699 0.1071, -0.1033 0.5695 0.1079, -0.1033 0.5699 0.1079, -0.1031 0.5695 0.1087, -0.1031 0.5699 0.1087, -0.103 0.5695 0.1097, -0.103 0.5699 0.1097, -0.103 0.5695 0.1099, -0.103 0.5699 0.1099, -0.1031 0.5695 0.1107, -0.1031 0.5699 0.1107, -0.1034 0.5695 0.1115, -0.1034 0.5699 0.1115, -0.1038 0.5695 0.1122, -0.1038 0.5699 0.1122, -0.1043 0.5695 0.1128, -0.1043 0.5699 0.1128, -0.1051 0.5695 0.1134, -0.1051 0.5699 0.1134, -0.1055 0.5695 0.1137, -0.1055 0.5699 0.1137, -0.1064 0.5695 0.1142, -0.1064 0.5699 0.1142, -0.1076 0.5695 0.1145, -0.1076 0.5699 0.1145, -0.1089 0.5695 0.1148, -0.1089 0.5699 0.1148, -0.1103 0.5695 0.1149, -0.1103 0.5699 0.1149, -0.1105 0.5695 0.1149, -0.1105 0.5699 0.1149, -0.1122 0.5695 0.1148, -0.1122 0.5699 0.1148, -0.1139 0.5695 0.1145, -0.1139 0.5699 0.1145, -0.1155 0.5695 0.1142, -0.1155 0.5699 0.1142, -0.1171 0.5695 0.1136, -0.1171 0.5699 0.1136, -0.1186 0.5695 0.1129, -0.1186 0.5699 0.1129, -0.12 0.5695 0.1121, -0.12 0.5699 0.1121, -0.12 0.5699 0.1186, -0.12 0.5695 0.1186, -0.1188 0.5695 0.1191, -0.1188 0.5699 0.1191, -0.117 0.5695 0.1196, -0.117 0.5699 0.1196, -0.1151 0.5695 0.12, -0.1151 0.5699 0.12, -0.1131 0.5695 0.1202, -0.1131 0.5699 0.1202, -0.111 0.5695 0.1203, -0.111 0.5699 0.1203, -0.1098 0.5695 0.1203, -0.1098 0.5699 0.1203, -0.108 0.5695 0.1201, -0.108 0.5699 0.1201, -0.1062 0.5695 0.1198, -0.1062 0.5699 0.1198, -0.1046 0.5695 0.1194, -0.1046 0.5699 0.1194, -0.1032 0.5695 0.1188, -0.1032 0.5699 0.1188, -0.1017 0.5695 0.1181, -0.1017 0.5699 0.1181, -0.1004 0.5695 0.1173, -0.1004 0.5699 0.1173, -0.0998 0.5695 0.1168, -0.0998 0.5699 0.1168, -0.0988 0.5695 0.1159, -0.0988 0.5699 0.1159, -0.098 0.5695 0.1149, -0.098 0.5699 0.1149, -0.0974 0.5695 0.1139, -0.0974 0.5699 0.1139, -0.0968 0.5695 0.1129, -0.0968 0.5699 0.1129, -0.0965 0.5695 0.1117, -0.0965 0.5699 0.1117, -0.0962 0.5695 0.1105, -0.0962 0.5699 0.1105, -0.0961 0.5695 0.1091, -0.0961 0.5699 0.1091, -0.0962 0.5695 0.1088, -0.0962 0.5699 0.1088, -0.0963 0.5695 0.1075, -0.0963 0.5699 0.1075, -0.0965 0.5695 0.1063, -0.0965 0.5699 0.1063, -0.0969 0.5695 0.1052, -0.0969 0.5699 0.1052, -0.0974 0.5695 0.1041, -0.0974 0.5699 0.1041, -0.098 0.5695 0.1031, -0.098 0.5699 0.1031, -0.0985 0.5695 0.1026, -0.0985 0.5699 0.1026, -0.0993 0.5695 0.1018, -0.0993 0.5699 0.1018, -0.1004 0.5695 0.101, -0.1004 0.5699 0.101, -0.1019 0.5695 0.1001, -0.1019 0.5699 0.1001, -0.1037 0.5695 0.0991, -0.1037 0.5699 0.0991, -0.1063 0.5695 0.098, -0.1063 0.5699 0.098, -0.1092 0.5695 0.0969, -0.1092 0.5699 0.0969, -0.1111 0.5695 0.096, -0.1111 0.5699 0.096, -0.1124 0.5695 0.0953, -0.1124 0.5699 0.0953, -0.1133 0.5695 0.0946, -0.1133 0.5699 0.0946, -0.1138 0.5695 0.0941, -0.1138 0.5699 0.0941, -0.1143 0.5695 0.0935, -0.1143 0.5699 0.0935, -0.1147 0.5695 0.0927, -0.1147 0.5699 0.0927, -0.1149 0.5695 0.0919, -0.1149 0.5699 0.0919, -0.115 0.5695 0.091, -0.115 0.5699 0.091, -0.1149 0.5695 0.09, -0.1149 0.5699 0.09, -0.1147 0.5695 0.0892, -0.1147 0.5699 0.0892, -0.1143 0.5695 0.0885, -0.1143 0.5699 0.0885, -0.1139 0.5695 0.0878, -0.1139 0.5699 0.0878, -0.1132 0.5695 0.0873, -0.1132 0.5699 0.0873, -0.1124 0.5695 0.0868, -0.1124 0.5699 0.0868, -0.1114 0.5695 0.0864, -0.1114 0.5699 0.0864, -0.1103 0.5695 0.0861, -0.1103 0.5699 0.0861, -0.1089 0.5695 0.0859, -0.1089 0.5699 0.0859, -0.1071 0.5695 0.0858, -0.1071 0.5699 0.0858, -0.1058 0.5695 0.0859, -0.1058 0.5699 0.0859, -0.1041 0.5695 0.0861, -0.1041 0.5699 0.0861, -0.1025 0.5695 0.0864, -0.1025 0.5699 0.0864, -0.1009 0.5695 0.087, -0.1009 0.5699 0.087, -0.0993 0.5695 0.0876, -0.0993 0.5699 0.0876, -0.0977 0.5695 0.0885, -0.0977 0.5699 0.0885, -0.0961 0.5695 0.0895, -0.0961 0.5699 0.0895, -0.0961 0.5699 0.0826, -0.0961 0.5695 0.0826, -0.0969 0.5695 0.0822, -0.0969 0.5699 0.0822, -0.0986 0.5695 0.0816, -0.0986 0.5699 0.0816, -0.1004 0.5695 0.0811, -0.1004 0.5699 0.0811, -0.1023 0.5695 0.0807, -0.1023 0.5699 0.0807, -0.1043 0.5695 0.0805, -0.1043 0.5699 0.0805, -0.0726 0.5699 0.1149, -0.0726 0.5695 0.1149, -0.0729 0.5695 0.1149, -0.0729 0.5699 0.1149, -0.0742 0.5695 0.1147, -0.0742 0.5699 0.1147, -0.0753 0.5695 0.1145, -0.0753 0.5699 0.1145, -0.0763 0.5695 0.1141, -0.0763 0.5699 0.1141, -0.0772 0.5695 0.1136, -0.0772 0.5699 0.1136, -0.078 0.5695 0.113, -0.078 0.5699 0.113, -0.0786 0.5695 0.1123, -0.0786 0.5699 0.1123, -0.0792 0.5695 0.1113, -0.0792 0.5699 0.1113, -0.0797 0.5695 0.1102, -0.0797 0.5699 0.1102, -0.0801 0.5695 0.1088, -0.0801 0.5699 0.1088, -0.0803 0.5695 0.1073, -0.0803 0.5699 0.1073, -0.0804 0.5695 0.1055, -0.0804 0.5699 0.1055, -0.0691 0.5699 0.1039, -0.0691 0.5695 0.1039, -0.0672 0.5695 0.1036, -0.0672 0.5699 0.1036, -0.0654 0.5695 0.1032, -0.0654 0.5699 0.1032, -0.0638 0.5695 0.1026, -0.0638 0.5699 0.1026, -0.0624 0.5695 0.102, -0.0624 0.5699 0.102, -0.0611 0.5695 0.1012, -0.0611 0.5699 0.1012, -0.0601 0.5695 0.1004, -0.0601 0.5699 0.1004, -0.0591 0.5695 0.0995, -0.0591 0.5699 0.0995, -0.0583 0.5695 0.0985, -0.0583 0.5699 0.0985, -0.0577 0.5695 0.0973, -0.0577 0.5699 0.0973, -0.0571 0.5695 0.0961, -0.0571 0.5699 0.0961, -0.0567 0.5695 0.0947, -0.0567 0.5699 0.0947, -0.0565 0.5695 0.0932, -0.0565 0.5699 0.0932, -0.0564 0.5695 0.0915, -0.0564 0.5699 0.0915, -0.0565 0.5695 0.0904, -0.0565 0.5699 0.0904, -0.0566 0.5695 0.089, -0.0566 0.5699 0.089, -0.057 0.5695 0.0877, -0.057 0.5699 0.0877, -0.0574 0.5695 0.0865, -0.0574 0.5699 0.0865, -0.058 0.5695 0.0854, -0.058 0.5699 0.0854, -0.0588 0.5695 0.0843, -0.0588 0.5699 0.0843, -0.0597 0.5695 0.0834, -0.0597 0.5699 0.0834, -0.06 0.5695 0.0831, -0.06 0.5699 0.0831, -0.0611 0.5695 0.0823, -0.0611 0.5699 0.0823, -0.0623 0.5695 0.0816, -0.0623 0.5699 0.0816, -0.0636 0.5695 0.0811, -0.0636 0.5699 0.0811, -0.0651 0.5695 0.0807, -0.0651 0.5699 0.0807, -0.0667 0.5695 0.0805, -0.0667 0.5699 0.0805, -0.0685 0.5695 0.0804, -0.0685 0.5699 0.0804, -0.0691 0.5695 0.0804, -0.0691 0.5699 0.0804, -0.0707 0.5695 0.0805, -0.0707 0.5699 0.0805, -0.0722 0.5695 0.0808, -0.0722 0.5699 0.0808, -0.0735 0.5695 0.0813, -0.0735 0.5699 0.0813, -0.0748 0.5695 0.0818, -0.0748 0.5699 0.0818, -0.076 0.5695 0.0826, -0.076 0.5699 0.0826, -0.0772 0.5695 0.0834, -0.0772 0.5699 0.0834, -0.0782 0.5695 0.0845, -0.0782 0.5699 0.0845, -0.0793 0.5695 0.0858, -0.0793 0.5699 0.0858, -0.0802 0.5695 0.0872, -0.0802 0.5699 0.0872, -0.0804 0.5699 0.0872, -0.0804 0.5695 0.0872, -0.0804 0.5699 0.0813, -0.0804 0.5695 0.0813, -0.087 0.5699 0.0813, -0.087 0.5695 0.0813, -0.087 0.5699 0.1058, -0.087 0.5695 0.1058, -0.087 0.5695 0.1078, -0.087 0.5699 0.1078, -0.0868 0.5695 0.1097, -0.0868 0.5699 0.1097, -0.0864 0.5695 0.1113, -0.0864 0.5699 0.1113, -0.086 0.5695 0.1128, -0.086 0.5699 0.1128, -0.0854 0.5695 0.1141, -0.0854 0.5699 0.1141, -0.0847 0.5695 0.1153, -0.0847 0.5699 0.1153, -0.0839 0.5695 0.1163, -0.0839 0.5699 0.1163, -0.0835 0.5695 0.1168, -0.0835 0.5699 0.1168, -0.0825 0.5695 0.1177, -0.0825 0.5699 0.1177, -0.0814 0.5695 0.1184, -0.0814 0.5699 0.1184, -0.0801 0.5695 0.1191, -0.0801 0.5699 0.1191, -0.0787 0.5695 0.1196, -0.0787 0.5699 0.1196, -0.0771 0.5695 0.12, -0.0771 0.5699 0.12, -0.0753 0.5695 0.1202, -0.0753 0.5699 0.1202, -0.0733 0.5695 0.1203, -0.0733 0.5699 0.1203, -0.0714 0.5695 0.1202, -0.0714 0.5699 0.1202, -0.0693 0.5695 0.12, -0.0693 0.5699 0.12, -0.0673 0.5695 0.1197, -0.0673 0.5699 0.1197, -0.0654 0.5695 0.1192, -0.0654 0.5699 0.1192, -0.0636 0.5695 0.1185, -0.0636 0.5699 0.1185, -0.0618 0.5695 0.1177, -0.0618 0.5699 0.1177, -0.0601 0.5695 0.1167, -0.0601 0.5699 0.1167, -0.0601 0.5699 0.1102, -0.0601 0.5695 0.1102, -0.0609 0.5695 0.1108, -0.0609 0.5699 0.1108, -0.0624 0.5695 0.1119, -0.0624 0.5699 0.1119, -0.064 0.5695 0.1128, -0.064 0.5699 0.1128, -0.0657 0.5695 0.1135, -0.0657 0.5699 0.1135, -0.0673 0.5695 0.1141, -0.0673 0.5699 0.1141, -0.0691 0.5695 0.1145, -0.0691 0.5699 0.1145, -0.0708 0.5695 0.1148, -0.0708 0.5699 0.1148, -0.0784 0.5699 0.0901, -0.0791 0.5699 0.0912, -0.0796 0.5699 0.0924, -0.0677 0.5699 0.0984, -0.0692 0.5699 0.0988, -0.0711 0.5699 0.0992, -0.08 0.5699 0.0938, -0.0803 0.5699 0.0952, -0.0714 0.5699 0.0992, -0.0804 0.5699 0.1004, -0.0644 0.5699 0.0883, -0.0639 0.5699 0.0891, -0.0635 0.5699 0.09, -0.065 0.5699 0.0969, -0.0644 0.5699 0.0962, -0.0639 0.5699 0.0954, -0.0667 0.5699 0.0866, -0.0677 0.5699 0.0862, -0.0689 0.5699 0.086, -0.0635 0.5699 0.0944, -0.0633 0.5699 0.0933, -0.0666 0.5699 0.0979, -0.0804 0.5699 0.0968, -0.0651 0.5699 0.0876, -0.0658 0.5699 0.0871, -0.0633 0.5699 0.091, -0.0657 0.5699 0.0974, -0.0632 0.5699 0.092, -0.0755 0.5699 0.0873, -0.0765 0.5699 0.0881, -0.0775 0.5699 0.089, -0.0776 0.5699 0.0891, -0.0702 0.5699 0.0859, -0.0707 0.5699 0.0859, -0.0721 0.5699 0.086, -0.0733 0.5699 0.0863, -0.0744 0.5699 0.0867, -0.0776 0.5695 0.0891, -0.0784 0.5695 0.0901, -0.0791 0.5695 0.0912, -0.0796 0.5695 0.0924, -0.0639 0.5695 0.0891, -0.0644 0.5695 0.0883, -0.0765 0.5695 0.0881, -0.08 0.5695 0.0938, -0.0755 0.5695 0.0873, -0.0744 0.5695 0.0867, -0.0733 0.5695 0.0863, -0.0721 0.5695 0.086, -0.0775 0.5695 0.089, -0.0635 0.5695 0.09, -0.0804 0.5695 0.1004, -0.0804 0.5695 0.0968, -0.0803 0.5695 0.0952, -0.0707 0.5695 0.0859, -0.0702 0.5695 0.0859, -0.0689 0.5695 0.086, -0.0677 0.5695 0.0862, -0.0635 0.5695 0.0944, -0.0639 0.5695 0.0954, -0.0644 0.5695 0.0962, -0.0667 0.5695 0.0866, -0.0658 0.5695 0.0871, -0.0651 0.5695 0.0876, -0.0633 0.5695 0.091, -0.0632 0.5695 0.092, -0.065 0.5695 0.0969, -0.0657 0.5695 0.0974, -0.0666 0.5695 0.0979, -0.0677 0.5695 0.0984, -0.0692 0.5695 0.0988, -0.0711 0.5695 0.0992, -0.0714 0.5695 0.0992, -0.0633 0.5695 0.0933, -0.1765 0.5699 0.1734, -0.1765 0.5695 0.1734, -0.1779 0.5695 0.1748, -0.1779 0.5699 0.1748, -0.1794 0.5695 0.1766, -0.1794 0.5699 0.1766, -0.1807 0.5695 0.1786, -0.1807 0.5699 0.1786, -0.1818 0.5695 0.1806, -0.1818 0.5699 0.1806, -0.1828 0.5695 0.1829, -0.1828 0.5699 0.1829, -0.1835 0.5695 0.1852, -0.1835 0.5699 0.1852, -0.1841 0.5695 0.1877, -0.1841 0.5699 0.1877, -0.1844 0.5695 0.1905, -0.1844 0.5699 0.1905, -0.1845 0.5695 0.1933, -0.1845 0.5699 0.1933, -0.1845 0.5695 0.1957, -0.1845 0.5699 0.1957, -0.1842 0.5695 0.1982, -0.1842 0.5699 0.1982, -0.1837 0.5695 0.2006, -0.1837 0.5699 0.2006, -0.183 0.5695 0.2029, -0.183 0.5699 0.2029, -0.1821 0.5695 0.205, -0.1821 0.5699 0.205, -0.181 0.5695 0.2069, -0.181 0.5699 0.2069, -0.1797 0.5695 0.2088, -0.1797 0.5699 0.2088, -0.1782 0.5695 0.2106, -0.1782 0.5699 0.2106, -0.1765 0.5695 0.2123, -0.1765 0.5699 0.2123, -0.176 0.5695 0.2127, -0.176 0.5699 0.2127, -0.1741 0.5695 0.2142, -0.1741 0.5699 0.2142, -0.172 0.5695 0.2155, -0.172 0.5699 0.2155, -0.1698 0.5695 0.2166, -0.1698 0.5699 0.2166, -0.1674 0.5695 0.2176, -0.1674 0.5699 0.2176, -0.1649 0.5695 0.2183, -0.1649 0.5699 0.2183, -0.1622 0.5695 0.2189, -0.1622 0.5699 0.2189, -0.1593 0.5695 0.2192, -0.1593 0.5699 0.2192, -0.1563 0.5695 0.2194, -0.1563 0.5699 0.2194, -0.1411 0.5699 0.2194, -0.1411 0.5695 0.2194, -0.1411 0.5699 0.166, -0.1411 0.5695 0.166, -0.1558 0.5699 0.166, -0.1558 0.5695 0.166, -0.1577 0.5695 0.166, -0.1577 0.5699 0.166, -0.1605 0.5695 0.1663, -0.1605 0.5699 0.1663, -0.1632 0.5695 0.1667, -0.1632 0.5699 0.1667, -0.1658 0.5695 0.1673, -0.1658 0.5699 0.1673, -0.1682 0.5695 0.1682, -0.1682 0.5699 0.1682, -0.1704 0.5695 0.1692, -0.1704 0.5699 0.1692, -0.1726 0.5695 0.1704, -0.1726 0.5699 0.1704, -0.1746 0.5695 0.1718, -0.1746 0.5699 0.1718, -0.1728 0.5699 0.2069, -0.1714 0.5699 0.2082, -0.1698 0.5699 0.2095, -0.1666 0.5699 0.1742, -0.1684 0.5699 0.1752, -0.1701 0.5699 0.1763, -0.1716 0.5699 0.1776, -0.1723 0.5699 0.1784, -0.1736 0.5699 0.1799, -0.1747 0.5699 0.1816, -0.1756 0.5699 0.1835, -0.1763 0.5699 0.1856, -0.1769 0.5699 0.198, -0.1764 0.5699 0.2001, -0.1758 0.5699 0.202, -0.175 0.5699 0.2038, -0.174 0.5699 0.2054, -0.168 0.5699 0.2106, -0.166 0.5699 0.2115, -0.1638 0.5699 0.2122, -0.1614 0.5699 0.2128, -0.1588 0.5699 0.2131, -0.156 0.5699 0.2132, -0.148 0.5699 0.2132, -0.148 0.5699 0.1721, -0.1557 0.5699 0.1721, -0.1576 0.5699 0.1721, -0.1602 0.5699 0.1724, -0.1625 0.5699 0.1728, -0.1646 0.5699 0.1734, -0.1768 0.5699 0.1879, -0.1772 0.5699 0.1904, -0.1773 0.5699 0.1932, -0.1772 0.5699 0.1956, -0.1684 0.5695 0.1752, -0.1701 0.5695 0.1763, -0.168 0.5695 0.2106, -0.1698 0.5695 0.2095, -0.1714 0.5695 0.2082, -0.1728 0.5695 0.2069, -0.174 0.5695 0.2054, -0.175 0.5695 0.2038, -0.1758 0.5695 0.202, -0.1764 0.5695 0.2001, -0.1716 0.5695 0.1776, -0.1723 0.5695 0.1784, -0.1736 0.5695 0.1799, -0.1768 0.5695 0.1879, -0.1763 0.5695 0.1856, -0.1756 0.5695 0.1835, -0.1747 0.5695 0.1816, -0.1666 0.5695 0.1742, -0.1646 0.5695 0.1734, -0.1625 0.5695 0.1728, -0.1602 0.5695 0.1724, -0.1576 0.5695 0.1721, -0.1557 0.5695 0.1721, -0.148 0.5695 0.1721, -0.148 0.5695 0.2132, -0.156 0.5695 0.2132, -0.1588 0.5695 0.2131, -0.1614 0.5695 0.2128, -0.1638 0.5695 0.2122, -0.166 0.5695 0.2115, -0.1769 0.5695 0.198, -0.1772 0.5695 0.1956, -0.1773 0.5695 0.1932, -0.1772 0.5695 0.1904, -0.0778 0.5699 0.1712, -0.0778 0.5695 0.1712, -0.0768 0.5695 0.1712, -0.0768 0.5699 0.1712, -0.0746 0.5695 0.1714, -0.0746 0.5699 0.1714, -0.0726 0.5695 0.1718, -0.0726 0.5699 0.1718, -0.0707 0.5695 0.1724, -0.0707 0.5699 0.1724, -0.0689 0.5695 0.1732, -0.0689 0.5699 0.1732, -0.0672 0.5695 0.1742, -0.0672 0.5699 0.1742, -0.0656 0.5695 0.1754, -0.0656 0.5699 0.1754, -0.0641 0.5695 0.1768, -0.0641 0.5699 0.1768, -0.0637 0.5695 0.1772, -0.0637 0.5699 0.1772, -0.0626 0.5695 0.1788, -0.0626 0.5699 0.1788, -0.0615 0.5695 0.1805, -0.0615 0.5699 0.1805, -0.0606 0.5695 0.1824, -0.0606 0.5699 0.1824, -0.0598 0.5695 0.1845, -0.0598 0.5699 0.1845, -0.0593 0.5695 0.1868, -0.0593 0.5699 0.1868, -0.059 0.5695 0.1893, -0.059 0.5699 0.1893, -0.0589 0.5695 0.1921, -0.0589 0.5699 0.1921, -0.0589 0.5695 0.1938, -0.0589 0.5699 0.1938, -0.0592 0.5695 0.1964, -0.0592 0.5699 0.1964, -0.0596 0.5695 0.1987, -0.0596 0.5699 0.1987, -0.0602 0.5695 0.2009, -0.0602 0.5699 0.2009, -0.061 0.5695 0.2029, -0.061 0.5699 0.2029, -0.062 0.5695 0.2048, -0.062 0.5699 0.2048, -0.0631 0.5695 0.2065, -0.0631 0.5699 0.2065, -0.0645 0.5695 0.2081, -0.0645 0.5699 0.2081, -0.0653 0.5695 0.2089, -0.0653 0.5699 0.2089, -0.0669 0.5695 0.2102, -0.0669 0.5699 0.2102, -0.0685 0.5695 0.2114, -0.0685 0.5699 0.2114, -0.0703 0.5695 0.2123, -0.0703 0.5699 0.2123, -0.0723 0.5695 0.213, -0.0723 0.5699 0.213, -0.0744 0.5695 0.2136, -0.0744 0.5699 0.2136, -0.0766 0.5695 0.2139, -0.0766 0.5699 0.2139, -0.079 0.5695 0.214, -0.079 0.5699 0.214, -0.0802 0.5695 0.214, -0.0802 0.5699 0.214, -0.0826 0.5695 0.2138, -0.0826 0.5699 0.2138, -0.085 0.5695 0.2134, -0.085 0.5699 0.2134, -0.0873 0.5695 0.2128, -0.0873 0.5699 0.2128, -0.0895 0.5695 0.2119, -0.0895 0.5699 0.2119, -0.0916 0.5695 0.2109, -0.0916 0.5699 0.2109, -0.0916 0.5699 0.2181, -0.0916 0.5695 0.2181, -0.0903 0.5695 0.2186, -0.0903 0.5699 0.2186, -0.0879 0.5695 0.2193, -0.0879 0.5699 0.2193, -0.0853 0.5695 0.2198, -0.0853 0.5699 0.2198, -0.0823 0.5695 0.2201, -0.0823 0.5699 0.2201, -0.079 0.5695 0.2203, -0.079 0.5699 0.2203, -0.077 0.5695 0.2202, -0.077 0.5699 0.2202, -0.0743 0.5695 0.2199, -0.0743 0.5699 0.2199, -0.0719 0.5695 0.2195, -0.0719 0.5699 0.2195, -0.0695 0.5695 0.2188, -0.0695 0.5699 0.2188, -0.0673 0.5695 0.2179, -0.0673 0.5699 0.2179, -0.0652 0.5695 0.2169, -0.0652 0.5699 0.2169, -0.0631 0.5695 0.2156, -0.0631 0.5699 0.2156, -0.0612 0.5695 0.2141, -0.0612 0.5699 0.2141, -0.0593 0.5695 0.2124, -0.0593 0.5699 0.2124, -0.0582 0.5695 0.2111, -0.0582 0.5699 0.2111, -0.0567 0.5695 0.2092, -0.0567 0.5699 0.2092, -0.0554 0.5695 0.2072, -0.0554 0.5699 0.2072, -0.0543 0.5695 0.2051, -0.0543 0.5699 0.2051, -0.0534 0.5695 0.2027, -0.0534 0.5699 0.2027, -0.0526 0.5695 0.2002, -0.0526 0.5699 0.2002, -0.0521 0.5695 0.1976, -0.0521 0.5699 0.1976, -0.0517 0.5695 0.1947, -0.0517 0.5699 0.1947, -0.0516 0.5695 0.1917, -0.0516 0.5699 0.1917, -0.0517 0.5695 0.1905, -0.0517 0.5699 0.1905, -0.0518 0.5695 0.1876, -0.0518 0.5699 0.1876, -0.0522 0.5695 0.185, -0.0522 0.5699 0.185, -0.0528 0.5695 0.1825, -0.0528 0.5699 0.1825, -0.0536 0.5695 0.1802, -0.0536 0.5699 0.1802, -0.0545 0.5695 0.1781, -0.0545 0.5699 0.1781, -0.0557 0.5695 0.176, -0.0557 0.5699 0.176, -0.057 0.5695 0.1741, -0.057 0.5699 0.1741, -0.0585 0.5695 0.1724, -0.0585 0.5699 0.1724, -0.0592 0.5695 0.1716, -0.0592 0.5699 0.1716, -0.0609 0.5695 0.1701, -0.0609 0.5699 0.1701, -0.0627 0.5695 0.1688, -0.0627 0.5699 0.1688, -0.0647 0.5695 0.1677, -0.0647 0.5699 0.1677, -0.0667 0.5695 0.1668, -0.0667 0.5699 0.1668, -0.069 0.5695 0.1661, -0.069 0.5699 0.1661, -0.0714 0.5695 0.1655, -0.0714 0.5699 0.1655, -0.074 0.5695 0.1652, -0.074 0.5699 0.1652, -0.0768 0.5695 0.1651, -0.0768 0.5699 0.1651, -0.0793 0.5695 0.1651, -0.0793 0.5699 0.1651, -0.0822 0.5695 0.1654, -0.0822 0.5699 0.1654, -0.0849 0.5695 0.1658, -0.0849 0.5699 0.1658, -0.0873 0.5695 0.1665, -0.0873 0.5699 0.1665, -0.0896 0.5695 0.1672, -0.0896 0.5699 0.1672, -0.0916 0.5695 0.1682, -0.0916 0.5699 0.1682, -0.0916 0.5699 0.1748, -0.0916 0.5695 0.1748, -0.09 0.5695 0.1739, -0.09 0.5699 0.1739, -0.0878 0.5695 0.1729, -0.0878 0.5699 0.1729, -0.0856 0.5695 0.1722, -0.0856 0.5699 0.1722, -0.0832 0.5695 0.1717, -0.0832 0.5699 0.1717, -0.0806 0.5695 0.1713, -0.0806 0.5699 0.1713, -0.2747 0.5699 0.1347, -0.282 0.5699 0.1347, -0.2747 0.5695 0.1347, -0.282 0.5695 0.1347, -0.2543 0.5699 0.0813, -0.2543 0.5695 0.0813, -0.262 0.5699 0.0813, -0.262 0.5695 0.0813, -0.2671 0.5699 0.0959, -0.2671 0.5695 0.0959, -0.2893 0.5699 0.0959, -0.2893 0.5695 0.0959, -0.2948 0.5699 0.0813, -0.2948 0.5695 0.0813, -0.3024 0.5699 0.0813, -0.3024 0.5695 0.0813, -0.2693 0.5699 0.1019, -0.2773 0.5699 0.1241, -0.2777 0.5699 0.1257, -0.2781 0.5699 0.1278, -0.2783 0.5699 0.1278, -0.2787 0.5699 0.1256, -0.2791 0.5699 0.1241, -0.2872 0.5699 0.1019, -0.2693 0.5695 0.1019, -0.2872 0.5695 0.1019, -0.2791 0.5695 0.1241, -0.2787 0.5695 0.1256, -0.2783 0.5695 0.1278, -0.2781 0.5695 0.1278, -0.2777 0.5695 0.1257, -0.2773 0.5695 0.1241, -0.176 0.5699 0.0874, -0.1978 0.5699 0.0874, -0.176 0.5695 0.0874, -0.1978 0.5695 0.0874, -0.176 0.5699 0.1053, -0.176 0.5695 0.1053, -0.1951 0.5699 0.1053, -0.1951 0.5695 0.1053, -0.1951 0.5699 0.1114, -0.1951 0.5695 0.1114, -0.176 0.5699 0.1114, -0.176 0.5695 0.1114, -0.176 0.5699 0.1285, -0.176 0.5695 0.1285, -0.1966 0.5699 0.1285, -0.1966 0.5695 0.1285, -0.1966 0.5699 0.1347, -0.1966 0.5695 0.1347, -0.1691 0.5699 0.1347, -0.1691 0.5695 0.1347, -0.1691 0.5699 0.0813, -0.1691 0.5695 0.0813, -0.1978 0.5699 0.0813, -0.1978 0.5695 0.0813, -0.0282 0.5699 0.0874, -0.05 0.5699 0.0874, -0.0282 0.5695 0.0874, -0.05 0.5695 0.0874, -0.0282 0.5699 0.1053, -0.0282 0.5695 0.1053, -0.0473 0.5699 0.1053, -0.0473 0.5695 0.1053, -0.0473 0.5699 0.1114, -0.0473 0.5695 0.1114, -0.0282 0.5699 0.1114, -0.0282 0.5695 0.1114, -0.0282 0.5699 0.1285, -0.0282 0.5695 0.1285, -0.0488 0.5699 0.1285, -0.0488 0.5695 0.1285, -0.0488 0.5699 0.1347, -0.0488 0.5695 0.1347, -0.0213 0.5699 0.1347, -0.0213 0.5695 0.1347, -0.0213 0.5699 0.0813, -0.0213 0.5695 0.0813, -0.05 0.5699 0.0813, -0.05 0.5695 0.0813, -0.2078 0.5699 0.2194, -0.2152 0.5699 0.2194, -0.2078 0.5695 0.2194, -0.2152 0.5695 0.2194, -0.1875 0.5699 0.166, -0.1875 0.5695 0.166, -0.1951 0.5699 0.166, -0.1951 0.5695 0.166, -0.2002 0.5699 0.1806, -0.2002 0.5695 0.1806, -0.2225 0.5699 0.1806, -0.2225 0.5695 0.1806, -0.2279 0.5699 0.166, -0.2279 0.5695 0.166, -0.2355 0.5699 0.166, -0.2355 0.5695 0.166, -0.2024 0.5699 0.1866, -0.2104 0.5699 0.2088, -0.2109 0.5699 0.2104, -0.2113 0.5699 0.2125, -0.2114 0.5699 0.2125, -0.2119 0.5699 0.2103, -0.2123 0.5699 0.2088, -0.2203 0.5699 0.1866, -0.2024 0.5695 0.1866, -0.2203 0.5695 0.1866, -0.2123 0.5695 0.2088, -0.2119 0.5695 0.2103, -0.2114 0.5695 0.2125, -0.2113 0.5695 0.2125, -0.2109 0.5695 0.2104, -0.2104 0.5695 0.2088, -0.1092 0.5699 0.1721, -0.131 0.5699 0.1721, -0.1092 0.5695 0.1721, -0.131 0.5695 0.1721, -0.1092 0.5699 0.19, -0.1092 0.5695 0.19, -0.1283 0.5699 0.19, -0.1283 0.5695 0.19, -0.1283 0.5699 0.1961, -0.1283 0.5695 0.1961, -0.1092 0.5699 0.1961, -0.1092 0.5695 0.1961, -0.1092 0.5699 0.2132, -0.1092 0.5695 0.2132, -0.1298 0.5699 0.2132, -0.1298 0.5695 0.2132, -0.1298 0.5699 0.2194, -0.1298 0.5695 0.2194, -0.1023 0.5699 0.2194, -0.1023 0.5695 0.2194, -0.1023 0.5699 0.166, -0.1023 0.5695 0.166, -0.131 0.5699 0.166, -0.131 0.5695 0.166, -0.0282 0.5699 0.1721, -0.0495 0.5699 0.1721, -0.0282 0.5695 0.1721, -0.0495 0.5695 0.1721, -0.0282 0.5699 0.2194, -0.0282 0.5695 0.2194, -0.0213 0.5699 0.2194, -0.0213 0.5695 0.2194, -0.0213 0.5699 0.166, -0.0213 0.5695 0.166, -0.0495 0.5699 0.166, -0.0495 0.5695 0.166
            ]
        }
        coordIndex [
            0,1,2,-1,0,2,3,-1,3,2,4,-1,3,4,5,-1,5,4,6,-1,5,6,7,-1,7,6,8,-1,7,8,9,-1,9,8,10,-1,9,10,11,-1,11,10,12,-1,11,12,13,-1,13,12,14,-1,13,14,15,-1,15,14,16,-1,15,16,17,-1,17,16,18,-1,17,18,19,-1,19,18,20,-1,19,20,21,-1,21,20,22,-1,21,22,23,-1,23,22,24,-1,23,24,25,-1,25,24,26,-1,25,26,27,-1,27,26,28,-1,27,28,29,-1,29,28,30,-1,29,30,31,-1,31,30,32,-1,31,32,33,-1,33,32,34,-1,33,34,35,-1,35,34,36,-1,35,36,37,-1,37,36,38,-1,37,38,39,-1,39,38,40,-1,39,40,41,-1,41,40,42,-1,41,42,43,-1,43,42,44,-1,43,44,45,-1,45,44,46,-1,45,46,47,-1,47,46,48,-1,47,48,49,-1,49,48,50,-1,49,50,51,-1,51,50,52,-1,51,52,53,-1,53,52,54,-1,53,54,55,-1,55,54,56,-1,55,56,57,-1,57,56,58,-1,57,58,59,-1,59,58,60,-1,59,60,61,-1,61,60,62,-1,61,62,63,-1,63,62,64,-1,63,64,65,-1,65,64,66,-1,65,66,67,-1,67,66,68,-1,67,68,69,-1,69,68,70,-1,69,70,71,-1,71,70,72,-1,71,72,73,-1,73,72,74,-1,73,74,75,-1,75,74,76,-1,75,76,77,-1,77,76,78,-1,77,78,79,-1,79,78,80,-1,79,80,81,-1,81,80,82,-1,81,82,83,-1,83,82,84,-1,83,84,85,-1,85,84,86,-1,85,86,87,-1,87,86,88,-1,87,88,89,-1,89,88,90,-1,89,90,91,-1,91,90,92,-1,91,92,93,-1,93,92,94,-1,93,94,95,-1,95,94,96,-1,95,96,97,-1,97,96,98,-1,97,98,99,-1,99,98,100,-1,99,100,101,-1,101,100,102,-1,101,102,103,-1,103,102,104,-1,103,104,105,-1,105,104,106,-1,105,106,107,-1,107,106,108,-1,107,108,109,-1,109,108,110,-1,109,110,111,-1,111,110,112,-1,111,112,113,-1,113,112,114,-1,113,114,115,-1,115,114,116,-1,115,116,117,-1,117,116,118,-1,117,118,119,-1,119,118,120,-1,119,120,121,-1,121,120,122,-1,121,122,123,-1,123,122,124,-1,123,124,125,-1,125,124,126,-1,125,126,127,-1,127,126,128,-1,127,128,129,-1,129,128,130,-1,129,130,131,-1,131,130,132,-1,131,132,133,-1,133,132,134,-1,133,134,135,-1,135,134,136,-1,135,136,137,-1,137,136,138,-1,137,138,139,-1,139,138,140,-1,139,140,141,-1,141,140,142,-1,141,142,143,-1,143,142,144,-1,143,144,145,-1,145,144,146,-1,145,146,147,-1,147,146,148,-1,147,148,149,-1,149,148,150,-1,149,150,151,-1,151,150,152,-1,151,152,153,-1,153,152,154,-1,153,154,155,-1,155,154,156,-1,155,156,157,-1,157,156,158,-1,157,158,159,-1,159,158,160,-1,159,160,161,-1,161,160,162,-1,161,162,163,-1,163,162,164,-1,163,164,165,-1,166,165,167,-1,167,165,164,-1,168,166,169,-1,169,166,167,-1,170,168,171,-1,171,168,169,-1,172,170,173,-1,173,170,171,-1,172,173,174,-1,172,174,175,-1,175,174,176,-1,175,176,177,-1,177,176,178,-1,177,178,179,-1,179,178,180,-1,179,180,181,-1,181,180,182,-1,181,182,183,-1,183,182,184,-1,183,184,185,-1,185,184,186,-1,185,186,187,-1,187,186,188,-1,187,188,189,-1,189,188,190,-1,189,190,191,-1,191,190,192,-1,191,192,193,-1,193,192,194,-1,193,194,195,-1,195,194,196,-1,195,196,197,-1,197,196,198,-1,197,198,199,-1,199,198,200,-1,199,200,201,-1,201,200,202,-1,201,202,203,-1,203,202,204,-1,203,204,205,-1,205,204,206,-1,205,206,207,-1,207,206,208,-1,207,208,209,-1,209,208,210,-1,209,210,211,-1,211,210,212,-1,211,212,213,-1,213,212,214,-1,213,214,215,-1,215,214,216,-1,215,216,217,-1,217,216,218,-1,217,218,219,-1,219,218,220,-1,219,220,221,-1,221,220,222,-1,221,222,223,-1,223,222,224,-1,223,224,225,-1,225,224,226,-1,225,226,227,-1,227,226,228,-1,227,228,229,-1,229,228,230,-1,229,230,231,-1,231,230,232,-1,231,232,233,-1,233,232,234,-1,233,234,235,-1,235,234,236,-1,235,236,237,-1,237,236,238,-1,237,238,239,-1,239,238,240,-1,239,240,241,-1,241,240,242,-1,241,242,243,-1,243,242,244,-1,243,244,245,-1,245,244,246,-1,245,246,247,-1,247,246,248,-1,247,248,249,-1,249,248,250,-1,249,250,251,-1,251,250,252,-1,251,252,253,-1,253,252,254,-1,253,254,255,-1,255,254,256,-1,255,256,257,-1,257,256,258,-1,257,258,259,-1,259,258,260,-1,259,260,261,-1,261,260,262,-1,261,262,263,-1,263,262,264,-1,263,264,265,-1,265,264,266,-1,265,266,267,-1,267,266,268,-1,267,268,269,-1,269,268,270,-1,269,270,271,-1,271,270,272,-1,271,272,273,-1,273,272,274,-1,273,274,275,-1,275,274,276,-1,275,276,277,-1,277,276,278,-1,277,278,279,-1,279,278,280,-1,279,280,281,-1,281,280,282,-1,281,282,283,-1,283,282,284,-1,283,284,285,-1,285,284,286,-1,285,286,287,-1,288,287,289,-1,289,287,286,-1,288,289,290,-1,288,290,291,-1,291,290,292,-1,291,292,293,-1,293,292,294,-1,293,294,295,-1,295,294,296,-1,295,296,297,-1,297,296,298,-1,297,298,299,-1,299,298,300,-1,299,300,301,-1,301,300,302,-1,301,302,303,-1,303,302,304,-1,303,304,305,-1,305,304,306,-1,305,306,307,-1,307,306,308,-1,307,308,309,-1,309,308,310,-1,309,310,311,-1,311,310,312,-1,311,312,313,-1,313,312,314,-1,313,314,315,-1,315,314,316,-1,315,316,317,-1,317,316,318,-1,317,318,319,-1,319,318,320,-1,319,320,321,-1,321,320,322,-1,321,322,323,-1,323,322,324,-1,323,324,325,-1,326,325,327,-1,327,325,324,-1,326,327,328,-1,326,328,329,-1,329,328,330,-1,329,330,331,-1,331,330,332,-1,331,332,333,-1,333,332,334,-1,333,334,335,-1,335,334,336,-1,335,336,337,-1,337,336,338,-1,337,338,339,-1,339,338,340,-1,339,340,341,-1,341,340,342,-1,341,342,343,-1,343,342,344,-1,343,344,345,-1,345,344,346,-1,345,346,347,-1,347,346,348,-1,347,348,349,-1,349,348,350,-1,349,350,351,-1,351,350,352,-1,351,352,353,-1,353,352,354,-1,353,354,355,-1,355,354,356,-1,355,356,357,-1,357,356,358,-1,357,358,359,-1,359,358,360,-1,359,360,361,-1,362,361,363,-1,363,361,360,-1,362,363,364,-1,362,364,365,-1,365,364,366,-1,365,366,367,-1,367,366,368,-1,367,368,369,-1,369,368,370,-1,369,370,371,-1,371,370,372,-1,371,372,373,-1,373,372,1,-1,373,1,0,-1,137,139,201,-1,374,375,155,-1,155,375,153,-1,153,375,376,-1,153,376,151,-1,285,287,33,-1,33,287,288,-1,377,378,166,-1,166,378,379,-1,166,379,380,-1,168,170,166,-1,166,170,172,-1,166,172,377,-1,377,172,381,-1,131,133,201,-1,201,133,135,-1,201,135,137,-1,380,382,166,-1,166,382,383,-1,166,383,165,-1,165,383,384,-1,165,384,163,-1,163,384,385,-1,155,157,374,-1,374,157,159,-1,374,159,385,-1,385,159,161,-1,385,161,163,-1,151,376,149,-1,149,376,386,-1,149,386,147,-1,147,386,387,-1,147,387,145,-1,388,201,389,-1,389,201,139,-1,389,139,390,-1,390,139,391,-1,392,191,393,-1,393,191,193,-1,393,193,394,-1,183,185,392,-1,215,111,213,-1,213,111,113,-1,213,113,211,-1,211,113,115,-1,211,115,209,-1,223,101,221,-1,221,101,103,-1,221,103,219,-1,219,103,105,-1,219,105,217,-1,217,105,107,-1,217,107,215,-1,215,107,109,-1,215,109,111,-1,241,243,75,-1,75,243,245,-1,75,245,247,-1,145,387,143,-1,143,387,395,-1,143,395,141,-1,141,395,139,-1,139,395,396,-1,139,396,391,-1,185,187,392,-1,392,187,189,-1,392,189,191,-1,288,291,33,-1,33,291,293,-1,33,293,31,-1,31,293,295,-1,31,295,29,-1,29,295,297,-1,247,249,75,-1,75,249,251,-1,75,251,73,-1,73,251,253,-1,73,253,71,-1,71,253,255,-1,388,397,201,-1,201,397,398,-1,201,398,199,-1,199,398,399,-1,199,399,197,-1,197,399,394,-1,197,394,195,-1,195,394,193,-1,177,179,392,-1,392,179,181,-1,392,181,183,-1,313,7,311,-1,311,7,9,-1,311,9,309,-1,309,9,11,-1,309,11,307,-1,275,47,273,-1,273,47,49,-1,273,49,271,-1,271,49,51,-1,271,51,269,-1,269,51,53,-1,269,53,267,-1,267,53,55,-1,267,55,265,-1,203,127,201,-1,201,127,129,-1,201,129,131,-1,115,117,209,-1,209,117,119,-1,209,119,207,-1,207,119,121,-1,207,121,205,-1,205,121,123,-1,205,123,203,-1,203,123,125,-1,203,125,127,-1,381,172,392,-1,392,172,175,-1,392,175,177,-1,319,373,317,-1,317,373,0,-1,317,0,315,-1,315,0,3,-1,315,3,313,-1,313,3,5,-1,313,5,7,-1,361,362,325,-1,325,362,365,-1,325,365,323,-1,323,365,367,-1,323,367,321,-1,321,367,369,-1,321,369,319,-1,319,369,371,-1,319,371,373,-1,279,41,277,-1,277,41,43,-1,277,43,275,-1,275,43,45,-1,275,45,47,-1,227,95,225,-1,225,95,97,-1,225,97,223,-1,223,97,99,-1,223,99,101,-1,237,81,235,-1,235,81,83,-1,235,83,233,-1,233,83,85,-1,233,85,231,-1,241,75,239,-1,239,75,77,-1,239,77,237,-1,237,77,79,-1,237,79,81,-1,303,21,301,-1,301,21,23,-1,301,23,299,-1,299,23,25,-1,299,25,297,-1,297,25,27,-1,297,27,29,-1,11,13,307,-1,307,13,15,-1,307,15,305,-1,305,15,17,-1,305,17,303,-1,303,17,19,-1,303,19,21,-1,325,326,361,-1,361,326,329,-1,361,329,359,-1,359,329,331,-1,55,57,265,-1,265,57,59,-1,265,59,263,-1,263,59,61,-1,263,61,261,-1,261,61,63,-1,261,63,259,-1,259,63,65,-1,259,65,257,-1,257,65,67,-1,257,67,255,-1,255,67,69,-1,255,69,71,-1,285,33,283,-1,283,33,35,-1,283,35,281,-1,281,35,37,-1,281,37,279,-1,279,37,39,-1,279,39,41,-1,85,87,231,-1,231,87,89,-1,231,89,229,-1,229,89,91,-1,229,91,227,-1,227,91,93,-1,227,93,95,-1,331,333,359,-1,359,333,335,-1,359,335,357,-1,357,335,355,-1,337,339,335,-1,335,339,341,-1,335,341,343,-1,349,351,335,-1,335,351,353,-1,335,353,355,-1,343,345,335,-1,335,345,347,-1,335,347,349,-1,400,401,118,-1,224,222,98,-1,252,250,74,-1,294,292,32,-1,32,292,290,-1,32,290,289,-1,124,122,401,-1,401,122,120,-1,401,120,118,-1,164,156,154,-1,98,222,100,-1,100,222,220,-1,100,220,102,-1,402,403,200,-1,200,403,404,-1,200,404,405,-1,162,160,164,-1,164,160,158,-1,164,158,156,-1,171,169,173,-1,173,169,167,-1,173,167,150,-1,150,167,164,-1,150,164,152,-1,152,164,154,-1,250,248,74,-1,74,248,246,-1,74,246,244,-1,406,407,184,-1,102,220,104,-1,104,220,218,-1,104,218,106,-1,106,218,216,-1,106,216,108,-1,108,216,214,-1,108,214,110,-1,110,214,212,-1,110,212,112,-1,112,212,114,-1,114,212,210,-1,114,210,116,-1,116,210,208,-1,116,208,118,-1,118,208,206,-1,118,206,204,-1,272,46,274,-1,274,46,44,-1,274,44,276,-1,74,72,252,-1,252,72,70,-1,252,70,254,-1,254,70,68,-1,254,68,256,-1,256,68,66,-1,256,66,258,-1,258,66,64,-1,258,64,260,-1,260,64,62,-1,260,62,262,-1,32,30,294,-1,294,30,28,-1,294,28,296,-1,296,28,26,-1,296,26,298,-1,298,26,24,-1,298,24,300,-1,408,409,150,-1,150,409,410,-1,150,410,411,-1,184,182,406,-1,406,182,180,-1,406,180,412,-1,405,400,200,-1,200,400,118,-1,200,118,202,-1,202,118,204,-1,413,142,414,-1,414,142,140,-1,414,140,415,-1,180,178,412,-1,412,178,176,-1,412,176,416,-1,416,176,174,-1,416,174,417,-1,417,174,173,-1,417,173,418,-1,402,200,407,-1,407,200,198,-1,407,198,196,-1,98,96,224,-1,224,96,94,-1,224,94,226,-1,226,94,92,-1,226,92,228,-1,316,372,318,-1,318,372,370,-1,318,370,320,-1,320,370,368,-1,320,368,322,-1,310,6,312,-1,312,6,4,-1,312,4,314,-1,314,4,2,-1,314,2,316,-1,316,2,1,-1,316,1,372,-1,150,148,408,-1,408,148,146,-1,408,146,413,-1,413,146,144,-1,413,144,142,-1,234,80,236,-1,236,80,78,-1,236,78,238,-1,238,78,76,-1,238,76,240,-1,240,76,74,-1,240,74,242,-1,242,74,244,-1,92,90,228,-1,228,90,88,-1,228,88,230,-1,230,88,86,-1,230,86,232,-1,232,86,84,-1,232,84,234,-1,234,84,82,-1,234,82,80,-1,62,60,262,-1,262,60,58,-1,262,58,264,-1,264,58,56,-1,264,56,266,-1,266,56,54,-1,266,54,268,-1,268,54,52,-1,268,52,270,-1,270,52,50,-1,270,50,272,-1,272,50,48,-1,272,48,46,-1,304,14,306,-1,306,14,12,-1,306,12,308,-1,308,12,10,-1,308,10,310,-1,310,10,8,-1,310,8,6,-1,24,22,300,-1,300,22,20,-1,300,20,302,-1,302,20,18,-1,302,18,304,-1,304,18,16,-1,304,16,14,-1,140,138,415,-1,415,138,136,-1,415,136,419,-1,419,136,134,-1,419,134,420,-1,420,134,132,-1,420,132,421,-1,421,132,130,-1,421,130,422,-1,422,130,128,-1,422,128,401,-1,401,128,126,-1,401,126,124,-1,411,423,150,-1,150,423,424,-1,150,424,173,-1,173,424,425,-1,173,425,418,-1,196,194,407,-1,407,194,192,-1,407,192,190,-1,44,42,276,-1,276,42,40,-1,276,40,278,-1,278,40,38,-1,278,38,280,-1,280,38,36,-1,280,36,282,-1,282,36,34,-1,282,34,284,-1,284,34,32,-1,284,32,286,-1,286,32,289,-1,334,332,358,-1,358,332,330,-1,358,330,360,-1,368,366,322,-1,322,366,364,-1,322,364,324,-1,324,364,363,-1,324,363,327,-1,327,363,360,-1,327,360,328,-1,328,360,330,-1,190,188,407,-1,407,188,186,-1,407,186,184,-1,358,356,334,-1,334,356,354,-1,334,354,352,-1,352,350,334,-1,334,350,348,-1,334,348,346,-1,336,334,338,-1,338,334,340,-1,346,344,334,-1,334,344,342,-1,334,342,340,-1,387,413,414,-1,387,414,395,-1,395,414,415,-1,395,415,396,-1,396,415,419,-1,396,419,391,-1,391,419,420,-1,391,420,390,-1,390,420,421,-1,390,421,389,-1,389,421,422,-1,389,422,388,-1,388,422,401,-1,388,401,397,-1,397,401,400,-1,397,400,398,-1,398,400,405,-1,398,405,399,-1,399,405,404,-1,399,404,394,-1,394,404,403,-1,394,403,393,-1,393,403,402,-1,393,402,392,-1,392,402,407,-1,392,407,381,-1,381,407,406,-1,381,406,377,-1,377,406,412,-1,377,412,378,-1,378,412,416,-1,378,416,379,-1,379,416,417,-1,379,417,380,-1,380,417,418,-1,380,418,382,-1,382,418,425,-1,382,425,383,-1,383,425,424,-1,383,424,384,-1,384,424,423,-1,384,423,385,-1,385,423,411,-1,385,411,374,-1,374,411,410,-1,374,410,375,-1,375,410,409,-1,375,409,376,-1,376,409,408,-1,376,408,386,-1,386,408,413,-1,386,413,387,-1,426,427,428,-1,426,428,429,-1,429,428,430,-1,429,430,431,-1,431,430,432,-1,431,432,433,-1,433,432,434,-1,433,434,435,-1,435,434,436,-1,435,436,437,-1,437,436,438,-1,437,438,439,-1,439,438,440,-1,439,440,441,-1,441,440,442,-1,441,442,443,-1,443,442,444,-1,443,444,445,-1,445,444,446,-1,445,446,447,-1,447,446,448,-1,447,448,449,-1,449,448,450,-1,449,450,451,-1,451,450,452,-1,451,452,453,-1,453,452,454,-1,453,454,455,-1,455,454,456,-1,455,456,457,-1,457,456,458,-1,457,458,459,-1,459,458,460,-1,459,460,461,-1,461,460,462,-1,461,462,463,-1,463,462,464,-1,463,464,465,-1,465,464,466,-1,465,466,467,-1,467,466,468,-1,467,468,469,-1,469,468,470,-1,469,470,471,-1,471,470,472,-1,471,472,473,-1,473,472,474,-1,473,474,475,-1,475,474,476,-1,475,476,477,-1,477,476,478,-1,477,478,479,-1,479,478,480,-1,479,480,481,-1,482,481,483,-1,483,481,480,-1,484,482,485,-1,485,482,483,-1,486,484,487,-1,487,484,485,-1,486,487,488,-1,486,488,489,-1,489,488,490,-1,489,490,491,-1,491,490,492,-1,491,492,493,-1,493,492,494,-1,493,494,495,-1,495,494,496,-1,495,496,497,-1,497,496,498,-1,497,498,499,-1,499,498,500,-1,499,500,501,-1,501,500,502,-1,501,502,503,-1,503,502,427,-1,503,427,426,-1,504,463,505,-1,505,463,465,-1,505,465,506,-1,507,499,508,-1,508,499,501,-1,508,501,509,-1,509,501,503,-1,509,503,510,-1,510,503,426,-1,510,426,511,-1,511,426,429,-1,511,429,512,-1,512,429,431,-1,512,431,513,-1,513,431,433,-1,513,433,514,-1,514,433,435,-1,514,435,515,-1,516,451,517,-1,517,451,453,-1,517,453,518,-1,518,453,455,-1,518,455,519,-1,519,455,457,-1,519,457,520,-1,520,457,459,-1,520,459,504,-1,504,459,461,-1,504,461,463,-1,435,437,515,-1,515,437,439,-1,515,439,521,-1,521,439,441,-1,521,441,522,-1,522,441,443,-1,522,443,523,-1,523,443,445,-1,523,445,524,-1,524,445,447,-1,524,447,516,-1,516,447,449,-1,516,449,451,-1,465,467,506,-1,506,467,469,-1,506,469,525,-1,525,469,471,-1,525,471,526,-1,526,471,473,-1,526,473,527,-1,527,473,475,-1,527,475,528,-1,528,475,477,-1,528,477,529,-1,529,477,479,-1,529,479,530,-1,530,479,481,-1,530,481,531,-1,531,481,482,-1,531,482,532,-1,532,482,484,-1,532,484,533,-1,533,484,486,-1,533,486,534,-1,534,486,489,-1,534,489,535,-1,535,489,491,-1,535,491,536,-1,536,491,493,-1,536,493,537,-1,537,493,495,-1,537,495,507,-1,507,495,497,-1,507,497,499,-1,538,539,502,-1,540,468,541,-1,541,468,466,-1,541,466,542,-1,502,539,427,-1,466,464,542,-1,542,464,462,-1,542,462,543,-1,543,462,460,-1,543,460,544,-1,544,460,458,-1,544,458,545,-1,545,458,456,-1,545,456,546,-1,546,456,454,-1,546,454,547,-1,539,548,427,-1,427,548,549,-1,427,549,428,-1,428,549,550,-1,551,438,552,-1,552,438,436,-1,552,436,553,-1,553,436,434,-1,553,434,554,-1,554,434,432,-1,554,432,550,-1,550,432,430,-1,550,430,428,-1,502,500,538,-1,538,500,498,-1,538,498,555,-1,555,498,496,-1,555,496,556,-1,556,496,494,-1,556,494,557,-1,557,494,492,-1,557,492,558,-1,558,492,490,-1,558,490,559,-1,559,490,488,-1,559,488,560,-1,560,488,487,-1,560,487,561,-1,561,487,485,-1,561,485,562,-1,562,485,483,-1,562,483,563,-1,563,483,480,-1,563,480,564,-1,564,480,478,-1,564,478,565,-1,565,478,476,-1,565,476,566,-1,566,476,474,-1,566,474,567,-1,567,474,472,-1,567,472,540,-1,540,472,470,-1,540,470,468,-1,454,452,547,-1,547,452,450,-1,547,450,568,-1,568,450,448,-1,568,448,569,-1,569,448,446,-1,569,446,570,-1,570,446,444,-1,570,444,571,-1,571,444,442,-1,571,442,551,-1,551,442,440,-1,551,440,438,-1,505,542,543,-1,505,543,504,-1,504,543,544,-1,504,544,520,-1,520,544,545,-1,520,545,519,-1,519,545,546,-1,519,546,518,-1,518,546,547,-1,518,547,517,-1,517,547,568,-1,517,568,516,-1,516,568,569,-1,516,569,524,-1,524,569,570,-1,524,570,523,-1,530,563,564,-1,530,564,529,-1,529,564,565,-1,529,565,528,-1,528,565,566,-1,528,566,527,-1,527,566,567,-1,527,567,526,-1,526,567,540,-1,526,540,525,-1,525,540,541,-1,525,541,506,-1,506,541,542,-1,506,542,505,-1,530,531,563,-1,563,531,562,-1,531,532,562,-1,562,532,561,-1,532,533,561,-1,561,533,560,-1,510,548,539,-1,510,539,509,-1,509,539,538,-1,509,538,508,-1,508,538,555,-1,508,555,507,-1,507,555,556,-1,507,556,537,-1,537,556,557,-1,537,557,536,-1,536,557,558,-1,536,558,535,-1,535,558,559,-1,535,559,534,-1,534,559,560,-1,534,560,533,-1,523,570,571,-1,523,571,522,-1,522,571,551,-1,522,551,521,-1,521,551,552,-1,521,552,515,-1,515,552,553,-1,515,553,514,-1,514,553,554,-1,514,554,513,-1,513,554,550,-1,513,550,512,-1,512,550,549,-1,512,549,511,-1,511,549,548,-1,511,548,510,-1,572,573,574,-1,572,574,575,-1,575,574,576,-1,575,576,577,-1,578,577,579,-1,579,577,576,-1,580,578,581,-1,581,578,579,-1,582,580,583,-1,583,580,581,-1,584,582,585,-1,585,582,583,-1,586,584,587,-1,587,584,585,-1,588,586,589,-1,589,586,587,-1,588,589,590,-1,588,590,591,-1,591,590,592,-1,591,592,593,-1,593,592,594,-1,593,594,595,-1,595,594,596,-1,595,596,597,-1,597,596,598,-1,597,598,599,-1,599,598,600,-1,599,600,601,-1,601,600,602,-1,601,602,603,-1,603,602,604,-1,603,604,605,-1,605,604,606,-1,605,606,607,-1,607,606,608,-1,607,608,609,-1,610,609,611,-1,611,609,608,-1,610,611,612,-1,610,612,613,-1,613,612,614,-1,613,614,615,-1,615,614,616,-1,615,616,617,-1,617,616,618,-1,617,618,619,-1,619,618,620,-1,619,620,621,-1,621,620,622,-1,621,622,623,-1,623,622,624,-1,623,624,625,-1,625,624,626,-1,625,626,627,-1,627,626,628,-1,627,628,629,-1,629,628,630,-1,629,630,631,-1,631,630,632,-1,631,632,633,-1,633,632,634,-1,633,634,635,-1,635,634,636,-1,635,636,637,-1,638,637,639,-1,639,637,636,-1,640,638,641,-1,641,638,639,-1,572,640,573,-1,573,640,641,-1,575,577,637,-1,638,640,637,-1,637,640,572,-1,637,572,575,-1,582,584,580,-1,580,584,586,-1,580,586,578,-1,601,621,599,-1,599,621,623,-1,599,623,597,-1,609,610,607,-1,607,610,613,-1,607,613,605,-1,605,613,615,-1,605,615,603,-1,603,615,617,-1,603,617,601,-1,601,617,619,-1,601,619,621,-1,623,625,597,-1,597,625,627,-1,597,627,595,-1,595,627,629,-1,595,629,593,-1,593,629,631,-1,593,631,591,-1,591,631,633,-1,591,633,588,-1,588,633,635,-1,588,635,586,-1,586,635,637,-1,586,637,578,-1,578,637,577,-1,579,589,587,-1,641,639,573,-1,573,639,636,-1,573,636,574,-1,574,636,576,-1,585,583,587,-1,587,583,581,-1,587,581,579,-1,598,596,624,-1,624,596,626,-1,626,596,594,-1,626,594,628,-1,604,612,606,-1,606,612,611,-1,606,611,608,-1,624,622,598,-1,598,622,620,-1,598,620,600,-1,600,620,618,-1,600,618,602,-1,602,618,616,-1,602,616,604,-1,604,616,614,-1,604,614,612,-1,628,594,630,-1,630,594,592,-1,630,592,632,-1,632,592,590,-1,632,590,634,-1,634,590,589,-1,634,589,636,-1,636,589,579,-1,636,579,576,-1,642,643,644,-1,642,644,645,-1,645,644,646,-1,645,646,647,-1,647,646,648,-1,647,648,649,-1,649,648,650,-1,649,650,651,-1,651,650,652,-1,651,652,653,-1,653,652,654,-1,653,654,655,-1,655,654,656,-1,655,656,657,-1,657,656,658,-1,657,658,659,-1,659,658,660,-1,659,660,661,-1,661,660,662,-1,661,662,663,-1,663,662,664,-1,663,664,665,-1,665,664,666,-1,665,666,667,-1,667,666,668,-1,667,668,669,-1,669,668,670,-1,669,670,671,-1,671,670,672,-1,671,672,673,-1,673,672,674,-1,673,674,675,-1,675,674,676,-1,675,676,677,-1,677,676,678,-1,677,678,679,-1,679,678,680,-1,679,680,681,-1,681,680,682,-1,681,682,683,-1,683,682,684,-1,683,684,685,-1,685,684,686,-1,685,686,687,-1,687,686,688,-1,687,688,689,-1,689,688,690,-1,689,690,691,-1,691,690,692,-1,691,692,693,-1,693,692,694,-1,693,694,695,-1,695,694,696,-1,695,696,697,-1,697,696,698,-1,697,698,699,-1,699,698,700,-1,699,700,701,-1,701,700,702,-1,701,702,703,-1,703,702,704,-1,703,704,705,-1,705,704,706,-1,705,706,707,-1,707,706,708,-1,707,708,709,-1,709,708,710,-1,709,710,711,-1,711,710,712,-1,711,712,713,-1,713,712,714,-1,713,714,715,-1,715,714,716,-1,715,716,717,-1,717,716,718,-1,717,718,719,-1,719,718,720,-1,719,720,721,-1,721,720,722,-1,721,722,723,-1,723,722,724,-1,723,724,725,-1,725,724,726,-1,725,726,727,-1,727,726,728,-1,727,728,729,-1,729,728,730,-1,729,730,731,-1,731,730,732,-1,731,732,733,-1,733,732,734,-1,733,734,735,-1,735,734,736,-1,735,736,737,-1,737,736,738,-1,737,738,739,-1,739,738,740,-1,739,740,741,-1,741,740,742,-1,741,742,743,-1,743,742,744,-1,743,744,745,-1,745,744,746,-1,745,746,747,-1,747,746,748,-1,747,748,749,-1,749,748,750,-1,749,750,751,-1,752,751,753,-1,753,751,750,-1,752,753,754,-1,752,754,755,-1,755,754,756,-1,755,756,757,-1,757,756,758,-1,757,758,759,-1,759,758,760,-1,759,760,761,-1,761,760,762,-1,761,762,763,-1,763,762,764,-1,763,764,765,-1,765,764,766,-1,765,766,767,-1,767,766,768,-1,767,768,769,-1,769,768,770,-1,769,770,771,-1,771,770,772,-1,771,772,773,-1,773,772,774,-1,773,774,775,-1,775,774,776,-1,775,776,777,-1,777,776,778,-1,777,778,779,-1,779,778,780,-1,779,780,781,-1,781,780,782,-1,781,782,783,-1,783,782,784,-1,783,784,785,-1,785,784,786,-1,785,786,787,-1,787,786,788,-1,787,788,789,-1,789,788,790,-1,789,790,791,-1,791,790,792,-1,791,792,793,-1,793,792,794,-1,793,794,795,-1,795,794,796,-1,795,796,797,-1,797,796,798,-1,797,798,799,-1,799,798,800,-1,799,800,801,-1,801,800,802,-1,801,802,803,-1,803,802,804,-1,803,804,805,-1,805,804,806,-1,805,806,807,-1,807,806,808,-1,807,808,809,-1,809,808,810,-1,809,810,811,-1,811,810,812,-1,811,812,813,-1,813,812,814,-1,813,814,815,-1,815,814,816,-1,815,816,817,-1,817,816,818,-1,817,818,819,-1,819,818,820,-1,819,820,821,-1,821,820,822,-1,821,822,823,-1,823,822,824,-1,823,824,825,-1,825,824,826,-1,825,826,827,-1,827,826,828,-1,827,828,829,-1,829,828,830,-1,829,830,831,-1,831,830,832,-1,831,832,833,-1,833,832,834,-1,833,834,835,-1,835,834,836,-1,835,836,837,-1,837,836,838,-1,837,838,839,-1,839,838,840,-1,839,840,841,-1,841,840,842,-1,841,842,843,-1,843,842,844,-1,843,844,845,-1,845,844,846,-1,845,846,847,-1,847,846,848,-1,847,848,849,-1,849,848,850,-1,849,850,851,-1,851,850,852,-1,851,852,853,-1,853,852,854,-1,853,854,855,-1,855,854,856,-1,855,856,857,-1,857,856,858,-1,857,858,859,-1,859,858,860,-1,859,860,861,-1,861,860,862,-1,861,862,863,-1,863,862,864,-1,863,864,865,-1,865,864,866,-1,865,866,867,-1,867,866,868,-1,867,868,869,-1,870,869,871,-1,871,869,868,-1,870,871,872,-1,870,872,873,-1,873,872,874,-1,873,874,875,-1,875,874,876,-1,875,876,877,-1,877,876,878,-1,877,878,879,-1,879,878,880,-1,879,880,881,-1,881,880,643,-1,881,643,642,-1,749,751,752,-1,783,721,723,-1,663,839,841,-1,845,657,843,-1,843,657,659,-1,843,659,841,-1,841,659,661,-1,841,661,663,-1,709,711,803,-1,725,779,723,-1,723,779,781,-1,723,781,783,-1,829,831,681,-1,713,799,711,-1,711,799,801,-1,711,801,803,-1,681,683,829,-1,829,683,685,-1,829,685,827,-1,663,665,839,-1,839,665,667,-1,839,667,837,-1,835,675,833,-1,833,675,677,-1,833,677,831,-1,831,677,679,-1,831,679,681,-1,667,669,837,-1,837,669,671,-1,837,671,835,-1,835,671,673,-1,835,673,675,-1,715,795,713,-1,713,795,797,-1,713,797,799,-1,783,785,721,-1,721,785,787,-1,721,787,719,-1,719,787,789,-1,719,789,717,-1,717,789,791,-1,717,791,715,-1,715,791,793,-1,715,793,795,-1,855,857,881,-1,881,857,879,-1,879,857,859,-1,879,859,877,-1,877,859,861,-1,877,861,875,-1,875,861,863,-1,875,863,873,-1,873,863,865,-1,873,865,870,-1,870,865,867,-1,870,867,869,-1,881,642,855,-1,855,642,645,-1,855,645,853,-1,853,645,647,-1,853,647,851,-1,851,647,649,-1,851,649,849,-1,849,649,651,-1,849,651,847,-1,847,651,653,-1,847,653,845,-1,845,653,655,-1,845,655,657,-1,749,752,747,-1,747,752,755,-1,747,755,745,-1,745,755,757,-1,745,757,743,-1,743,757,759,-1,743,759,741,-1,741,759,761,-1,741,761,739,-1,739,761,763,-1,739,763,737,-1,737,763,765,-1,737,765,735,-1,735,765,767,-1,735,767,733,-1,733,767,769,-1,733,769,731,-1,731,769,771,-1,731,771,729,-1,729,771,773,-1,729,773,727,-1,727,773,775,-1,727,775,725,-1,725,775,777,-1,725,777,779,-1,803,805,709,-1,709,805,807,-1,709,807,707,-1,707,807,809,-1,707,809,705,-1,705,809,811,-1,705,811,703,-1,703,811,813,-1,703,813,701,-1,701,813,815,-1,701,815,699,-1,699,815,817,-1,699,817,697,-1,697,817,819,-1,697,819,695,-1,695,819,821,-1,695,821,693,-1,693,821,823,-1,693,823,691,-1,691,823,825,-1,691,825,689,-1,689,825,827,-1,689,827,687,-1,687,827,685,-1,832,830,678,-1,802,710,708,-1,722,720,782,-1,678,830,680,-1,680,830,828,-1,680,828,682,-1,718,786,720,-1,720,786,784,-1,720,784,782,-1,838,662,840,-1,840,662,660,-1,840,660,842,-1,682,828,684,-1,684,828,826,-1,684,826,686,-1,802,800,710,-1,710,800,798,-1,710,798,712,-1,706,806,708,-1,708,806,804,-1,708,804,802,-1,660,658,842,-1,842,658,656,-1,842,656,844,-1,844,656,654,-1,844,654,846,-1,846,654,652,-1,846,652,848,-1,848,652,650,-1,848,650,850,-1,850,650,648,-1,850,648,852,-1,836,666,838,-1,838,666,664,-1,838,664,662,-1,686,826,688,-1,688,826,824,-1,688,824,690,-1,798,796,712,-1,712,796,794,-1,712,794,714,-1,714,794,792,-1,714,792,716,-1,716,792,790,-1,716,790,718,-1,718,790,788,-1,718,788,786,-1,834,670,836,-1,836,670,668,-1,836,668,666,-1,678,676,832,-1,832,676,674,-1,832,674,834,-1,834,674,672,-1,834,672,670,-1,648,646,852,-1,852,646,644,-1,852,644,854,-1,854,644,643,-1,854,643,856,-1,856,643,880,-1,856,880,858,-1,858,880,878,-1,858,878,860,-1,860,878,876,-1,860,876,862,-1,862,876,874,-1,862,874,864,-1,864,874,872,-1,864,872,866,-1,866,872,871,-1,866,871,868,-1,782,780,722,-1,722,780,778,-1,722,778,724,-1,724,778,776,-1,724,776,726,-1,726,776,774,-1,726,774,728,-1,728,774,772,-1,728,772,730,-1,730,772,770,-1,730,770,732,-1,732,770,768,-1,732,768,734,-1,734,768,766,-1,734,766,736,-1,736,766,764,-1,736,764,738,-1,738,764,762,-1,738,762,740,-1,740,762,760,-1,740,760,742,-1,742,760,758,-1,742,758,744,-1,744,758,756,-1,744,756,746,-1,746,756,754,-1,746,754,748,-1,748,754,753,-1,748,753,750,-1,690,824,692,-1,692,824,822,-1,692,822,694,-1,694,822,820,-1,694,820,696,-1,696,820,818,-1,696,818,698,-1,698,818,816,-1,698,816,700,-1,700,816,814,-1,700,814,702,-1,702,814,812,-1,702,812,704,-1,704,812,810,-1,704,810,706,-1,706,810,808,-1,706,808,806,-1,882,883,884,-1,882,884,885,-1,885,884,886,-1,885,886,887,-1,887,886,888,-1,887,888,889,-1,889,888,890,-1,889,890,891,-1,891,890,892,-1,891,892,893,-1,893,892,894,-1,893,894,895,-1,895,894,896,-1,895,896,897,-1,897,896,898,-1,897,898,899,-1,899,898,900,-1,899,900,901,-1,901,900,902,-1,901,902,903,-1,903,902,904,-1,903,904,905,-1,905,904,906,-1,905,906,907,-1,908,907,909,-1,909,907,906,-1,908,909,910,-1,908,910,911,-1,911,910,912,-1,911,912,913,-1,913,912,914,-1,913,914,915,-1,915,914,916,-1,915,916,917,-1,917,916,918,-1,917,918,919,-1,919,918,920,-1,919,920,921,-1,921,920,922,-1,921,922,923,-1,923,922,924,-1,923,924,925,-1,925,924,926,-1,925,926,927,-1,927,926,928,-1,927,928,929,-1,929,928,930,-1,929,930,931,-1,931,930,932,-1,931,932,933,-1,933,932,934,-1,933,934,935,-1,935,934,936,-1,935,936,937,-1,937,936,938,-1,937,938,939,-1,939,938,940,-1,939,940,941,-1,941,940,942,-1,941,942,943,-1,943,942,944,-1,943,944,945,-1,945,944,946,-1,945,946,947,-1,947,946,948,-1,947,948,949,-1,949,948,950,-1,949,950,951,-1,951,950,952,-1,951,952,953,-1,953,952,954,-1,953,954,955,-1,955,954,956,-1,955,956,957,-1,957,956,958,-1,957,958,959,-1,959,958,960,-1,959,960,961,-1,961,960,962,-1,961,962,963,-1,963,962,964,-1,963,964,965,-1,965,964,966,-1,965,966,967,-1,967,966,968,-1,967,968,969,-1,969,968,970,-1,969,970,971,-1,971,970,972,-1,971,972,973,-1,973,972,974,-1,973,974,975,-1,975,974,976,-1,975,976,977,-1,977,976,978,-1,977,978,979,-1,979,978,980,-1,979,980,981,-1,981,980,982,-1,981,982,983,-1,984,983,985,-1,985,983,982,-1,986,984,987,-1,987,984,985,-1,988,986,989,-1,989,986,987,-1,990,988,991,-1,991,988,989,-1,990,991,992,-1,990,992,993,-1,993,992,994,-1,993,994,995,-1,995,994,996,-1,995,996,997,-1,997,996,998,-1,997,998,999,-1,999,998,1000,-1,999,1000,1001,-1,1001,1000,1002,-1,1001,1002,1003,-1,1003,1002,1004,-1,1003,1004,1005,-1,1005,1004,1006,-1,1005,1006,1007,-1,1007,1006,1008,-1,1007,1008,1009,-1,1009,1008,1010,-1,1009,1010,1011,-1,1011,1010,1012,-1,1011,1012,1013,-1,1013,1012,1014,-1,1013,1014,1015,-1,1015,1014,1016,-1,1015,1016,1017,-1,1017,1016,1018,-1,1017,1018,1019,-1,1019,1018,1020,-1,1019,1020,1021,-1,1021,1020,1022,-1,1021,1022,1023,-1,1023,1022,1024,-1,1023,1024,1025,-1,1025,1024,1026,-1,1025,1026,1027,-1,1027,1026,1028,-1,1027,1028,1029,-1,1029,1028,1030,-1,1029,1030,1031,-1,1031,1030,1032,-1,1031,1032,1033,-1,1033,1032,1034,-1,1033,1034,1035,-1,1036,1035,1037,-1,1037,1035,1034,-1,1036,1037,1038,-1,1036,1038,1039,-1,1039,1038,1040,-1,1039,1040,1041,-1,1041,1040,1042,-1,1041,1042,1043,-1,1043,1042,1044,-1,1043,1044,1045,-1,1045,1044,1046,-1,1045,1046,1047,-1,1047,1046,1048,-1,1047,1048,1049,-1,1049,1048,1050,-1,1049,1050,1051,-1,1051,1050,883,-1,1051,883,882,-1,986,988,984,-1,984,988,990,-1,1052,983,1053,-1,1053,983,984,-1,1053,984,1054,-1,897,1005,1007,-1,1055,1056,907,-1,907,1056,1057,-1,897,1007,895,-1,1054,984,1058,-1,1058,984,990,-1,1058,990,1059,-1,1005,897,1003,-1,1003,897,899,-1,1003,899,1001,-1,1057,1060,907,-1,907,1060,1061,-1,907,1061,993,-1,947,1062,945,-1,945,1062,1063,-1,945,1063,943,-1,943,1063,1064,-1,1065,921,1066,-1,1066,921,923,-1,1066,923,1067,-1,1001,899,999,-1,999,899,901,-1,999,901,997,-1,997,901,903,-1,997,903,995,-1,1068,959,1069,-1,1069,959,961,-1,1069,961,1070,-1,923,925,1067,-1,1067,925,927,-1,1067,927,1071,-1,1071,927,929,-1,1071,929,1072,-1,1055,907,1073,-1,1073,907,908,-1,1073,908,911,-1,993,1061,990,-1,990,1061,1074,-1,990,1074,1059,-1,995,903,993,-1,993,903,905,-1,993,905,907,-1,947,949,1062,-1,1062,949,951,-1,1062,951,1075,-1,1075,951,953,-1,1075,953,1076,-1,1076,953,955,-1,1076,955,1068,-1,1068,955,957,-1,1068,957,959,-1,1077,939,1064,-1,1064,939,941,-1,1064,941,943,-1,911,913,1073,-1,1073,913,915,-1,1073,915,1078,-1,1078,915,917,-1,1078,917,1065,-1,1065,917,919,-1,1065,919,921,-1,929,931,1072,-1,1072,931,933,-1,1072,933,1079,-1,1079,933,935,-1,1079,935,1077,-1,1077,935,937,-1,1077,937,939,-1,1080,979,1081,-1,1081,979,981,-1,1081,981,1082,-1,1082,981,983,-1,1082,983,1083,-1,1083,983,1052,-1,1036,1039,1035,-1,1035,1039,1041,-1,1035,1041,1033,-1,1033,1041,1043,-1,1033,1043,1031,-1,1031,1043,1045,-1,1031,1045,1029,-1,1029,1045,1047,-1,1029,1047,1027,-1,1027,1047,1049,-1,1027,1049,1025,-1,1025,1049,1051,-1,1025,1051,1023,-1,1023,1051,882,-1,1023,882,1021,-1,1021,882,885,-1,1021,885,1019,-1,1019,885,887,-1,1019,887,1017,-1,1017,887,889,-1,1017,889,1015,-1,1015,889,891,-1,1015,891,1013,-1,1013,891,893,-1,1013,893,1011,-1,1011,893,895,-1,1011,895,1009,-1,1009,895,1007,-1,961,963,1070,-1,1070,963,965,-1,1070,965,1084,-1,1084,965,967,-1,1084,967,1085,-1,1085,967,969,-1,1085,969,1086,-1,1086,969,971,-1,1086,971,1087,-1,1087,971,973,-1,1087,973,1088,-1,1088,973,975,-1,1088,975,1080,-1,1080,975,977,-1,1080,977,979,-1,1038,1037,1034,-1,1089,1090,982,-1,982,1090,985,-1,985,1090,1091,-1,985,1091,1092,-1,1093,1094,946,-1,1008,1006,894,-1,894,1006,896,-1,1008,894,1010,-1,1010,894,892,-1,1010,892,1012,-1,1095,980,978,-1,1006,1004,896,-1,896,1004,1002,-1,896,1002,898,-1,898,1002,1000,-1,898,1000,900,-1,989,987,991,-1,991,987,985,-1,991,985,1096,-1,1096,985,1092,-1,1095,978,1097,-1,1097,978,976,-1,1097,976,1098,-1,1098,976,974,-1,1098,974,1099,-1,1099,974,972,-1,1099,972,1100,-1,946,1094,948,-1,980,1095,982,-1,982,1095,1101,-1,982,1101,1089,-1,946,944,1093,-1,1093,944,942,-1,1093,942,1102,-1,1103,992,1104,-1,1104,992,991,-1,1104,991,1105,-1,1105,991,1096,-1,972,970,1100,-1,1100,970,968,-1,1100,968,1106,-1,1106,968,966,-1,1106,966,1107,-1,1107,966,964,-1,1107,964,1108,-1,1108,964,962,-1,1108,962,1109,-1,1110,926,1111,-1,1111,926,924,-1,1111,924,1112,-1,962,960,1109,-1,1109,960,958,-1,1109,958,1113,-1,1113,958,956,-1,1113,956,1114,-1,1114,956,954,-1,1114,954,1115,-1,1115,954,952,-1,1115,952,1094,-1,1094,952,950,-1,1094,950,948,-1,1000,998,900,-1,900,998,996,-1,900,996,902,-1,902,996,994,-1,902,994,904,-1,904,994,992,-1,904,992,906,-1,906,992,1103,-1,906,1103,909,-1,942,940,1102,-1,1102,940,938,-1,1102,938,1116,-1,1116,938,936,-1,1116,936,1117,-1,1012,892,1014,-1,1014,892,890,-1,1014,890,1016,-1,1016,890,888,-1,1016,888,1018,-1,1018,888,886,-1,1018,886,1020,-1,924,922,1112,-1,1112,922,920,-1,1112,920,1118,-1,1118,920,918,-1,1118,918,1119,-1,1119,918,916,-1,1119,916,1120,-1,1120,916,914,-1,1120,914,1121,-1,1121,914,912,-1,1121,912,1122,-1,1122,912,910,-1,1122,910,1123,-1,1123,910,909,-1,1123,909,1124,-1,1124,909,1103,-1,936,934,1117,-1,1117,934,932,-1,1117,932,1125,-1,1125,932,930,-1,1125,930,1110,-1,1110,930,928,-1,1110,928,926,-1,886,884,1020,-1,1020,884,883,-1,1020,883,1022,-1,1022,883,1050,-1,1022,1050,1024,-1,1024,1050,1026,-1,1026,1050,1048,-1,1026,1048,1028,-1,1028,1048,1046,-1,1028,1046,1030,-1,1030,1046,1044,-1,1030,1044,1032,-1,1032,1044,1042,-1,1032,1042,1034,-1,1034,1042,1040,-1,1034,1040,1038,-1,1082,1101,1095,-1,1082,1095,1081,-1,1081,1095,1097,-1,1081,1097,1080,-1,1080,1097,1098,-1,1080,1098,1088,-1,1088,1098,1099,-1,1088,1099,1087,-1,1087,1099,1100,-1,1087,1100,1086,-1,1086,1100,1106,-1,1086,1106,1085,-1,1085,1106,1107,-1,1085,1107,1084,-1,1074,1104,1105,-1,1074,1105,1059,-1,1059,1105,1096,-1,1059,1096,1058,-1,1058,1096,1092,-1,1058,1092,1054,-1,1054,1092,1091,-1,1054,1091,1053,-1,1053,1091,1090,-1,1053,1090,1052,-1,1052,1090,1089,-1,1052,1089,1083,-1,1083,1089,1101,-1,1083,1101,1082,-1,1074,1061,1104,-1,1104,1061,1103,-1,1061,1060,1103,-1,1103,1060,1124,-1,1065,1118,1119,-1,1065,1119,1078,-1,1078,1119,1120,-1,1078,1120,1073,-1,1073,1120,1121,-1,1073,1121,1055,-1,1055,1121,1122,-1,1055,1122,1056,-1,1056,1122,1123,-1,1056,1123,1057,-1,1057,1123,1124,-1,1057,1124,1060,-1,1079,1117,1125,-1,1079,1125,1072,-1,1072,1125,1110,-1,1072,1110,1071,-1,1071,1110,1111,-1,1071,1111,1067,-1,1067,1111,1112,-1,1067,1112,1066,-1,1066,1112,1118,-1,1066,1118,1065,-1,1075,1115,1094,-1,1075,1094,1062,-1,1062,1094,1093,-1,1062,1093,1063,-1,1063,1093,1102,-1,1063,1102,1064,-1,1064,1102,1116,-1,1064,1116,1077,-1,1077,1116,1117,-1,1077,1117,1079,-1,1084,1107,1108,-1,1084,1108,1070,-1,1070,1108,1109,-1,1070,1109,1069,-1,1069,1109,1113,-1,1069,1113,1068,-1,1068,1113,1114,-1,1068,1114,1076,-1,1076,1114,1115,-1,1076,1115,1075,-1,1126,1127,1128,-1,1126,1128,1129,-1,1129,1128,1130,-1,1129,1130,1131,-1,1131,1130,1132,-1,1131,1132,1133,-1,1133,1132,1134,-1,1133,1134,1135,-1,1135,1134,1136,-1,1135,1136,1137,-1,1137,1136,1138,-1,1137,1138,1139,-1,1139,1138,1140,-1,1139,1140,1141,-1,1141,1140,1142,-1,1141,1142,1143,-1,1143,1142,1144,-1,1143,1144,1145,-1,1145,1144,1146,-1,1145,1146,1147,-1,1147,1146,1148,-1,1147,1148,1149,-1,1149,1148,1150,-1,1149,1150,1151,-1,1151,1150,1152,-1,1151,1152,1153,-1,1153,1152,1154,-1,1153,1154,1155,-1,1155,1154,1156,-1,1155,1156,1157,-1,1157,1156,1158,-1,1157,1158,1159,-1,1159,1158,1160,-1,1159,1160,1161,-1,1161,1160,1162,-1,1161,1162,1163,-1,1163,1162,1164,-1,1163,1164,1165,-1,1165,1164,1166,-1,1165,1166,1167,-1,1167,1166,1168,-1,1167,1168,1169,-1,1169,1168,1170,-1,1169,1170,1171,-1,1171,1170,1172,-1,1171,1172,1173,-1,1173,1172,1174,-1,1173,1174,1175,-1,1175,1174,1176,-1,1175,1176,1177,-1,1177,1176,1178,-1,1177,1178,1179,-1,1179,1178,1180,-1,1179,1180,1181,-1,1182,1181,1183,-1,1183,1181,1180,-1,1184,1182,1185,-1,1185,1182,1183,-1,1186,1184,1187,-1,1187,1184,1185,-1,1186,1187,1188,-1,1186,1188,1189,-1,1189,1188,1190,-1,1189,1190,1191,-1,1191,1190,1192,-1,1191,1192,1193,-1,1193,1192,1194,-1,1193,1194,1195,-1,1195,1194,1196,-1,1195,1196,1197,-1,1197,1196,1198,-1,1197,1198,1199,-1,1199,1198,1200,-1,1199,1200,1201,-1,1201,1200,1202,-1,1201,1202,1203,-1,1203,1202,1127,-1,1203,1127,1126,-1,1204,1163,1205,-1,1205,1163,1165,-1,1205,1165,1206,-1,1207,1199,1208,-1,1208,1199,1201,-1,1208,1201,1209,-1,1209,1201,1203,-1,1209,1203,1210,-1,1210,1203,1126,-1,1210,1126,1211,-1,1211,1126,1129,-1,1211,1129,1212,-1,1212,1129,1131,-1,1212,1131,1213,-1,1213,1131,1133,-1,1213,1133,1214,-1,1214,1133,1135,-1,1214,1135,1215,-1,1216,1151,1217,-1,1217,1151,1153,-1,1217,1153,1218,-1,1218,1153,1155,-1,1218,1155,1219,-1,1219,1155,1157,-1,1219,1157,1220,-1,1220,1157,1159,-1,1220,1159,1204,-1,1204,1159,1161,-1,1204,1161,1163,-1,1165,1167,1206,-1,1206,1167,1169,-1,1206,1169,1221,-1,1221,1169,1171,-1,1221,1171,1222,-1,1222,1171,1173,-1,1222,1173,1223,-1,1223,1173,1175,-1,1223,1175,1224,-1,1224,1175,1177,-1,1224,1177,1225,-1,1225,1177,1179,-1,1225,1179,1226,-1,1226,1179,1181,-1,1226,1181,1227,-1,1227,1181,1182,-1,1227,1182,1228,-1,1228,1182,1184,-1,1228,1184,1229,-1,1229,1184,1186,-1,1229,1186,1230,-1,1230,1186,1189,-1,1230,1189,1231,-1,1231,1189,1191,-1,1231,1191,1232,-1,1232,1191,1193,-1,1232,1193,1233,-1,1233,1193,1195,-1,1233,1195,1207,-1,1207,1195,1197,-1,1207,1197,1199,-1,1135,1137,1215,-1,1215,1137,1139,-1,1215,1139,1234,-1,1234,1139,1141,-1,1234,1141,1235,-1,1235,1141,1143,-1,1235,1143,1236,-1,1236,1143,1145,-1,1236,1145,1237,-1,1237,1145,1147,-1,1237,1147,1216,-1,1216,1147,1149,-1,1216,1149,1151,-1,1238,1239,1202,-1,1240,1168,1241,-1,1241,1168,1166,-1,1241,1166,1242,-1,1202,1239,1127,-1,1166,1164,1242,-1,1242,1164,1162,-1,1242,1162,1243,-1,1243,1162,1160,-1,1243,1160,1244,-1,1244,1160,1158,-1,1244,1158,1245,-1,1245,1158,1156,-1,1245,1156,1246,-1,1246,1156,1154,-1,1246,1154,1247,-1,1239,1248,1127,-1,1127,1248,1249,-1,1127,1249,1128,-1,1128,1249,1250,-1,1251,1138,1252,-1,1252,1138,1136,-1,1252,1136,1253,-1,1253,1136,1134,-1,1253,1134,1254,-1,1254,1134,1132,-1,1254,1132,1250,-1,1250,1132,1130,-1,1250,1130,1128,-1,1202,1200,1238,-1,1238,1200,1198,-1,1238,1198,1255,-1,1255,1198,1196,-1,1255,1196,1256,-1,1256,1196,1194,-1,1256,1194,1257,-1,1257,1194,1192,-1,1257,1192,1258,-1,1258,1192,1190,-1,1258,1190,1259,-1,1259,1190,1188,-1,1259,1188,1260,-1,1260,1188,1187,-1,1260,1187,1261,-1,1261,1187,1185,-1,1261,1185,1262,-1,1262,1185,1183,-1,1262,1183,1263,-1,1263,1183,1180,-1,1263,1180,1264,-1,1264,1180,1178,-1,1264,1178,1265,-1,1265,1178,1176,-1,1265,1176,1266,-1,1266,1176,1174,-1,1266,1174,1267,-1,1267,1174,1172,-1,1267,1172,1240,-1,1240,1172,1170,-1,1240,1170,1168,-1,1154,1152,1247,-1,1247,1152,1150,-1,1247,1150,1268,-1,1268,1150,1148,-1,1268,1148,1269,-1,1269,1148,1146,-1,1269,1146,1270,-1,1270,1146,1144,-1,1270,1144,1271,-1,1271,1144,1142,-1,1271,1142,1251,-1,1251,1142,1140,-1,1251,1140,1138,-1,1205,1242,1243,-1,1205,1243,1204,-1,1204,1243,1244,-1,1204,1244,1220,-1,1220,1244,1245,-1,1220,1245,1219,-1,1219,1245,1246,-1,1219,1246,1218,-1,1218,1246,1247,-1,1218,1247,1217,-1,1217,1247,1268,-1,1217,1268,1216,-1,1216,1268,1269,-1,1216,1269,1237,-1,1237,1269,1270,-1,1237,1270,1236,-1,1226,1263,1264,-1,1226,1264,1225,-1,1225,1264,1265,-1,1225,1265,1224,-1,1224,1265,1266,-1,1224,1266,1223,-1,1223,1266,1267,-1,1223,1267,1222,-1,1222,1267,1240,-1,1222,1240,1221,-1,1221,1240,1241,-1,1221,1241,1206,-1,1206,1241,1242,-1,1206,1242,1205,-1,1226,1227,1263,-1,1263,1227,1262,-1,1227,1228,1262,-1,1262,1228,1261,-1,1228,1229,1261,-1,1261,1229,1260,-1,1210,1248,1239,-1,1210,1239,1209,-1,1209,1239,1238,-1,1209,1238,1208,-1,1208,1238,1255,-1,1208,1255,1207,-1,1207,1255,1256,-1,1207,1256,1233,-1,1233,1256,1257,-1,1233,1257,1232,-1,1232,1257,1258,-1,1232,1258,1231,-1,1231,1258,1259,-1,1231,1259,1230,-1,1230,1259,1260,-1,1230,1260,1229,-1,1236,1270,1271,-1,1236,1271,1235,-1,1235,1271,1251,-1,1235,1251,1234,-1,1234,1251,1252,-1,1234,1252,1215,-1,1215,1252,1253,-1,1215,1253,1214,-1,1214,1253,1254,-1,1214,1254,1213,-1,1213,1254,1250,-1,1213,1250,1212,-1,1212,1250,1249,-1,1212,1249,1211,-1,1211,1249,1248,-1,1211,1248,1210,-1,1272,1273,1274,-1,1272,1274,1275,-1,1275,1274,1276,-1,1275,1276,1277,-1,1277,1276,1278,-1,1277,1278,1279,-1,1279,1278,1280,-1,1279,1280,1281,-1,1281,1280,1282,-1,1281,1282,1283,-1,1283,1282,1284,-1,1283,1284,1285,-1,1285,1284,1286,-1,1285,1286,1287,-1,1287,1286,1288,-1,1287,1288,1289,-1,1289,1288,1290,-1,1289,1290,1291,-1,1291,1290,1292,-1,1291,1292,1293,-1,1293,1292,1294,-1,1293,1294,1295,-1,1295,1294,1296,-1,1295,1296,1297,-1,1297,1296,1298,-1,1297,1298,1299,-1,1299,1298,1300,-1,1299,1300,1301,-1,1301,1300,1302,-1,1301,1302,1303,-1,1303,1302,1304,-1,1303,1304,1305,-1,1305,1304,1306,-1,1305,1306,1307,-1,1307,1306,1308,-1,1307,1308,1309,-1,1309,1308,1310,-1,1309,1310,1311,-1,1311,1310,1312,-1,1311,1312,1313,-1,1313,1312,1314,-1,1313,1314,1315,-1,1315,1314,1316,-1,1315,1316,1317,-1,1317,1316,1318,-1,1317,1318,1319,-1,1319,1318,1320,-1,1319,1320,1321,-1,1321,1320,1322,-1,1321,1322,1323,-1,1323,1322,1324,-1,1323,1324,1325,-1,1325,1324,1326,-1,1325,1326,1327,-1,1327,1326,1328,-1,1327,1328,1329,-1,1329,1328,1330,-1,1329,1330,1331,-1,1331,1330,1332,-1,1331,1332,1333,-1,1333,1332,1334,-1,1333,1334,1335,-1,1335,1334,1336,-1,1335,1336,1337,-1,1337,1336,1338,-1,1337,1338,1339,-1,1339,1338,1340,-1,1339,1340,1341,-1,1341,1340,1342,-1,1341,1342,1343,-1,1343,1342,1344,-1,1343,1344,1345,-1,1345,1344,1346,-1,1345,1346,1347,-1,1347,1346,1348,-1,1347,1348,1349,-1,1350,1349,1351,-1,1351,1349,1348,-1,1350,1351,1352,-1,1350,1352,1353,-1,1353,1352,1354,-1,1353,1354,1355,-1,1355,1354,1356,-1,1355,1356,1357,-1,1357,1356,1358,-1,1357,1358,1359,-1,1359,1358,1360,-1,1359,1360,1361,-1,1361,1360,1362,-1,1361,1362,1363,-1,1363,1362,1364,-1,1363,1364,1365,-1,1365,1364,1366,-1,1365,1366,1367,-1,1367,1366,1368,-1,1367,1368,1369,-1,1369,1368,1370,-1,1369,1370,1371,-1,1371,1370,1372,-1,1371,1372,1373,-1,1373,1372,1374,-1,1373,1374,1375,-1,1375,1374,1376,-1,1375,1376,1377,-1,1377,1376,1378,-1,1377,1378,1379,-1,1379,1378,1380,-1,1379,1380,1381,-1,1381,1380,1382,-1,1381,1382,1383,-1,1383,1382,1384,-1,1383,1384,1385,-1,1385,1384,1386,-1,1385,1386,1387,-1,1387,1386,1388,-1,1387,1388,1389,-1,1389,1388,1390,-1,1389,1390,1391,-1,1391,1390,1392,-1,1391,1392,1393,-1,1393,1392,1394,-1,1393,1394,1395,-1,1395,1394,1396,-1,1395,1396,1397,-1,1397,1396,1398,-1,1397,1398,1399,-1,1399,1398,1400,-1,1399,1400,1401,-1,1401,1400,1402,-1,1401,1402,1403,-1,1403,1402,1404,-1,1403,1404,1405,-1,1405,1404,1406,-1,1405,1406,1407,-1,1407,1406,1408,-1,1407,1408,1409,-1,1409,1408,1410,-1,1409,1410,1411,-1,1411,1410,1412,-1,1411,1412,1413,-1,1413,1412,1414,-1,1413,1414,1415,-1,1415,1414,1416,-1,1415,1416,1417,-1,1417,1416,1418,-1,1417,1418,1419,-1,1419,1418,1420,-1,1419,1420,1421,-1,1421,1420,1422,-1,1421,1422,1423,-1,1423,1422,1424,-1,1423,1424,1425,-1,1425,1424,1426,-1,1425,1426,1427,-1,1427,1426,1428,-1,1427,1428,1429,-1,1429,1428,1430,-1,1429,1430,1431,-1,1431,1430,1432,-1,1431,1432,1433,-1,1433,1432,1434,-1,1433,1434,1435,-1,1435,1434,1436,-1,1435,1436,1437,-1,1437,1436,1438,-1,1437,1438,1439,-1,1439,1438,1440,-1,1439,1440,1441,-1,1441,1440,1442,-1,1441,1442,1443,-1,1443,1442,1444,-1,1443,1444,1445,-1,1446,1445,1447,-1,1447,1445,1444,-1,1446,1447,1448,-1,1446,1448,1449,-1,1449,1448,1450,-1,1449,1450,1451,-1,1451,1450,1452,-1,1451,1452,1453,-1,1453,1452,1454,-1,1453,1454,1455,-1,1455,1454,1456,-1,1455,1456,1457,-1,1457,1456,1273,-1,1457,1273,1272,-1,1347,1349,1350,-1,1333,1365,1367,-1,1347,1350,1345,-1,1297,1409,1295,-1,1295,1409,1411,-1,1295,1411,1293,-1,1293,1411,1413,-1,1293,1413,1291,-1,1291,1413,1415,-1,1291,1415,1289,-1,1289,1415,1417,-1,1289,1417,1287,-1,1287,1417,1419,-1,1287,1419,1285,-1,1333,1367,1331,-1,1331,1367,1369,-1,1331,1369,1329,-1,1329,1369,1371,-1,1329,1371,1327,-1,1327,1371,1373,-1,1327,1373,1325,-1,1325,1373,1375,-1,1325,1375,1323,-1,1323,1375,1377,-1,1323,1377,1321,-1,1321,1377,1379,-1,1321,1379,1319,-1,1319,1379,1381,-1,1319,1381,1317,-1,1365,1333,1363,-1,1363,1333,1335,-1,1363,1335,1361,-1,1419,1421,1285,-1,1285,1421,1423,-1,1285,1423,1283,-1,1283,1423,1425,-1,1283,1425,1281,-1,1281,1425,1427,-1,1281,1427,1279,-1,1279,1427,1429,-1,1279,1429,1277,-1,1277,1429,1431,-1,1277,1431,1275,-1,1275,1431,1433,-1,1275,1433,1272,-1,1272,1433,1435,-1,1272,1435,1457,-1,1457,1435,1437,-1,1457,1437,1455,-1,1455,1437,1439,-1,1455,1439,1453,-1,1453,1439,1441,-1,1453,1441,1451,-1,1451,1441,1443,-1,1451,1443,1449,-1,1449,1443,1445,-1,1449,1445,1446,-1,1350,1353,1345,-1,1345,1353,1355,-1,1345,1355,1343,-1,1343,1355,1357,-1,1343,1357,1341,-1,1341,1357,1359,-1,1341,1359,1339,-1,1339,1359,1361,-1,1339,1361,1337,-1,1337,1361,1335,-1,1381,1383,1317,-1,1317,1383,1385,-1,1317,1385,1315,-1,1315,1385,1387,-1,1315,1387,1313,-1,1313,1387,1389,-1,1313,1389,1311,-1,1311,1389,1391,-1,1311,1391,1309,-1,1309,1391,1393,-1,1309,1393,1307,-1,1307,1393,1395,-1,1307,1395,1305,-1,1395,1397,1305,-1,1305,1397,1399,-1,1305,1399,1303,-1,1303,1399,1401,-1,1303,1401,1301,-1,1301,1401,1403,-1,1301,1403,1299,-1,1299,1403,1405,-1,1299,1405,1297,-1,1297,1405,1407,-1,1297,1407,1409,-1,1448,1447,1444,-1,1282,1424,1422,-1,1351,1348,1346,-1,1282,1422,1284,-1,1284,1422,1420,-1,1284,1420,1286,-1,1286,1420,1418,-1,1286,1418,1288,-1,1288,1418,1416,-1,1288,1416,1290,-1,1290,1416,1414,-1,1290,1414,1292,-1,1292,1414,1412,-1,1292,1412,1294,-1,1448,1444,1450,-1,1450,1444,1442,-1,1450,1442,1452,-1,1452,1442,1440,-1,1452,1440,1454,-1,1454,1440,1438,-1,1454,1438,1456,-1,1351,1346,1352,-1,1352,1346,1344,-1,1352,1344,1354,-1,1354,1344,1342,-1,1354,1342,1356,-1,1424,1282,1426,-1,1426,1282,1280,-1,1426,1280,1428,-1,1428,1280,1278,-1,1428,1278,1430,-1,1430,1278,1276,-1,1430,1276,1432,-1,1356,1342,1358,-1,1358,1342,1340,-1,1358,1340,1360,-1,1314,1384,1316,-1,1316,1384,1382,-1,1316,1382,1318,-1,1318,1382,1380,-1,1318,1380,1320,-1,1320,1380,1378,-1,1320,1378,1322,-1,1322,1378,1376,-1,1322,1376,1324,-1,1324,1376,1374,-1,1324,1374,1326,-1,1326,1374,1372,-1,1326,1372,1328,-1,1328,1372,1370,-1,1328,1370,1330,-1,1276,1274,1432,-1,1432,1274,1273,-1,1432,1273,1434,-1,1434,1273,1456,-1,1434,1456,1436,-1,1436,1456,1438,-1,1370,1368,1330,-1,1330,1368,1366,-1,1330,1366,1332,-1,1332,1366,1364,-1,1332,1364,1334,-1,1334,1364,1362,-1,1334,1362,1336,-1,1336,1362,1360,-1,1336,1360,1338,-1,1338,1360,1340,-1,1412,1410,1294,-1,1294,1410,1408,-1,1294,1408,1296,-1,1296,1408,1406,-1,1296,1406,1298,-1,1298,1406,1404,-1,1298,1404,1300,-1,1300,1404,1402,-1,1300,1402,1302,-1,1402,1400,1302,-1,1302,1400,1398,-1,1302,1398,1304,-1,1304,1398,1396,-1,1304,1396,1306,-1,1306,1396,1394,-1,1306,1394,1308,-1,1308,1394,1392,-1,1308,1392,1310,-1,1310,1392,1390,-1,1310,1390,1312,-1,1312,1390,1388,-1,1312,1388,1314,-1,1314,1388,1386,-1,1314,1386,1384,-1,1458,1459,1460,-1,1460,1459,1461,-1,1462,1458,1463,-1,1463,1458,1460,-1,1464,1462,1465,-1,1465,1462,1463,-1,1466,1464,1467,-1,1467,1464,1465,-1,1468,1466,1469,-1,1469,1466,1467,-1,1470,1468,1471,-1,1471,1468,1469,-1,1472,1470,1473,-1,1473,1470,1471,-1,1459,1472,1461,-1,1461,1472,1473,-1,1474,1475,1458,-1,1462,1464,1466,-1,1475,1476,1458,-1,1458,1476,1477,-1,1458,1477,1459,-1,1459,1477,1478,-1,1459,1478,1479,-1,1479,1480,1459,-1,1459,1480,1481,-1,1459,1481,1472,-1,1470,1472,1468,-1,1468,1472,1481,-1,1468,1481,1466,-1,1466,1481,1474,-1,1466,1474,1462,-1,1462,1474,1458,-1,1467,1482,1469,-1,1469,1482,1483,-1,1484,1461,1483,-1,1483,1461,1473,-1,1483,1473,1469,-1,1469,1473,1471,-1,1484,1485,1461,-1,1461,1485,1486,-1,1461,1486,1460,-1,1460,1486,1487,-1,1460,1487,1488,-1,1488,1489,1460,-1,1460,1489,1482,-1,1460,1482,1463,-1,1463,1482,1467,-1,1463,1467,1465,-1,1475,1489,1488,-1,1475,1488,1476,-1,1476,1488,1487,-1,1476,1487,1477,-1,1475,1474,1489,-1,1489,1474,1482,-1,1474,1481,1482,-1,1482,1481,1483,-1,1481,1480,1483,-1,1483,1480,1484,-1,1478,1486,1485,-1,1478,1485,1479,-1,1479,1485,1484,-1,1479,1484,1480,-1,1478,1477,1486,-1,1486,1477,1487,-1,1490,1491,1492,-1,1492,1491,1493,-1,1494,1490,1495,-1,1495,1490,1492,-1,1496,1494,1497,-1,1497,1494,1495,-1,1498,1496,1499,-1,1499,1496,1497,-1,1500,1498,1501,-1,1501,1498,1499,-1,1502,1500,1503,-1,1503,1500,1501,-1,1504,1502,1505,-1,1505,1502,1503,-1,1506,1504,1507,-1,1507,1504,1505,-1,1508,1506,1509,-1,1509,1506,1507,-1,1510,1508,1511,-1,1511,1508,1509,-1,1512,1510,1513,-1,1513,1510,1511,-1,1491,1512,1493,-1,1493,1512,1513,-1,1510,1512,1491,-1,1491,1490,1510,-1,1510,1490,1494,-1,1510,1494,1508,-1,1504,1506,1502,-1,1502,1506,1508,-1,1502,1508,1500,-1,1500,1508,1494,-1,1500,1494,1498,-1,1498,1494,1496,-1,1509,1507,1505,-1,1505,1503,1509,-1,1509,1503,1501,-1,1509,1501,1511,-1,1493,1513,1492,-1,1492,1513,1511,-1,1492,1511,1495,-1,1495,1511,1501,-1,1495,1501,1497,-1,1497,1501,1499,-1,1514,1515,1516,-1,1516,1515,1517,-1,1518,1514,1519,-1,1519,1514,1516,-1,1520,1518,1521,-1,1521,1518,1519,-1,1522,1520,1523,-1,1523,1520,1521,-1,1524,1522,1525,-1,1525,1522,1523,-1,1526,1524,1527,-1,1527,1524,1525,-1,1528,1526,1529,-1,1529,1526,1527,-1,1530,1528,1531,-1,1531,1528,1529,-1,1532,1530,1533,-1,1533,1530,1531,-1,1534,1532,1535,-1,1535,1532,1533,-1,1536,1534,1537,-1,1537,1534,1535,-1,1515,1536,1517,-1,1517,1536,1537,-1,1534,1536,1515,-1,1515,1514,1534,-1,1534,1514,1518,-1,1534,1518,1532,-1,1528,1530,1526,-1,1526,1530,1532,-1,1526,1532,1524,-1,1524,1532,1518,-1,1524,1518,1522,-1,1522,1518,1520,-1,1533,1531,1529,-1,1529,1527,1533,-1,1533,1527,1525,-1,1533,1525,1535,-1,1517,1537,1516,-1,1516,1537,1535,-1,1516,1535,1519,-1,1519,1535,1525,-1,1519,1525,1521,-1,1521,1525,1523,-1,1538,1539,1540,-1,1540,1539,1541,-1,1542,1538,1543,-1,1543,1538,1540,-1,1544,1542,1545,-1,1545,1542,1543,-1,1546,1544,1547,-1,1547,1544,1545,-1,1548,1546,1549,-1,1549,1546,1547,-1,1550,1548,1551,-1,1551,1548,1549,-1,1552,1550,1553,-1,1553,1550,1551,-1,1539,1552,1541,-1,1541,1552,1553,-1,1554,1555,1538,-1,1542,1544,1546,-1,1555,1556,1538,-1,1538,1556,1557,-1,1538,1557,1539,-1,1539,1557,1558,-1,1539,1558,1559,-1,1559,1560,1539,-1,1539,1560,1561,-1,1539,1561,1552,-1,1550,1552,1548,-1,1548,1552,1561,-1,1548,1561,1546,-1,1546,1561,1554,-1,1546,1554,1542,-1,1542,1554,1538,-1,1547,1562,1549,-1,1549,1562,1563,-1,1564,1541,1563,-1,1563,1541,1553,-1,1563,1553,1549,-1,1549,1553,1551,-1,1564,1565,1541,-1,1541,1565,1566,-1,1541,1566,1540,-1,1540,1566,1567,-1,1540,1567,1568,-1,1568,1569,1540,-1,1540,1569,1562,-1,1540,1562,1543,-1,1543,1562,1547,-1,1543,1547,1545,-1,1555,1569,1568,-1,1555,1568,1556,-1,1556,1568,1567,-1,1556,1567,1557,-1,1555,1554,1569,-1,1569,1554,1562,-1,1554,1561,1562,-1,1562,1561,1563,-1,1561,1560,1563,-1,1563,1560,1564,-1,1558,1566,1565,-1,1558,1565,1559,-1,1559,1565,1564,-1,1559,1564,1560,-1,1558,1557,1566,-1,1566,1557,1567,-1,1570,1571,1572,-1,1572,1571,1573,-1,1574,1570,1575,-1,1575,1570,1572,-1,1576,1574,1577,-1,1577,1574,1575,-1,1578,1576,1579,-1,1579,1576,1577,-1,1580,1578,1581,-1,1581,1578,1579,-1,1582,1580,1583,-1,1583,1580,1581,-1,1584,1582,1585,-1,1585,1582,1583,-1,1586,1584,1587,-1,1587,1584,1585,-1,1588,1586,1589,-1,1589,1586,1587,-1,1590,1588,1591,-1,1591,1588,1589,-1,1592,1590,1593,-1,1593,1590,1591,-1,1571,1592,1573,-1,1573,1592,1593,-1,1590,1592,1571,-1,1571,1570,1590,-1,1590,1570,1574,-1,1590,1574,1588,-1,1584,1586,1582,-1,1582,1586,1588,-1,1582,1588,1580,-1,1580,1588,1574,-1,1580,1574,1578,-1,1578,1574,1576,-1,1589,1587,1585,-1,1585,1583,1589,-1,1589,1583,1581,-1,1589,1581,1591,-1,1573,1593,1572,-1,1572,1593,1591,-1,1572,1591,1575,-1,1575,1591,1581,-1,1575,1581,1577,-1,1577,1581,1579,-1,1594,1595,1596,-1,1596,1595,1597,-1,1598,1594,1599,-1,1599,1594,1596,-1,1600,1598,1601,-1,1601,1598,1599,-1,1602,1600,1603,-1,1603,1600,1601,-1,1604,1602,1605,-1,1605,1602,1603,-1,1595,1604,1597,-1,1597,1604,1605,-1,1598,1600,1594,-1,1594,1600,1602,-1,1594,1602,1595,-1,1595,1602,1604,-1,1597,1605,1596,-1,1596,1605,1603,-1,1596,1603,1599,-1,1599,1603,1601,-1,
        ]
    }
}
Shape{
    appearance Appearance {
        material  Material 	{
            diffuseColor 0.7529411764705882 0.7529411764705882 0.7529411764705882
            specularColor 0.3764705882352941 0.3764705882352941 0.3764705882352941
            ambientIntensity 0.7529
            transparency 0.0
            shininess 0.5
        }
    }
    geometry IndexedFaceSet {
        ccw TRUE
        solid FALSE
        coord DEF co Coordinate {
            point [
                -0.651 -0.1377 0.4921, -0.6496 -0.1392 0.4882, -0.651 0.135 0.4921, -0.6496 0.1364 0.4882, -0.6854 0.135 0.4921, -0.6868 0.1364 0.4882, -0.6854 -0.1377 0.4921, -0.6868 -0.1392 0.4882, 0.6854 -0.1377 0.4921, 0.6868 -0.1392 0.4882, 0.6854 0.135 0.4921, 0.6868 0.1364 0.4882, 0.651 0.135 0.4921, 0.6496 0.1364 0.4882, 0.651 -0.1377 0.4921, 0.6496 -0.1392 0.4882
            ]
        }
        coordIndex [
            0,1,2,-1,2,1,3,-1,2,3,4,-1,4,3,5,-1,4,5,6,-1,6,5,7,-1,6,7,0,-1,0,7,1,-1,7,5,1,-1,1,5,3,-1,6,0,4,-1,4,0,2,-1,8,9,10,-1,10,9,11,-1,10,11,12,-1,12,11,13,-1,12,13,14,-1,14,13,15,-1,14,15,8,-1,8,15,9,-1,15,13,9,-1,9,13,11,-1,14,8,12,-1,12,8,10,-1,
        ]
    }
}